ISO-10303-21;
HEADER;
FILE_DESCRIPTION(('FreeCAD Model'),'2;1');
FILE_NAME('Open CASCADE Shape Model','1974-01-01T00:00:00',(''),(''),
  'Open CASCADE STEP processor 7.7','FreeCAD','Unknown');
FILE_SCHEMA(('AUTOMOTIVE_DESIGN { 1 0 10303 214 1 1 1 1 }'));
ENDSEC;
DATA;
#1 = APPLICATION_PROTOCOL_DEFINITION('international standard',
  'automotive_design',2000,#2);
#2 = APPLICATION_CONTEXT(
  'core data for automotive mechanical design processes');
#3 = SHAPE_DEFINITION_REPRESENTATION(#4,#10);
#4 = PRODUCT_DEFINITION_SHAPE('','',#5);
#5 = PRODUCT_DEFINITION('design','',#6,#9);
#6 = PRODUCT_DEFINITION_FORMATION('','',#7);
#7 = PRODUCT('k1_flyminipad_back_step','k1_flyminipad_back_step','',(#8)
  );
#8 = PRODUCT_CONTEXT('',#2,'mechanical');
#9 = PRODUCT_DEFINITION_CONTEXT('part definition',#2,'design');
#10 = ADVANCED_BREP_SHAPE_REPRESENTATION('',(#11,#15),#8010);
#11 = AXIS2_PLACEMENT_3D('',#12,#13,#14);
#12 = CARTESIAN_POINT('',(0.,0.,0.));
#13 = DIRECTION('',(0.,0.,1.));
#14 = DIRECTION('',(1.,0.,-0.));
#15 = BREP_WITH_VOIDS('',#16,(#7672));
#16 = CLOSED_SHELL('',(#17,#81,#136,#175,#214,#261,#308,#363,#667,#685,
    #703,#734,#778,#803,#946,#1208,#1233,#1266,#1375,#1425,#1450,#1508,
    #1533,#1566,#1599,#1700,#1894,#1991,#2045,#2069,#2104,#2126,#2173,
    #2223,#2263,#2298,#2323,#2340,#2354,#2401,#2459,#2499,#2534,#2558,
    #2581,#2637,#2654,#2684,#2737,#2781,#2805,#2883,#2971,#3025,#3050,
    #3083,#3116,#3168,#3185,#3210,#3234,#3267,#3329,#3354,#3386,#3412,
    #3429,#3446,#3489,#3531,#3559,#3620,#3630,#3656,#3680,#3705,#3729,
    #3770,#3803,#3819,#3836,#3853,#3865,#3918,#4005,#4330,#4403,#4421,
    #4455,#4497,#4519,#4558,#4569,#4600,#4625,#4649,#4674,#4698,#4723,
    #4747,#4765,#4784,#4820,#4834,#4845,#4877,#4898,#4923,#4948,#4998,
    #5015,#5032,#5044,#5061,#5073,#5093,#5117,#5142,#5193,#5210,#5227,
    #5240,#5257,#5269,#5289,#5301,#5313,#5347,#5381,#5401,#5421,#5456,
    #5476,#5511,#5734,#5756,#5781,#5793,#5805,#5825,#5843,#5855,#5875,
    #5904,#5931,#5950,#5968,#5985,#6002,#6035,#6052,#6094,#6122,#6527,
    #6782,#6800,#6820,#6832,#6918,#6935,#6952,#6969,#6986,#7011,#7023,
    #7045,#7062,#7079,#7096,#7113,#7130,#7147,#7159,#7192,#7286,#7311,
    #7336,#7353,#7557,#7582,#7591,#7600,#7609,#7618,#7639,#7656));
#17 = ADVANCED_FACE('',(#18),#76,.T.);
#18 = FACE_BOUND('',#19,.T.);
#19 = EDGE_LOOP('',(#20,#31,#42,#50,#61,#70));
#20 = ORIENTED_EDGE('',*,*,#21,.F.);
#21 = EDGE_CURVE('',#22,#24,#26,.T.);
#22 = VERTEX_POINT('',#23);
#23 = CARTESIAN_POINT('',(1.230399493639,37.046750519067,-13.49879839801
    ));
#24 = VERTEX_POINT('',#25);
#25 = CARTESIAN_POINT('',(4.064178228437,31.779408708349,-15.79267718878
    ));
#26 = ELLIPSE('',#27,6.729880736662,4.);
#27 = AXIS2_PLACEMENT_3D('',#28,#29,#30);
#28 = CARTESIAN_POINT('',(8.609064696375E-02,31.134449980636,
    -16.07355076782));
#29 = DIRECTION('',(5.1E-16,0.399272091477,-0.916832480319));
#30 = DIRECTION('',(-6.E-17,0.916832480319,0.399272091477));
#31 = ORIENTED_EDGE('',*,*,#32,.F.);
#32 = EDGE_CURVE('',#33,#22,#35,.T.);
#33 = VERTEX_POINT('',#34);
#34 = CARTESIAN_POINT('',(8.609064696375E-02,37.433932020859,
    -13.16252781279));
#35 = B_SPLINE_CURVE_WITH_KNOTS('',3,(#36,#37,#38,#39,#40,#41),
  .UNSPECIFIED.,.F.,.F.,(4,2,4),(-8.711788406938E-04,0.,
    9.84998488472E-02),.UNSPECIFIED.);
#36 = CARTESIAN_POINT('',(8.609064696376E-02,37.433932020859,
    -13.16252781279));
#37 = CARTESIAN_POINT('',(8.944381190657E-02,37.433206039352,
    -13.16378524964));
#38 = CARTESIAN_POINT('',(9.279689826159E-02,37.432476340341,
    -13.16504066355));
#39 = CARTESIAN_POINT('',(0.4752890601,37.348845189044,-13.30797508598)
  );
#40 = CARTESIAN_POINT('',(0.857635228084,37.218421053899,-13.42403746299
    ));
#41 = CARTESIAN_POINT('',(1.230399493639,37.046750519067,-13.49879839801
    ));
#42 = ORIENTED_EDGE('',*,*,#43,.T.);
#43 = EDGE_CURVE('',#33,#44,#46,.T.);
#44 = VERTEX_POINT('',#45);
#45 = CARTESIAN_POINT('',(8.609064696375E-02,40.766557201061,
    -7.3902516781));
#46 = LINE('',#47,#48);
#47 = CARTESIAN_POINT('',(8.609064696375E-02,29.837490747593,
    -26.3199500548));
#48 = VECTOR('',#49,1.);
#49 = DIRECTION('',(1.E-17,0.5,0.866025403784));
#50 = ORIENTED_EDGE('',*,*,#51,.F.);
#51 = EDGE_CURVE('',#52,#44,#54,.T.);
#52 = VERTEX_POINT('',#53);
#53 = CARTESIAN_POINT('',(1.912193628701,40.756074546829,-6.526089784785
    ));
#54 = B_SPLINE_CURVE_WITH_KNOTS('',3,(#55,#56,#57,#58,#59,#60),
  .UNSPECIFIED.,.F.,.F.,(4,2,4),(0.,0.159394129676,0.160266063244),
  .UNSPECIFIED.);
#55 = CARTESIAN_POINT('',(1.912193628701,40.756074546829,-6.526089784785
    ));
#56 = CARTESIAN_POINT('',(1.329235993857,40.914124744881,-6.850590170694
    ));
#57 = CARTESIAN_POINT('',(0.709514127242,40.899840888046,-7.155864754662
    ));
#58 = CARTESIAN_POINT('',(9.280338446592E-02,40.768008207663,
    -7.38773161743));
#59 = CARTESIAN_POINT('',(8.94467168443E-02,40.767283811504,
    -7.388993151894));
#60 = CARTESIAN_POINT('',(8.609064696376E-02,40.766557201061,
    -7.3902516781));
#61 = ORIENTED_EDGE('',*,*,#62,.F.);
#62 = EDGE_CURVE('',#63,#52,#65,.T.);
#63 = VERTEX_POINT('',#64);
#64 = CARTESIAN_POINT('',(4.064178228437,39.096596436852,-3.118936274498
    ));
#65 = ELLIPSE('',#66,4.826649664818,4.);
#66 = AXIS2_PLACEMENT_3D('',#67,#68,#69);
#67 = CARTESIAN_POINT('',(8.609064696375E-02,38.875675995024,
    -2.665353998033));
#68 = DIRECTION('',(1.73E-15,0.89903320718,0.437880454448));
#69 = DIRECTION('',(-8.E-17,0.437880454448,-0.89903320718));
#70 = ORIENTED_EDGE('',*,*,#71,.T.);
#71 = EDGE_CURVE('',#63,#24,#72,.T.);
#72 = LINE('',#73,#74);
#73 = CARTESIAN_POINT('',(4.064178228437,26.735486350889,-24.52900698133
    ));
#74 = VECTOR('',#75,1.);
#75 = DIRECTION('',(-1.E-17,-0.5,-0.866025403784));
#76 = CYLINDRICAL_SURFACE('',#77,4.);
#77 = AXIS2_PLACEMENT_3D('',#78,#79,#80);
#78 = CARTESIAN_POINT('',(8.609064696375E-02,26.373389132455,
    -24.3199500548));
#79 = DIRECTION('',(1.E-17,0.5,0.866025403784));
#80 = DIRECTION('',(0.669130606359,0.643582297554,-0.371572412739));
#81 = ADVANCED_FACE('',(#82),#110,.F.);
#82 = FACE_BOUND('',#83,.F.);
#83 = EDGE_LOOP('',(#84,#95,#102,#103));
#84 = ORIENTED_EDGE('',*,*,#85,.F.);
#85 = EDGE_CURVE('',#86,#88,#90,.T.);
#86 = VERTEX_POINT('',#87);
#87 = CARTESIAN_POINT('',(3.069656333069,32.203922478651,-16.59758025785
    ));
#88 = VERTEX_POINT('',#89);
#89 = CARTESIAN_POINT('',(0.94432228197,36.73195736311,-13.87686241419)
  );
#90 = ELLIPSE('',#91,6.187996018882,3.);
#91 = AXIS2_PLACEMENT_3D('',#92,#93,#94);
#92 = CARTESIAN_POINT('',(8.609064696375E-02,31.649488055546,
    -16.93071806852));
#93 = DIRECTION('',(-3.08148791102E-33,-0.51503807491,0.857167300702));
#94 = DIRECTION('',(-4.E-17,0.857167300702,0.51503807491));
#95 = ORIENTED_EDGE('',*,*,#96,.T.);
#96 = EDGE_CURVE('',#86,#24,#97,.T.);
#97 = CIRCLE('',#98,1.);
#98 = AXIS2_PLACEMENT_3D('',#99,#100,#101);
#99 = CARTESIAN_POINT('',(3.069656333069,31.688884403741,-15.74041295715
    ));
#100 = DIRECTION('',(5.088952072128E-02,-0.856056659522,-0.514370734363)
  );
#101 = DIRECTION('',(8.80892581101E-15,0.51503807491,-0.857167300702));
#102 = ORIENTED_EDGE('',*,*,#21,.F.);
#103 = ORIENTED_EDGE('',*,*,#104,.F.);
#104 = EDGE_CURVE('',#88,#22,#105,.T.);
#105 = CIRCLE('',#106,1.);
#106 = AXIS2_PLACEMENT_3D('',#107,#108,#109);
#107 = CARTESIAN_POINT('',(0.94432228197,36.2169192882,-13.01969511349)
  );
#108 = DIRECTION('',(0.851493283813,-0.449468968415,-0.270068202596));
#109 = DIRECTION('',(-4.704292511093E-13,0.51503807491,-0.857167300702)
  );
#110 = B_SPLINE_SURFACE_WITH_KNOTS('',3,3,(
    (#111,#112,#113,#114,#115)
    ,(#116,#117,#118,#119,#120)
    ,(#121,#122,#123,#124,#125)
    ,(#126,#127,#128,#129,#130)
    ,(#131,#132,#133,#134,#135
    )),.UNSPECIFIED.,.F.,.F.,.F.,(4,1,4),(4,1,4),(0.,0.571428571429,1.),
  (-1.466076571675,-0.962099656162,-0.290130435477),.UNSPECIFIED.);
#111 = CARTESIAN_POINT('',(3.069656333069,32.203922478651,
    -16.59758025785));
#112 = CARTESIAN_POINT('',(3.016976400568,33.090097203849,-16.0651127639
    ));
#113 = CARTESIAN_POINT('',(2.593713893954,35.103485240041,
    -14.85534718213));
#114 = CARTESIAN_POINT('',(1.588207603427,36.392076266318,
    -14.08108358041));
#115 = CARTESIAN_POINT('',(0.94432228197,36.73195736311,-13.87686241419)
  );
#116 = CARTESIAN_POINT('',(3.351052364102,32.216213133096,
    -16.59019528761));
#117 = CARTESIAN_POINT('',(3.268800858343,33.12052379892,-16.04569403002
    ));
#118 = CARTESIAN_POINT('',(2.772632126416,35.165478688062,-14.817007232)
  );
#119 = CARTESIAN_POINT('',(1.690258248498,36.46858538206,-14.03516324089
    ));
#120 = CARTESIAN_POINT('',(1.001959250457,36.812183122057,
    -13.82865791501));
#121 = CARTESIAN_POINT('',(3.839298086085,32.123599324484,
    -16.38775519634));
#122 = CARTESIAN_POINT('',(3.70887956617,33.084654069954,-15.86460635459
    ));
#123 = CARTESIAN_POINT('',(3.086957473634,35.230470904909,
    -14.67784123134));
#124 = CARTESIAN_POINT('',(1.868776128158,36.579925244249,
    -13.91740614772));
#125 = CARTESIAN_POINT('',(1.102803969237,36.936056256879,
    -13.71686589234));
#126 = CARTESIAN_POINT('',(4.044883749465,31.886948455628,
    -15.97356229245));
#127 = CARTESIAN_POINT('',(3.945531977981,32.90312381135,-15.50604980267
    ));
#128 = CARTESIAN_POINT('',(3.339889001284,35.190053944256,
    -14.43823455032));
#129 = CARTESIAN_POINT('',(2.027202175661,36.637622952528,-13.7493370079
    ));
#130 = CARTESIAN_POINT('',(1.194171790837,37.019488808175,
    -13.56764897862));
#131 = CARTESIAN_POINT('',(4.064178228437,31.779408708349,
    -15.79267718878));
#132 = CARTESIAN_POINT('',(3.993938318436,32.810272052105,-15.3437457077
    ));
#133 = CARTESIAN_POINT('',(3.429588309618,35.152392476273,
    -14.32377385862));
#134 = CARTESIAN_POINT('',(2.088913255582,36.6513759344,-13.67098038406)
  );
#135 = CARTESIAN_POINT('',(1.230399493639,37.046750519067,
    -13.49879839801));
#136 = ADVANCED_FACE('',(#137),#150,.F.);
#137 = FACE_BOUND('',#138,.F.);
#138 = EDGE_LOOP('',(#139,#140,#149));
#139 = ORIENTED_EDGE('',*,*,#32,.F.);
#140 = ORIENTED_EDGE('',*,*,#141,.F.);
#141 = EDGE_CURVE('',#88,#33,#142,.T.);
#142 = B_SPLINE_CURVE_WITH_KNOTS('',3,(#143,#144,#145,#146,#147,#148),
  .UNSPECIFIED.,.F.,.F.,(4,2,4),(-9.84998488472E-02,0.,
    8.711788406938E-04),.UNSPECIFIED.);
#143 = CARTESIAN_POINT('',(0.94432228197,36.73195736311,-13.87686241419)
  );
#144 = CARTESIAN_POINT('',(0.664749082804,37.027108199446,
    -13.69951789997));
#145 = CARTESIAN_POINT('',(0.377989456817,37.264175660785,-13.4536632895
    ));
#146 = CARTESIAN_POINT('',(9.112033543713E-02,37.431022491869,
    -13.16755457204));
#147 = CARTESIAN_POINT('',(8.860552066879E-02,37.432480057845,
    -13.1650426865));
#148 = CARTESIAN_POINT('',(8.609064696376E-02,37.433932020859,
    -13.16252781279));
#149 = ORIENTED_EDGE('',*,*,#104,.T.);
#150 = B_SPLINE_SURFACE_WITH_KNOTS('',3,3,(
    (#151,#152,#153,#154,#155,#156)
    ,(#157,#158,#159,#160,#161,#162)
    ,(#163,#164,#165,#166,#167,#168)
    ,(#169,#170,#171,#172,#173,#174
    )),.UNSPECIFIED.,.F.,.F.,.F.,(4,4),(4,2,4),(0.,1.),(
    -8.711788406938E-04,0.,9.84998488472E-02),.UNSPECIFIED.);
#151 = CARTESIAN_POINT('',(8.609064696376E-02,37.433932020859,
    -13.16252781279));
#152 = CARTESIAN_POINT('',(8.944381190657E-02,37.433206039352,
    -13.16378524964));
#153 = CARTESIAN_POINT('',(9.279689826159E-02,37.432476340341,
    -13.16504066355));
#154 = CARTESIAN_POINT('',(0.4752890601,37.348845189044,-13.30797508598)
  );
#155 = CARTESIAN_POINT('',(0.857635228084,37.218421053899,
    -13.42403746299));
#156 = CARTESIAN_POINT('',(1.230399493639,37.046750519067,
    -13.49879839801));
#157 = CARTESIAN_POINT('',(8.609064696376E-02,37.433932020859,
    -13.16252781279));
#158 = CARTESIAN_POINT('',(8.916517127392E-02,37.432958787056,
    -13.16420145755));
#159 = CARTESIAN_POINT('',(9.223723830219E-02,37.431998291595,
    -13.16588227986));
#160 = CARTESIAN_POINT('',(0.442884686097,37.320713697266,-13.3566032835
    ));
#161 = CARTESIAN_POINT('',(0.793329653027,37.171402371173,
    -13.52553668088));
#162 = CARTESIAN_POINT('',(1.145868187102,36.983139860317,
    -13.65944975275));
#163 = CARTESIAN_POINT('',(8.609064696376E-02,37.433932020859,
    -13.16252781279));
#164 = CARTESIAN_POINT('',(8.888592265432E-02,37.432714093319,
    -13.1646187602));
#165 = CARTESIAN_POINT('',(9.167821788547E-02,37.431516386968,
    -13.16672217173));
#166 = CARTESIAN_POINT('',(0.410453589865,37.292397030608,
    -13.40509443634));
#167 = CARTESIAN_POINT('',(0.72900157316,37.107885793838,-13.61773322333
    ));
#168 = CARTESIAN_POINT('',(1.045186976822,36.872352441267,
    -13.79250454062));
#169 = CARTESIAN_POINT('',(8.609064696376E-02,37.433932020859,
    -13.16252781279));
#170 = CARTESIAN_POINT('',(8.860552066879E-02,37.432480057845,
    -13.1650426865));
#171 = CARTESIAN_POINT('',(9.112033543713E-02,37.431022491869,
    -13.16755457204));
#172 = CARTESIAN_POINT('',(0.377989456817,37.264175660785,-13.4536632895
    ));
#173 = CARTESIAN_POINT('',(0.664749082804,37.027108199446,
    -13.69951789997));
#174 = CARTESIAN_POINT('',(0.94432228197,36.73195736311,-13.87686241419)
  );
#175 = ADVANCED_FACE('',(#176),#209,.T.);
#176 = FACE_BOUND('',#177,.T.);
#177 = EDGE_LOOP('',(#178,#188,#196,#202,#203));
#178 = ORIENTED_EDGE('',*,*,#179,.T.);
#179 = EDGE_CURVE('',#180,#182,#184,.T.);
#180 = VERTEX_POINT('',#181);
#181 = CARTESIAN_POINT('',(-41.46454135683,37.433932020859,
    -13.16252781279));
#182 = VERTEX_POINT('',#183);
#183 = CARTESIAN_POINT('',(-41.39052270014,39.933338611505,
    -8.833428609021));
#184 = LINE('',#185,#186);
#185 = CARTESIAN_POINT('',(-41.64436502219,31.361781100648,
    -23.67980171781));
#186 = VECTOR('',#187,1.);
#187 = DIRECTION('',(1.480562303086E-02,0.499945195378,0.865930479395));
#188 = ORIENTED_EDGE('',*,*,#189,.T.);
#189 = EDGE_CURVE('',#182,#190,#192,.T.);
#190 = VERTEX_POINT('',#191);
#191 = CARTESIAN_POINT('',(-41.36584735482,40.766557201061,-7.3902516781
    ));
#192 = LINE('',#193,#194);
#193 = CARTESIAN_POINT('',(-41.39052270014,39.933338611505,
    -8.833428609021));
#194 = VECTOR('',#195,1.);
#195 = DIRECTION('',(1.480562303086E-02,0.499945195378,0.865930479395));
#196 = ORIENTED_EDGE('',*,*,#197,.F.);
#197 = EDGE_CURVE('',#44,#190,#198,.T.);
#198 = LINE('',#199,#200);
#199 = CARTESIAN_POINT('',(-38.67952376915,40.766557201061,-7.3902516781
    ));
#200 = VECTOR('',#201,1.);
#201 = DIRECTION('',(-1.,0.,0.));
#202 = ORIENTED_EDGE('',*,*,#43,.F.);
#203 = ORIENTED_EDGE('',*,*,#204,.F.);
#204 = EDGE_CURVE('',#180,#33,#205,.T.);
#205 = LINE('',#206,#207);
#206 = CARTESIAN_POINT('',(15.125,37.433932020859,-13.16252781279));
#207 = VECTOR('',#208,1.);
#208 = DIRECTION('',(1.,0.,0.));
#209 = PLANE('',#210);
#210 = AXIS2_PLACEMENT_3D('',#211,#212,#213);
#211 = CARTESIAN_POINT('',(-30.29671656109,39.10024461096,
    -10.27638974544));
#212 = DIRECTION('',(-1.4E-15,0.866025403784,-0.5));
#213 = DIRECTION('',(0.,0.5,0.866025403784));
#214 = ADVANCED_FACE('',(#215),#236,.F.);
#215 = FACE_BOUND('',#216,.F.);
#216 = EDGE_LOOP('',(#217,#226,#235));
#217 = ORIENTED_EDGE('',*,*,#218,.T.);
#218 = EDGE_CURVE('',#52,#219,#221,.T.);
#219 = VERTEX_POINT('',#220);
#220 = CARTESIAN_POINT('',(1.455667883266,40.936619426082,-5.77221768935
    ));
#221 = CIRCLE('',#222,1.);
#222 = AXIS2_PLACEMENT_3D('',#223,#224,#225);
#223 = CARTESIAN_POINT('',(1.455667883266,39.985562909787,
    -6.081234683725));
#224 = DIRECTION('',(0.822900241724,-0.175579092323,0.540376881916));
#225 = DIRECTION('',(0.456525745434,0.770511637042,-0.44485510106));
#226 = ORIENTED_EDGE('',*,*,#227,.F.);
#227 = EDGE_CURVE('',#44,#219,#228,.T.);
#228 = B_SPLINE_CURVE_WITH_KNOTS('',3,(#229,#230,#231,#232,#233,#234),
  .UNSPECIFIED.,.F.,.F.,(4,2,4),(-0.160266063244,-0.159394129676,0.),
  .UNSPECIFIED.);
#229 = CARTESIAN_POINT('',(8.609064696376E-02,40.766557201061,
    -7.3902516781));
#230 = CARTESIAN_POINT('',(8.86076993737E-02,40.768010421948,
    -7.387734625689));
#231 = CARTESIAN_POINT('',(9.112520009038E-02,40.76946069593,
    -7.3852124122));
#232 = CARTESIAN_POINT('',(0.553658257173,41.033889449917,
    -6.921919431943));
#233 = CARTESIAN_POINT('',(1.018449657134,41.123194603483,
    -6.346437041283));
#234 = CARTESIAN_POINT('',(1.455667883266,40.936619426082,-5.77221768935
    ));
#235 = ORIENTED_EDGE('',*,*,#51,.F.);
#236 = B_SPLINE_SURFACE_WITH_KNOTS('',3,3,(
    (#237,#238,#239,#240,#241,#242)
    ,(#243,#244,#245,#246,#247,#248)
    ,(#249,#250,#251,#252,#253,#254)
    ,(#255,#256,#257,#258,#259,#260
    )),.UNSPECIFIED.,.F.,.F.,.F.,(4,4),(4,2,4),(0.,1.),(0.,
    0.159394129676,0.160266063244),.UNSPECIFIED.);
#237 = CARTESIAN_POINT('',(1.912193628701,40.756074546829,
    -6.526089784785));
#238 = CARTESIAN_POINT('',(1.329235993857,40.914124744881,
    -6.850590170694));
#239 = CARTESIAN_POINT('',(0.709514127242,40.899840888046,
    -7.155864754662));
#240 = CARTESIAN_POINT('',(9.280338446592E-02,40.768008207663,
    -7.38773161743));
#241 = CARTESIAN_POINT('',(8.94467168443E-02,40.767283811504,
    -7.388993151894));
#242 = CARTESIAN_POINT('',(8.609064696376E-02,40.766557201061,
    -7.3902516781));
#243 = CARTESIAN_POINT('',(1.806981741796,40.946669110969,
    -6.303942406247));
#244 = CARTESIAN_POINT('',(1.223187852387,41.029094226021,
    -6.710743094222));
#245 = CARTESIAN_POINT('',(0.657689859849,40.944151520511,
    -7.077646103439));
#246 = CARTESIAN_POINT('',(9.224348452202E-02,40.768496690262,
    -7.386894482071));
#247 = CARTESIAN_POINT('',(8.91670443541E-02,40.767526014985,
    -7.388573643159));
#248 = CARTESIAN_POINT('',(8.609064696376E-02,40.766557201061,
    -7.3902516781));
#249 = CARTESIAN_POINT('',(1.632395875563,41.01571359412,-6.015644508206
    ));
#250 = CARTESIAN_POINT('',(1.119760950728,41.102978633816,
    -6.543418232465));
#251 = CARTESIAN_POINT('',(0.605749006991,40.988430936894,
    -6.999664155711));
#252 = CARTESIAN_POINT('',(9.168404905325E-02,40.768982404295,
    -7.386054750348));
#253 = CARTESIAN_POINT('',(8.88873718639E-02,40.767768218467,
    -7.388154134424));
#254 = CARTESIAN_POINT('',(8.609064696376E-02,40.766557201061,
    -7.3902516781));
#255 = CARTESIAN_POINT('',(1.455667883266,40.936619426082,-5.77221768935
    ));
#256 = CARTESIAN_POINT('',(1.018449657134,41.123194603483,
    -6.346437041283));
#257 = CARTESIAN_POINT('',(0.553658257173,41.033889449917,
    -6.921919431943));
#258 = CARTESIAN_POINT('',(9.112520009038E-02,40.76946069593,
    -7.3852124122));
#259 = CARTESIAN_POINT('',(8.86076993737E-02,40.768010421948,
    -7.387734625689));
#260 = CARTESIAN_POINT('',(8.609064696376E-02,40.766557201061,
    -7.3902516781));
#261 = ADVANCED_FACE('',(#262),#282,.F.);
#262 = FACE_BOUND('',#263,.F.);
#263 = EDGE_LOOP('',(#264,#265,#274,#281));
#264 = ORIENTED_EDGE('',*,*,#62,.F.);
#265 = ORIENTED_EDGE('',*,*,#266,.F.);
#266 = EDGE_CURVE('',#267,#63,#269,.T.);
#267 = VERTEX_POINT('',#268);
#268 = CARTESIAN_POINT('',(3.069656333069,39.957128648539,
    -2.757655048489));
#269 = CIRCLE('',#270,1.);
#270 = AXIS2_PLACEMENT_3D('',#271,#272,#273);
#271 = CARTESIAN_POINT('',(3.069656333069,39.006072132243,
    -3.066672042864));
#272 = DIRECTION('',(-7.787049330355E-02,0.308078658993,-0.948168616938)
  );
#273 = DIRECTION('',(-3.798003578304E-14,0.951056516295,0.309016994375)
  );
#274 = ORIENTED_EDGE('',*,*,#275,.F.);
#275 = EDGE_CURVE('',#219,#267,#276,.T.);
#276 = ELLIPSE('',#277,4.036898188819,3.);
#277 = AXIS2_PLACEMENT_3D('',#278,#279,#280);
#278 = CARTESIAN_POINT('',(8.609064696375E-02,39.826732511319,
    -2.356337003658));
#279 = DIRECTION('',(0.,-0.951056516295,-0.309016994375));
#280 = DIRECTION('',(-7.E-17,0.309016994375,-0.951056516295));
#281 = ORIENTED_EDGE('',*,*,#218,.F.);
#282 = B_SPLINE_SURFACE_WITH_KNOTS('',3,3,(
    (#283,#284,#285,#286,#287)
    ,(#288,#289,#290,#291,#292)
    ,(#293,#294,#295,#296,#297)
    ,(#298,#299,#300,#301,#302)
    ,(#303,#304,#305,#306,#307
    )),.UNSPECIFIED.,.F.,.F.,.F.,(4,1,4),(4,1,4),(0.,0.571428571429,1.),
  (0.474086340244,1.040937901062,1.466076571675),.UNSPECIFIED.);
#283 = CARTESIAN_POINT('',(1.455667883266,40.936619426082,-5.77221768935
    ));
#284 = CARTESIAN_POINT('',(1.960001500013,40.829011681951,
    -5.441035106767));
#285 = CARTESIAN_POINT('',(2.70905464787,40.534045240157,-4.533221744837
    ));
#286 = CARTESIAN_POINT('',(3.025217241154,40.132942814639,
    -3.298755413098));
#287 = CARTESIAN_POINT('',(3.069656333069,39.957128648539,
    -2.757655048489));
#288 = CARTESIAN_POINT('',(1.556655307436,40.981816093532,
    -5.911318728696));
#289 = CARTESIAN_POINT('',(2.100614002556,40.871026276235,
    -5.569933169777));
#290 = CARTESIAN_POINT('',(2.916630032388,40.565960787152,
    -4.633739051262));
#291 = CARTESIAN_POINT('',(3.289574220814,40.148113049435,
    -3.347559659956));
#292 = CARTESIAN_POINT('',(3.354654197192,39.964007527125,
    -2.778826059869));
#293 = CARTESIAN_POINT('',(1.733144727472,40.979946548765,
    -6.180688948361));
#294 = CARTESIAN_POINT('',(2.346160580611,40.850428907104,
    -5.825577552692));
#295 = CARTESIAN_POINT('',(3.280100250179,40.494230522148,
    -4.850183175659));
#296 = CARTESIAN_POINT('',(3.750188798329,39.988181678571,
    -3.492529761409));
#297 = CARTESIAN_POINT('',(3.848906207494,39.759024708335,
    -2.886020579886));
#298 = CARTESIAN_POINT('',(1.867102820027,40.837757931461,
    -6.430883765412));
#299 = CARTESIAN_POINT('',(2.52627417673,40.672144112206,-6.062843198361
    ));
#300 = CARTESIAN_POINT('',(3.516906271873,40.217043936006,
    -5.052891867992));
#301 = CARTESIAN_POINT('',(3.970700889927,39.582559379039,
    -3.664979936024));
#302 = CARTESIAN_POINT('',(4.04922798276,39.299642188987,-3.051734887635
    ));
#303 = CARTESIAN_POINT('',(1.912193628701,40.756074546829,
    -6.526089784785));
#304 = CARTESIAN_POINT('',(2.58463845103,40.573762778364,-6.151776813643
    ));
#305 = CARTESIAN_POINT('',(3.583375981505,40.0740231539,-5.125737599576)
  );
#306 = CARTESIAN_POINT('',(4.004926105884,39.394465254768,
    -3.730504925189));
#307 = CARTESIAN_POINT('',(4.064178228437,39.096596436852,
    -3.118936274498));
#308 = ADVANCED_FACE('',(#309),#358,.T.);
#309 = FACE_BOUND('',#310,.T.);
#310 = EDGE_LOOP('',(#311,#321,#329,#335,#336,#344,#352));
#311 = ORIENTED_EDGE('',*,*,#312,.T.);
#312 = EDGE_CURVE('',#313,#315,#317,.T.);
#313 = VERTEX_POINT('',#314);
#314 = CARTESIAN_POINT('',(4.980488917922,17.490973632741,
    -23.10474499423));
#315 = VERTEX_POINT('',#316);
#316 = CARTESIAN_POINT('',(5.174090930804,14.234226753154,
    -25.06159583793));
#317 = LINE('',#318,#319);
#318 = CARTESIAN_POINT('',(5.175284572553,14.21414747297,-25.07366068602
    ));
#319 = VECTOR('',#320,1.);
#320 = DIRECTION('',(5.088952283641E-02,-0.856056671311,-0.514370714534)
  );
#321 = ORIENTED_EDGE('',*,*,#322,.F.);
#322 = EDGE_CURVE('',#323,#315,#325,.T.);
#323 = VERTEX_POINT('',#324);
#324 = CARTESIAN_POINT('',(5.050153785471,15.193460761473,-25.7585201393
    ));
#325 = LINE('',#326,#327);
#326 = CARTESIAN_POINT('',(6.237896793797,6.000708389091,-19.07959459134
    ));
#327 = VECTOR('',#328,1.);
#328 = DIRECTION('',(0.103962051184,-0.804633145357,0.584600199544));
#329 = ORIENTED_EDGE('',*,*,#330,.F.);
#330 = EDGE_CURVE('',#24,#323,#331,.T.);
#331 = LINE('',#332,#333);
#332 = CARTESIAN_POINT('',(5.209250844209,12.517151479874,
    -27.36660899095));
#333 = VECTOR('',#334,1.);
#334 = DIRECTION('',(5.088952072128E-02,-0.856056659522,-0.514370734363)
  );
#335 = ORIENTED_EDGE('',*,*,#71,.F.);
#336 = ORIENTED_EDGE('',*,*,#337,.F.);
#337 = EDGE_CURVE('',#338,#63,#340,.T.);
#338 = VERTEX_POINT('',#339);
#339 = CARTESIAN_POINT('',(4.089575390307,38.996117767215,-2.80969472712
    ));
#340 = LINE('',#341,#342);
#341 = CARTESIAN_POINT('',(4.122474020767,38.865961073392,
    -2.409113613287));
#342 = VECTOR('',#343,1.);
#343 = DIRECTION('',(-7.787049330355E-02,0.308078658993,-0.948168616938)
  );
#344 = ORIENTED_EDGE('',*,*,#345,.F.);
#345 = EDGE_CURVE('',#346,#338,#348,.T.);
#346 = VERTEX_POINT('',#347);
#347 = CARTESIAN_POINT('',(4.980488917925,28.223216756715,
    -4.515954624343));
#348 = LINE('',#349,#350);
#349 = CARTESIAN_POINT('',(6.400628986813,11.050923476887,
    -7.235778684554));
#350 = VECTOR('',#351,1.);
#351 = DIRECTION('',(-8.141020551246E-02,0.984409887207,0.155915209035)
  );
#352 = ORIENTED_EDGE('',*,*,#353,.T.);
#353 = EDGE_CURVE('',#346,#313,#354,.T.);
#354 = LINE('',#355,#356);
#355 = CARTESIAN_POINT('',(4.980488917922,17.822878281039,
    -22.52986928011));
#356 = VECTOR('',#357,1.);
#357 = DIRECTION('',(-0.,-0.5,-0.866025403784));
#358 = PLANE('',#359);
#359 = AXIS2_PLACEMENT_3D('',#360,#361,#362);
#360 = CARTESIAN_POINT('',(4.614502303392,26.801076243776,
    -13.94343432029));
#361 = DIRECTION('',(0.994521895368,9.052430460825E-02,
    -5.226423163382E-02));
#362 = DIRECTION('',(-9.064819430223E-02,0.995882977498,0.));
#363 = ADVANCED_FACE('',(#364,#519,#553,#564,#575,#617,#651),#662,.T.);
#364 = FACE_BOUND('',#365,.T.);
#365 = EDGE_LOOP('',(#366,#374,#375,#383,#392,#400,#409,#417,#425,#433,
    #444,#452,#467,#481,#489,#497,#505,#513));
#366 = ORIENTED_EDGE('',*,*,#367,.F.);
#367 = EDGE_CURVE('',#88,#368,#370,.T.);
#368 = VERTEX_POINT('',#369);
#369 = CARTESIAN_POINT('',(-41.48095693785,36.73195736311,
    -13.87686241419));
#370 = LINE('',#371,#372);
#371 = CARTESIAN_POINT('',(-38.67952376915,36.73195736311,
    -13.87686241419));
#372 = VECTOR('',#373,1.);
#373 = DIRECTION('',(-1.,0.,0.));
#374 = ORIENTED_EDGE('',*,*,#85,.F.);
#375 = ORIENTED_EDGE('',*,*,#376,.F.);
#376 = EDGE_CURVE('',#377,#86,#379,.T.);
#377 = VERTEX_POINT('',#378);
#378 = CARTESIAN_POINT('',(4.055631890103,15.617974531775,
    -26.56342320837));
#379 = LINE('',#380,#381);
#380 = CARTESIAN_POINT('',(4.214728948841,12.941665250176,
    -28.17151206002));
#381 = VECTOR('',#382,1.);
#382 = DIRECTION('',(-5.088952072128E-02,0.856056659522,0.514370734363)
  );
#383 = ORIENTED_EDGE('',*,*,#384,.F.);
#384 = EDGE_CURVE('',#385,#377,#387,.T.);
#385 = VERTEX_POINT('',#386);
#386 = CARTESIAN_POINT('',(7.203451334608,12.854919943385,
    -28.22363389875));
#387 = ELLIPSE('',#388,3.276837447258,3.);
#388 = AXIS2_PLACEMENT_3D('',#389,#390,#391);
#389 = CARTESIAN_POINT('',(7.070342233905,15.648497720256,
    -26.54508302644));
#390 = DIRECTION('',(1.387778780781E-17,0.51503807491,-0.857167300702));
#391 = DIRECTION('',(0.258432351211,-0.828048776898,-0.497541900672));
#392 = ORIENTED_EDGE('',*,*,#393,.F.);
#393 = EDGE_CURVE('',#394,#385,#396,.T.);
#394 = VERTEX_POINT('',#395);
#395 = CARTESIAN_POINT('',(52.796548665392,12.854919943385,
    -28.22363389875));
#396 = LINE('',#397,#398);
#397 = CARTESIAN_POINT('',(42.125,12.854919943385,-28.22363389875));
#398 = VECTOR('',#399,1.);
#399 = DIRECTION('',(-1.,0.,0.));
#400 = ORIENTED_EDGE('',*,*,#401,.F.);
#401 = EDGE_CURVE('',#402,#394,#404,.T.);
#402 = VERTEX_POINT('',#403);
#403 = CARTESIAN_POINT('',(55.944368109897,15.617974531775,
    -26.56342320837));
#404 = ELLIPSE('',#405,3.276837447258,3.);
#405 = AXIS2_PLACEMENT_3D('',#406,#407,#408);
#406 = CARTESIAN_POINT('',(52.929657766095,15.648497720256,
    -26.54508302644));
#407 = DIRECTION('',(-1.387778780781E-17,0.51503807491,-0.857167300702)
  );
#408 = DIRECTION('',(-0.258432351211,-0.828048776898,-0.497541900672));
#409 = ORIENTED_EDGE('',*,*,#410,.F.);
#410 = EDGE_CURVE('',#411,#402,#413,.T.);
#411 = VERTEX_POINT('',#412);
#412 = CARTESIAN_POINT('',(57.199519220344,36.73195736311,
    -13.87686241419));
#413 = LINE('',#414,#415);
#414 = CARTESIAN_POINT('',(56.241544383058,20.617033750369,
    -23.55968539173));
#415 = VECTOR('',#416,1.);
#416 = DIRECTION('',(-5.088952072128E-02,-0.856056659522,-0.514370734363
    ));
#417 = ORIENTED_EDGE('',*,*,#418,.F.);
#418 = EDGE_CURVE('',#419,#411,#421,.T.);
#419 = VERTEX_POINT('',#420);
#420 = CARTESIAN_POINT('',(58.421224977763,36.73195736311,
    -13.87686241419));
#421 = LINE('',#422,#423);
#422 = CARTESIAN_POINT('',(15.125,36.73195736311,-13.87686241419));
#423 = VECTOR('',#424,1.);
#424 = DIRECTION('',(-1.,0.,0.));
#425 = ORIENTED_EDGE('',*,*,#426,.F.);
#426 = EDGE_CURVE('',#427,#419,#429,.T.);
#427 = VERTEX_POINT('',#428);
#428 = CARTESIAN_POINT('',(59.168117485699,-1.083439639172,
    -36.59864526576));
#429 = LINE('',#430,#431);
#430 = CARTESIAN_POINT('',(58.556422823757,29.886848909344,
    -17.98981851703));
#431 = VECTOR('',#432,1.);
#432 = DIRECTION('',(-1.692749926991E-02,0.857044485445,0.514964280059)
  );
#433 = ORIENTED_EDGE('',*,*,#434,.F.);
#434 = EDGE_CURVE('',#435,#427,#437,.T.);
#435 = VERTEX_POINT('',#436);
#436 = CARTESIAN_POINT('',(55.879595603453,-4.727453533163,
    -38.78818970984));
#437 = B_SPLINE_CURVE_WITH_KNOTS('',3,(#438,#439,#440,#441,#442,#443),
  .UNSPECIFIED.,.F.,.F.,(4,1,1,4),(2.450976392633E-03,0.456990820822,
    0.911530665251,1.593340431895),.UNSPECIFIED.);
#438 = CARTESIAN_POINT('',(55.499456414995,-4.747057244063,
    -38.79996880771));
#439 = CARTESIAN_POINT('',(56.05499465177,-4.747057244063,
    -38.79996880771));
#440 = CARTESIAN_POINT('',(57.164188491493,-4.494872495401,
    -38.64844092352));
#441 = CARTESIAN_POINT('',(58.717405470644,-3.264102897495,
    -37.90891994104));
#442 = CARTESIAN_POINT('',(59.184235614329,-1.899505440605,
    -37.08898706837));
#443 = CARTESIAN_POINT('',(59.168117485699,-1.083439639172,
    -36.59864526576));
#444 = ORIENTED_EDGE('',*,*,#445,.F.);
#445 = EDGE_CURVE('',#446,#435,#448,.T.);
#446 = VERTEX_POINT('',#447);
#447 = CARTESIAN_POINT('',(-51.64126816245,-4.727453533165,
    -38.78818970984));
#448 = LINE('',#449,#450);
#449 = CARTESIAN_POINT('',(1.49452060231,-4.727453533166,-38.78818970984
    ));
#450 = VECTOR('',#451,1.);
#451 = DIRECTION('',(1.,-5.71E-15,-9.9E-15));
#452 = ORIENTED_EDGE('',*,*,#453,.T.);
#453 = EDGE_CURVE('',#446,#454,#456,.T.);
#454 = VERTEX_POINT('',#455);
#455 = CARTESIAN_POINT('',(-58.10889330382,-3.004868646524,
    -37.75315628853));
#456 = B_SPLINE_CURVE_WITH_KNOTS('',9,(#457,#458,#459,#460,#461,#462,
    #463,#464,#465,#466),.UNSPECIFIED.,.F.,.F.,(10,10),(0.,1.),
  .PIECEWISE_BEZIER_KNOTS.);
#457 = CARTESIAN_POINT('',(-51.64126816245,-4.727453533165,
    -38.78818970984));
#458 = CARTESIAN_POINT('',(-52.42092835952,-4.727453533165,
    -38.78818970984));
#459 = CARTESIAN_POINT('',(-53.2006002705,-4.725640297024,
    -38.78710020765));
#460 = CARTESIAN_POINT('',(-53.98020467178,-4.700851656613,
    -38.77220568983));
#461 = CARTESIAN_POINT('',(-54.75972815821,-4.631819403717,
    -38.73072692762));
#462 = CARTESIAN_POINT('',(-55.53356768419,-4.497499302362,
    -38.65001926837));
#463 = CARTESIAN_POINT('',(-56.28911363312,-4.276822996701,
    -38.51742356675));
#464 = CARTESIAN_POINT('',(-56.99659394539,-3.951776671544,
    -38.3221160306));
#465 = CARTESIAN_POINT('',(-57.61527021194,-3.522167158842,
    -38.06398059286));
#466 = CARTESIAN_POINT('',(-58.10889330382,-3.004868646524,
    -37.75315628853));
#467 = ORIENTED_EDGE('',*,*,#468,.F.);
#468 = EDGE_CURVE('',#469,#454,#471,.T.);
#469 = VERTEX_POINT('',#470);
#470 = CARTESIAN_POINT('',(-59.15269079565,-0.302381586069,
    -36.12933824047));
#471 = B_SPLINE_CURVE_WITH_KNOTS('',8,(#472,#473,#474,#475,#476,#477,
    #478,#479,#480),.UNSPECIFIED.,.F.,.F.,(9,9),(85.902056149802,
    90.515668187169),.PIECEWISE_BEZIER_KNOTS.);
#472 = CARTESIAN_POINT('',(-59.15269079565,-0.302381586068,
    -36.12933824047));
#473 = CARTESIAN_POINT('',(-59.16031213852,-0.688252515433,
    -36.36119288595));
#474 = CARTESIAN_POINT('',(-59.12359898525,-1.058478114823,
    -36.58364686878));
#475 = CARTESIAN_POINT('',(-59.04936917497,-1.418176308642,
    -36.79977534818));
#476 = CARTESIAN_POINT('',(-58.93794770958,-1.774916588093,
    -37.01412653332));
#477 = CARTESIAN_POINT('',(-58.78260513171,-2.135893867229,
    -37.23102356472));
#478 = CARTESIAN_POINT('',(-58.56776694732,-2.501065370159,
    -37.45044074002));
#479 = CARTESIAN_POINT('',(-58.2835827355,-2.856026885757,
    -37.66372313602));
#480 = CARTESIAN_POINT('',(-57.92763345115,-3.18258821218,
    -37.85994097676));
#481 = ORIENTED_EDGE('',*,*,#482,.F.);
#482 = EDGE_CURVE('',#483,#469,#485,.T.);
#483 = VERTEX_POINT('',#484);
#484 = CARTESIAN_POINT('',(-58.42122497776,36.731957363112,
    -13.87686241419));
#485 = LINE('',#486,#487);
#486 = CARTESIAN_POINT('',(-58.42150294102,36.717883997602,
    -13.8853185453));
#487 = VECTOR('',#488,1.);
#488 = DIRECTION('',(-1.69274992699E-02,-0.857044485445,-0.514964280059)
  );
#489 = ORIENTED_EDGE('',*,*,#490,.F.);
#490 = EDGE_CURVE('',#491,#483,#493,.T.);
#491 = VERTEX_POINT('',#492);
#492 = CARTESIAN_POINT('',(-43.98095693785,36.73195736311,
    -13.87686241419));
#493 = LINE('',#494,#495);
#494 = CARTESIAN_POINT('',(-38.67952376915,36.73195736311,
    -13.87686241419));
#495 = VECTOR('',#496,1.);
#496 = DIRECTION('',(-1.,0.,0.));
#497 = ORIENTED_EDGE('',*,*,#498,.T.);
#498 = EDGE_CURVE('',#491,#499,#501,.T.);
#499 = VERTEX_POINT('',#500);
#500 = CARTESIAN_POINT('',(-44.5,10.45264775992,-29.66706464998));
#501 = LINE('',#502,#503);
#502 = CARTESIAN_POINT('',(-43.89052270014,41.310670585195,
    -11.12569395321));
#503 = VECTOR('',#504,1.);
#504 = DIRECTION('',(-1.69274992699E-02,-0.857044485445,-0.514964280059)
  );
#505 = ORIENTED_EDGE('',*,*,#506,.T.);
#506 = EDGE_CURVE('',#499,#507,#509,.T.);
#507 = VERTEX_POINT('',#508);
#508 = CARTESIAN_POINT('',(-42.,10.45264775992,-29.66706464998));
#509 = LINE('',#510,#511);
#510 = CARTESIAN_POINT('',(-44.5,10.45264775992,-29.66706464998));
#511 = VECTOR('',#512,1.);
#512 = DIRECTION('',(1.,7.E-15,-1.1E-14));
#513 = ORIENTED_EDGE('',*,*,#514,.T.);
#514 = EDGE_CURVE('',#507,#368,#515,.T.);
#515 = LINE('',#516,#517);
#516 = CARTESIAN_POINT('',(-42.,10.45264775992,-29.66706464998));
#517 = VECTOR('',#518,1.);
#518 = DIRECTION('',(1.69274992699E-02,0.857044485445,0.514964280059));
#519 = FACE_BOUND('',#520,.T.);
#520 = EDGE_LOOP('',(#521,#531,#539,#547));
#521 = ORIENTED_EDGE('',*,*,#522,.F.);
#522 = EDGE_CURVE('',#523,#525,#527,.T.);
#523 = VERTEX_POINT('',#524);
#524 = CARTESIAN_POINT('',(-0.431630510538,29.226106319071,
    -18.38683271884));
#525 = VERTEX_POINT('',#526);
#526 = CARTESIAN_POINT('',(1.968369489462,29.226106319072,
    -18.38683271884));
#527 = LINE('',#528,#529);
#528 = CARTESIAN_POINT('',(-0.531630510538,29.226106319072,
    -18.38683271884));
#529 = VECTOR('',#530,1.);
#530 = DIRECTION('',(1.,0.,0.));
#531 = ORIENTED_EDGE('',*,*,#532,.F.);
#532 = EDGE_CURVE('',#533,#523,#535,.T.);
#533 = VERTEX_POINT('',#534);
#534 = CARTESIAN_POINT('',(-0.431630510538,21.340167152612,
    -23.12518300801));
#535 = LINE('',#536,#537);
#536 = CARTESIAN_POINT('',(-0.431630510538,16.746505982705,
    -25.88533310216));
#537 = VECTOR('',#538,1.);
#538 = DIRECTION('',(0.,0.857167300702,0.51503807491));
#539 = ORIENTED_EDGE('',*,*,#540,.T.);
#540 = EDGE_CURVE('',#533,#541,#543,.T.);
#541 = VERTEX_POINT('',#542);
#542 = CARTESIAN_POINT('',(1.968369489462,21.340167152611,
    -23.12518300801));
#543 = LINE('',#544,#545);
#544 = CARTESIAN_POINT('',(15.359184744731,21.340167152612,
    -23.12518300801));
#545 = VECTOR('',#546,1.);
#546 = DIRECTION('',(1.,0.,0.));
#547 = ORIENTED_EDGE('',*,*,#548,.T.);
#548 = EDGE_CURVE('',#541,#525,#549,.T.);
#549 = LINE('',#550,#551);
#550 = CARTESIAN_POINT('',(1.968369489462,21.340167152611,
    -23.12518300801));
#551 = VECTOR('',#552,1.);
#552 = DIRECTION('',(0.,0.857167300702,0.51503807491));
#553 = FACE_BOUND('',#554,.T.);
#554 = EDGE_LOOP('',(#555));
#555 = ORIENTED_EDGE('',*,*,#556,.T.);
#556 = EDGE_CURVE('',#557,#557,#559,.T.);
#557 = VERTEX_POINT('',#558);
#558 = CARTESIAN_POINT('',(56.639534992622,2.334054626882,
    -34.54520754553));
#559 = ELLIPSE('',#560,3.589936178032,3.139681957211);
#560 = AXIS2_PLACEMENT_3D('',#561,#562,#563);
#561 = CARTESIAN_POINT('',(53.5,2.363827843823,-34.52731799197));
#562 = DIRECTION('',(-1.972152263053E-31,-0.51503807491,0.857167300702)
  );
#563 = DIRECTION('',(2.47E-15,0.857167300702,0.51503807491));
#564 = FACE_BOUND('',#565,.T.);
#565 = EDGE_LOOP('',(#566));
#566 = ORIENTED_EDGE('',*,*,#567,.F.);
#567 = EDGE_CURVE('',#568,#568,#570,.T.);
#568 = VERTEX_POINT('',#569);
#569 = CARTESIAN_POINT('',(-15.43163051053,23.91166905472,
    -21.58006878328));
#570 = CIRCLE('',#571,2.);
#571 = AXIS2_PLACEMENT_3D('',#572,#573,#574);
#572 = CARTESIAN_POINT('',(-17.43163051053,23.91166905472,
    -21.58006878328));
#573 = DIRECTION('',(-1.492E-14,0.51503807491,-0.857167300702));
#574 = DIRECTION('',(1.,7.680689022423E-15,-1.279114672588E-14));
#575 = FACE_BOUND('',#576,.T.);
#576 = EDGE_LOOP('',(#577,#588));
#577 = ORIENTED_EDGE('',*,*,#578,.F.);
#578 = EDGE_CURVE('',#579,#581,#583,.T.);
#579 = VERTEX_POINT('',#580);
#580 = CARTESIAN_POINT('',(-15.93163051057,14.445598339709,
    -27.26785789286));
#581 = VERTEX_POINT('',#582);
#582 = CARTESIAN_POINT('',(-18.93163051051,14.445598339709,
    -27.26785789286));
#583 = CIRCLE('',#584,1.5);
#584 = AXIS2_PLACEMENT_3D('',#585,#586,#587);
#585 = CARTESIAN_POINT('',(-17.43163051053,14.445607544856,
    -27.26785236185));
#586 = DIRECTION('',(-1.492E-14,0.51503807491,-0.857167300702));
#587 = DIRECTION('',(1.,7.680689022423E-15,-1.279114672588E-14));
#588 = ORIENTED_EDGE('',*,*,#589,.F.);
#589 = EDGE_CURVE('',#581,#579,#590,.T.);
#590 = B_SPLINE_CURVE_WITH_KNOTS('',7,(#591,#592,#593,#594,#595,#596,
    #597,#598,#599,#600,#601,#602,#603,#604,#605,#606,#607,#608,#609,
    #610,#611,#612,#613,#614,#615,#616),.UNSPECIFIED.,.F.,.F.,(8,6,6,6,8
    ),(0.,0.251665555173,0.501665564309,0.751665573444,1.),
  .UNSPECIFIED.);
#591 = CARTESIAN_POINT('',(-18.93163051049,14.445598339709,
    -27.26785789286));
#592 = CARTESIAN_POINT('',(-18.93162929776,14.590794950112,
    -27.18061496765));
#593 = CARTESIAN_POINT('',(-18.90931071867,14.736070497639,
    -27.09332461223));
#594 = CARTESIAN_POINT('',(-18.86463320059,14.878256017601,
    -27.00789093269));
#595 = CARTESIAN_POINT('',(-18.79837562799,15.014357472626,
    -26.92611292818));
#596 = CARTESIAN_POINT('',(-18.71189370232,15.141590074753,
    -26.8496638681));
#597 = CARTESIAN_POINT('',(-18.60712237952,15.257373293764,
    -26.78009429145));
#598 = CARTESIAN_POINT('',(-18.36711200981,15.460957699249,
    -26.65776843955));
#599 = CARTESIAN_POINT('',(-18.23195103291,15.549047721486,
    -26.60483861426));
#600 = CARTESIAN_POINT('',(-18.0837821319,15.621565424802,
    -26.56126558215));
#601 = CARTESIAN_POINT('',(-17.92557229629,15.676907499017,
    -26.52801270918));
#602 = CARTESIAN_POINT('',(-17.7605168916,15.713956199738,
    -26.50575160393));
#603 = CARTESIAN_POINT('',(-17.59204445634,15.732077670387,
    -26.49486312586));
#604 = CARTESIAN_POINT('',(-17.25550874482,15.730567251655,-26.495770677
    ));
#605 = CARTESIAN_POINT('',(-17.08726693108,15.710934560973,
    -26.50756718767));
#606 = CARTESIAN_POINT('',(-16.92267318843,15.67240634937,
    -26.53071727275));
#607 = CARTESIAN_POINT('',(-16.76514812375,15.615647213336,
    -26.56482160236));
#608 = CARTESIAN_POINT('',(-16.61787327225,15.541803517673,
    -26.60919137105));
#609 = CARTESIAN_POINT('',(-16.48379587363,15.452505116438,
    -26.66284726369));
#610 = CARTESIAN_POINT('',(-16.24786288849,15.24814359279,
    -26.78564005529));
#611 = CARTESIAN_POINT('',(-16.14567586924,15.133149808177,
    -26.8547352919));
#612 = CARTESIAN_POINT('',(-16.06139688886,15.007139852837,
    -26.93044971167));
#613 = CARTESIAN_POINT('',(-15.99686390851,14.872603178756,
    -27.01128750094));
#614 = CARTESIAN_POINT('',(-15.95336335855,14.732221702244,
    -27.09563720182));
#615 = CARTESIAN_POINT('',(-15.93163170725,14.5888730742,-27.1817697472)
  );
#616 = CARTESIAN_POINT('',(-15.93163051057,14.445598339709,
    -27.26785789286));
#617 = FACE_BOUND('',#618,.T.);
#618 = EDGE_LOOP('',(#619,#629,#637,#645));
#619 = ORIENTED_EDGE('',*,*,#620,.F.);
#620 = EDGE_CURVE('',#621,#623,#625,.T.);
#621 = VERTEX_POINT('',#622);
#622 = CARTESIAN_POINT('',(-34.43163051053,21.340167152612,
    -23.12518300801));
#623 = VERTEX_POINT('',#624);
#624 = CARTESIAN_POINT('',(-36.83163051053,21.340167152612,
    -23.12518300801));
#625 = LINE('',#626,#627);
#626 = CARTESIAN_POINT('',(-36.83163051053,21.340167152612,
    -23.12518300801));
#627 = VECTOR('',#628,1.);
#628 = DIRECTION('',(-1.,0.,0.));
#629 = ORIENTED_EDGE('',*,*,#630,.T.);
#630 = EDGE_CURVE('',#621,#631,#633,.T.);
#631 = VERTEX_POINT('',#632);
#632 = CARTESIAN_POINT('',(-34.43163051053,29.226106319072,
    -18.38683271884));
#633 = LINE('',#634,#635);
#634 = CARTESIAN_POINT('',(-34.43163051053,21.340167152612,
    -23.12518300801));
#635 = VECTOR('',#636,1.);
#636 = DIRECTION('',(0.,0.857167300702,0.51503807491));
#637 = ORIENTED_EDGE('',*,*,#638,.F.);
#638 = EDGE_CURVE('',#639,#631,#641,.T.);
#639 = VERTEX_POINT('',#640);
#640 = CARTESIAN_POINT('',(-36.83163051053,29.226106319072,
    -18.38683271884));
#641 = LINE('',#642,#643);
#642 = CARTESIAN_POINT('',(-36.93163051053,29.226106319072,
    -18.38683271884));
#643 = VECTOR('',#644,1.);
#644 = DIRECTION('',(1.,0.,0.));
#645 = ORIENTED_EDGE('',*,*,#646,.T.);
#646 = EDGE_CURVE('',#639,#623,#647,.T.);
#647 = LINE('',#648,#649);
#648 = CARTESIAN_POINT('',(-36.83163051053,29.226106319072,
    -18.38683271884));
#649 = VECTOR('',#650,1.);
#650 = DIRECTION('',(0.,-0.857167300702,-0.51503807491));
#651 = FACE_BOUND('',#652,.T.);
#652 = EDGE_LOOP('',(#653));
#653 = ORIENTED_EDGE('',*,*,#654,.F.);
#654 = EDGE_CURVE('',#655,#655,#657,.T.);
#655 = VERTEX_POINT('',#656);
#656 = CARTESIAN_POINT('',(-50.4,2.334054626874,-34.54520754553));
#657 = ELLIPSE('',#658,3.544397610407,3.1);
#658 = AXIS2_PLACEMENT_3D('',#659,#660,#661);
#659 = CARTESIAN_POINT('',(-53.5,2.334054626874,-34.54520754553));
#660 = DIRECTION('',(-1.266E-14,0.51503807491,-0.857167300702));
#661 = DIRECTION('',(2.284E-14,0.857167300702,0.51503807491));
#662 = PLANE('',#663);
#663 = AXIS2_PLACEMENT_3D('',#664,#665,#666);
#664 = CARTESIAN_POINT('',(-2.499628903418,15.173120185622,
    -26.83071866617));
#665 = DIRECTION('',(-1.492E-14,0.51503807491,-0.857167300702));
#666 = DIRECTION('',(0.,-0.857167300702,-0.51503807491));
#667 = ADVANCED_FACE('',(#668),#680,.T.);
#668 = FACE_BOUND('',#669,.T.);
#669 = EDGE_LOOP('',(#670,#671,#672,#679));
#670 = ORIENTED_EDGE('',*,*,#96,.T.);
#671 = ORIENTED_EDGE('',*,*,#330,.T.);
#672 = ORIENTED_EDGE('',*,*,#673,.F.);
#673 = EDGE_CURVE('',#377,#323,#674,.T.);
#674 = CIRCLE('',#675,1.);
#675 = AXIS2_PLACEMENT_3D('',#676,#677,#678);
#676 = CARTESIAN_POINT('',(4.055631890103,15.102936456865,
    -25.70625590766));
#677 = DIRECTION('',(5.088952072128E-02,-0.856056659522,-0.514370734363)
  );
#678 = DIRECTION('',(8.829742492722E-15,0.51503807491,-0.857167300702));
#679 = ORIENTED_EDGE('',*,*,#376,.T.);
#680 = CYLINDRICAL_SURFACE('',#681,1.);
#681 = AXIS2_PLACEMENT_3D('',#682,#683,#684);
#682 = CARTESIAN_POINT('',(4.214728948841,12.426627175266,
    -27.31434475931));
#683 = DIRECTION('',(5.088952072128E-02,-0.856056659522,-0.514370734363)
  );
#684 = DIRECTION('',(0.673136079837,0.409871203585,-0.615543186538));
#685 = ADVANCED_FACE('',(#686),#698,.T.);
#686 = FACE_BOUND('',#687,.T.);
#687 = EDGE_LOOP('',(#688,#689,#690,#697));
#688 = ORIENTED_EDGE('',*,*,#141,.F.);
#689 = ORIENTED_EDGE('',*,*,#367,.T.);
#690 = ORIENTED_EDGE('',*,*,#691,.F.);
#691 = EDGE_CURVE('',#180,#368,#692,.T.);
#692 = ELLIPSE('',#693,2.000286601825,2.);
#693 = AXIS2_PLACEMENT_3D('',#694,#695,#696);
#694 = CARTESIAN_POINT('',(-41.48095693785,35.70188121329,
    -12.16252781279));
#695 = DIRECTION('',(-0.99985671962,1.45096988568E-02,8.718306637021E-03
    ));
#696 = DIRECTION('',(1.692749926989E-02,0.857044485445,0.514964280059));
#697 = ORIENTED_EDGE('',*,*,#204,.T.);
#698 = CYLINDRICAL_SURFACE('',#699,2.);
#699 = AXIS2_PLACEMENT_3D('',#700,#701,#702);
#700 = CARTESIAN_POINT('',(-38.67952376915,35.70188121329,
    -12.16252781279));
#701 = DIRECTION('',(1.,0.,0.));
#702 = DIRECTION('',(0.,0.713250449154,-0.7009092643));
#703 = ADVANCED_FACE('',(#704),#729,.T.);
#704 = FACE_BOUND('',#705,.T.);
#705 = EDGE_LOOP('',(#706,#707,#715,#723));
#706 = ORIENTED_EDGE('',*,*,#189,.F.);
#707 = ORIENTED_EDGE('',*,*,#708,.T.);
#708 = EDGE_CURVE('',#182,#709,#711,.T.);
#709 = VERTEX_POINT('',#710);
#710 = CARTESIAN_POINT('',(-41.39052270014,38.201287803936,
    -7.833428609021));
#711 = LINE('',#712,#713);
#712 = CARTESIAN_POINT('',(-41.39052270014,39.933338611505,
    -8.833428609021));
#713 = VECTOR('',#714,1.);
#714 = DIRECTION('',(1.05E-15,-0.866025403784,0.5));
#715 = ORIENTED_EDGE('',*,*,#716,.F.);
#716 = EDGE_CURVE('',#717,#709,#719,.T.);
#717 = VERTEX_POINT('',#718);
#718 = CARTESIAN_POINT('',(-41.36584735482,39.034506393492,-6.3902516781
    ));
#719 = LINE('',#720,#721);
#720 = CARTESIAN_POINT('',(-41.40163990683,37.825890290532,
    -8.483636175272));
#721 = VECTOR('',#722,1.);
#722 = DIRECTION('',(-1.480562303086E-02,-0.499945195378,-0.865930479395
    ));
#723 = ORIENTED_EDGE('',*,*,#724,.F.);
#724 = EDGE_CURVE('',#190,#717,#725,.T.);
#725 = LINE('',#726,#727);
#726 = CARTESIAN_POINT('',(-41.36584735482,40.766557201061,-7.3902516781
    ));
#727 = VECTOR('',#728,1.);
#728 = DIRECTION('',(1.05E-15,-0.866025403784,0.5));
#729 = PLANE('',#730);
#730 = AXIS2_PLACEMENT_3D('',#731,#732,#733);
#731 = CARTESIAN_POINT('',(-41.39052270014,39.933338611505,
    -8.833428609021));
#732 = DIRECTION('',(-0.999890390756,7.402811515435E-03,
    1.282204566358E-02));
#733 = DIRECTION('',(1.480562303086E-02,0.499945195378,0.865930479395));
#734 = ADVANCED_FACE('',(#735),#773,.T.);
#735 = FACE_BOUND('',#736,.T.);
#736 = EDGE_LOOP('',(#737,#738,#739,#747,#755,#767));
#737 = ORIENTED_EDGE('',*,*,#227,.F.);
#738 = ORIENTED_EDGE('',*,*,#197,.T.);
#739 = ORIENTED_EDGE('',*,*,#740,.T.);
#740 = EDGE_CURVE('',#190,#741,#743,.T.);
#741 = VERTEX_POINT('',#742);
#742 = CARTESIAN_POINT('',(-43.86584735482,40.766557201061,-7.3902516781
    ));
#743 = LINE('',#744,#745);
#744 = CARTESIAN_POINT('',(-38.67952376915,40.766557201061,-7.3902516781
    ));
#745 = VECTOR('',#746,1.);
#746 = DIRECTION('',(-1.,0.,0.));
#747 = ORIENTED_EDGE('',*,*,#748,.T.);
#748 = EDGE_CURVE('',#741,#749,#751,.T.);
#749 = VERTEX_POINT('',#750);
#750 = CARTESIAN_POINT('',(-58.41684660145,40.766557201061,-7.3902516781
    ));
#751 = LINE('',#752,#753);
#752 = CARTESIAN_POINT('',(-38.67952376915,40.766557201061,-7.3902516781
    ));
#753 = VECTOR('',#754,1.);
#754 = DIRECTION('',(-1.,0.,0.));
#755 = ORIENTED_EDGE('',*,*,#756,.F.);
#756 = EDGE_CURVE('',#757,#749,#759,.T.);
#757 = VERTEX_POINT('',#758);
#758 = CARTESIAN_POINT('',(-58.42840081527,40.936619426082,
    -5.77221768935));
#759 = B_SPLINE_CURVE_WITH_KNOTS('',6,(#760,#761,#762,#763,#764,#765,
    #766),.UNSPECIFIED.,.F.,.F.,(7,7),(33.378213582824,35.028586116977),
  .PIECEWISE_BEZIER_KNOTS.);
#760 = CARTESIAN_POINT('',(-58.42840081533,40.936619426082,
    -5.77221768935));
#761 = CARTESIAN_POINT('',(-58.42478808677,41.022657715822,
    -6.037016317249));
#762 = CARTESIAN_POINT('',(-58.42172898001,41.064234547652,
    -6.315551200159));
#763 = CARTESIAN_POINT('',(-58.41932006518,41.059412454387,
    -6.600113997334));
#764 = CARTESIAN_POINT('',(-58.41766601569,41.006067681389,
    -6.88166336173));
#765 = CARTESIAN_POINT('',(-58.41684660145,40.906342027034,
    -7.148137257387));
#766 = CARTESIAN_POINT('',(-58.41684660145,40.766557201061,-7.3902516781
    ));
#767 = ORIENTED_EDGE('',*,*,#768,.T.);
#768 = EDGE_CURVE('',#757,#219,#769,.T.);
#769 = LINE('',#770,#771);
#770 = CARTESIAN_POINT('',(-15.125,40.936619426082,-5.77221768935));
#771 = VECTOR('',#772,1.);
#772 = DIRECTION('',(1.,0.,0.));
#773 = CYLINDRICAL_SURFACE('',#774,2.);
#774 = AXIS2_PLACEMENT_3D('',#775,#776,#777);
#775 = CARTESIAN_POINT('',(-38.67952376915,39.034506393492,-6.3902516781
    ));
#776 = DIRECTION('',(1.,0.,0.));
#777 = DIRECTION('',(0.,0.994521895368,-0.104528463268));
#778 = ADVANCED_FACE('',(#779),#798,.T.);
#779 = FACE_BOUND('',#780,.T.);
#780 = EDGE_LOOP('',(#781,#790,#791,#792));
#781 = ORIENTED_EDGE('',*,*,#782,.T.);
#782 = EDGE_CURVE('',#783,#338,#785,.T.);
#783 = VERTEX_POINT('',#784);
#784 = CARTESIAN_POINT('',(3.095053494938,39.856649978902,
    -2.448413501111));
#785 = CIRCLE('',#786,1.);
#786 = AXIS2_PLACEMENT_3D('',#787,#788,#789);
#787 = CARTESIAN_POINT('',(3.095053494938,38.905593462607,
    -2.757430495486));
#788 = DIRECTION('',(-7.787049330355E-02,0.308078658993,-0.948168616938)
  );
#789 = DIRECTION('',(-3.798003578304E-14,0.951056516295,0.309016994375)
  );
#790 = ORIENTED_EDGE('',*,*,#337,.T.);
#791 = ORIENTED_EDGE('',*,*,#266,.F.);
#792 = ORIENTED_EDGE('',*,*,#793,.T.);
#793 = EDGE_CURVE('',#267,#783,#794,.T.);
#794 = LINE('',#795,#796);
#795 = CARTESIAN_POINT('',(3.127952125398,39.726493285079,
    -2.047832387278));
#796 = VECTOR('',#797,1.);
#797 = DIRECTION('',(7.787049330355E-02,-0.308078658993,0.948168616938)
  );
#798 = CYLINDRICAL_SURFACE('',#799,1.);
#799 = AXIS2_PLACEMENT_3D('',#800,#801,#802);
#800 = CARTESIAN_POINT('',(3.127952125398,38.775436768783,
    -2.356849381653));
#801 = DIRECTION('',(7.787049330355E-02,-0.308078658993,0.948168616938)
  );
#802 = DIRECTION('',(0.679859218796,0.712028891984,0.175517234476));
#803 = ADVANCED_FACE('',(#804,#919,#930),#941,.T.);
#804 = FACE_BOUND('',#805,.T.);
#805 = EDGE_LOOP('',(#806,#807,#815,#835,#850,#858,#869,#877,#885,#893,
    #902,#910,#917,#918));
#806 = ORIENTED_EDGE('',*,*,#768,.F.);
#807 = ORIENTED_EDGE('',*,*,#808,.F.);
#808 = EDGE_CURVE('',#809,#757,#811,.T.);
#809 = VERTEX_POINT('',#810);
#810 = CARTESIAN_POINT('',(-59.0678199553,33.322656934432,
    17.661149323869));
#811 = LINE('',#812,#813);
#812 = CARTESIAN_POINT('',(-59.03965593511,33.658023488134,
    16.62899720262));
#813 = VECTOR('',#814,1.);
#814 = DIRECTION('',(2.59424549622E-02,0.30891299096,-0.950736426696));
#815 = ORIENTED_EDGE('',*,*,#816,.F.);
#816 = EDGE_CURVE('',#817,#809,#819,.T.);
#817 = VERTEX_POINT('',#818);
#818 = CARTESIAN_POINT('',(-56.99974542289,31.670839540448,
    22.744920523752));
#819 = ( BOUNDED_CURVE() B_SPLINE_CURVE(14,(#820,#821,#822,#823,#824,
    #825,#826,#827,#828,#829,#830,#831,#832,#833,#834),.UNSPECIFIED.,.F.
,.F.) B_SPLINE_CURVE_WITH_KNOTS((15,15),(1.552748850105,8.728882898209),
.PIECEWISE_BEZIER_KNOTS.) CURVE() GEOMETRIC_REPRESENTATION_ITEM() 
RATIONAL_B_SPLINE_CURVE((1.,1.,0.999999999998,1.000000000004,
    0.999999999991,1.000000000014,0.999999999982,1.000000000019,
    0.999999999984,1.000000000011,0.999999999993,1.000000000003,
0.999999999999,1.,1.)) REPRESENTATION_ITEM('') );
#820 = CARTESIAN_POINT('',(-56.82949601134,31.633353476295,
    22.86029076627));
#821 = CARTESIAN_POINT('',(-57.30248840055,31.731127762503,
    22.559372455248));
#822 = CARTESIAN_POINT('',(-57.70219449183,31.850941731696,
    22.190622974738));
#823 = CARTESIAN_POINT('',(-58.02291953351,31.981560146569,
    21.788620829632));
#824 = CARTESIAN_POINT('',(-58.27495696574,32.111897000122,
    21.387485241166));
#825 = CARTESIAN_POINT('',(-58.48654528719,32.245336775561,
    20.976799841094));
#826 = CARTESIAN_POINT('',(-58.6355270888,32.368533735733,
    20.597638584936));
#827 = CARTESIAN_POINT('',(-58.773766288,32.495432095935,20.207085590861
    ));
#828 = CARTESIAN_POINT('',(-58.8612781647,32.612586440743,19.84652159252
    ));
#829 = CARTESIAN_POINT('',(-58.9420142487,32.727340563425,
    19.493344718335));
#830 = CARTESIAN_POINT('',(-58.99799562738,32.842297058677,
    19.139545005397));
#831 = CARTESIAN_POINT('',(-59.04110457789,32.955899091079,
    18.789913900487));
#832 = CARTESIAN_POINT('',(-59.06841311169,33.073163759907,
    18.42901035974));
#833 = CARTESIAN_POINT('',(-59.07855499641,33.194828104722,
    18.054566008644));
#834 = CARTESIAN_POINT('',(-59.0678199553,33.322656934432,
    17.661149323869));
#835 = ORIENTED_EDGE('',*,*,#836,.F.);
#836 = EDGE_CURVE('',#837,#817,#839,.T.);
#837 = VERTEX_POINT('',#838);
#838 = CARTESIAN_POINT('',(-53.17039281498,31.35677174161,
    23.711521817793));
#839 = B_SPLINE_CURVE_WITH_KNOTS('',9,(#840,#841,#842,#843,#844,#845,
    #846,#847,#848,#849),.UNSPECIFIED.,.F.,.F.,(10,10),(0.,1.),
  .PIECEWISE_BEZIER_KNOTS.);
#840 = CARTESIAN_POINT('',(-53.17039281497,31.35677174161,
    23.711521817793));
#841 = CARTESIAN_POINT('',(-53.61865703419,31.35677174161,
    23.711521817793));
#842 = CARTESIAN_POINT('',(-54.06692151607,31.361160145952,
    23.698015697996));
#843 = CARTESIAN_POINT('',(-54.51467047107,31.3719424468,23.664831188184
    ));
#844 = CARTESIAN_POINT('',(-54.96057310832,31.391114934699,
    23.605824337811));
#845 = CARTESIAN_POINT('',(-55.40193198374,31.420629590706,
    23.51498756691));
#846 = CARTESIAN_POINT('',(-55.83424876461,31.462304699178,
    23.386724771658));
#847 = CARTESIAN_POINT('',(-56.25067875088,31.517604345115,
    23.216529961745));
#848 = CARTESIAN_POINT('',(-56.6423784144,31.587216507255,23.00228575634
    ));
#849 = CARTESIAN_POINT('',(-56.99974542289,31.670839540448,
    22.744920523753));
#850 = ORIENTED_EDGE('',*,*,#851,.F.);
#851 = EDGE_CURVE('',#852,#837,#854,.T.);
#852 = VERTEX_POINT('',#853);
#853 = CARTESIAN_POINT('',(55.807547013178,31.356771741611,
    23.711521817795));
#854 = LINE('',#855,#856);
#855 = CARTESIAN_POINT('',(-9.669980415625E-02,31.356771741611,
    23.711521817794));
#856 = VECTOR('',#857,1.);
#857 = DIRECTION('',(-1.,-1.044E-14,-1.807E-14));
#858 = ORIENTED_EDGE('',*,*,#859,.F.);
#859 = EDGE_CURVE('',#860,#852,#862,.T.);
#860 = VERTEX_POINT('',#861);
#861 = CARTESIAN_POINT('',(59.088846703753,33.072278326863,
    18.431735442447));
#862 = B_SPLINE_CURVE_WITH_KNOTS('',3,(#863,#864,#865,#866,#867,#868),
  .UNSPECIFIED.,.F.,.F.,(4,1,1,4),(-1.612256510526,-0.921813135267,
    -0.461517551761,-1.221968255066E-03),.UNSPECIFIED.);
#863 = CARTESIAN_POINT('',(59.088846703753,33.072278326863,
    18.431735442447));
#864 = CARTESIAN_POINT('',(59.120810587586,32.691664426908,
    19.603144576359));
#865 = CARTESIAN_POINT('',(58.67852020348,32.050673430685,
    21.575912012913));
#866 = CARTESIAN_POINT('',(57.148765993937,31.469807468147,
    23.363633623122));
#867 = CARTESIAN_POINT('',(56.049999632925,31.350577115806,
    23.730586915653));
#868 = CARTESIAN_POINT('',(55.499729943962,31.350577115806,
    23.730586915653));
#869 = ORIENTED_EDGE('',*,*,#870,.F.);
#870 = EDGE_CURVE('',#871,#860,#873,.T.);
#871 = VERTEX_POINT('',#872);
#872 = CARTESIAN_POINT('',(58.428400815284,40.936619426082,
    -5.77221768935));
#873 = LINE('',#874,#875);
#874 = CARTESIAN_POINT('',(59.151086638292,32.331148608666,
    20.712698175055));
#875 = VECTOR('',#876,1.);
#876 = DIRECTION('',(2.59424549622E-02,-0.30891299096,0.950736426696));
#877 = ORIENTED_EDGE('',*,*,#878,.F.);
#878 = EDGE_CURVE('',#879,#871,#881,.T.);
#879 = VERTEX_POINT('',#880);
#880 = CARTESIAN_POINT('',(57.177921445551,40.936619426082,
    -5.77221768935));
#881 = LINE('',#882,#883);
#882 = CARTESIAN_POINT('',(-15.125,40.936619426082,-5.77221768935));
#883 = VECTOR('',#884,1.);
#884 = DIRECTION('',(1.,0.,0.));
#885 = ORIENTED_EDGE('',*,*,#886,.F.);
#886 = EDGE_CURVE('',#887,#879,#889,.T.);
#887 = VERTEX_POINT('',#888);
#888 = CARTESIAN_POINT('',(56.904946505062,39.856649978902,
    -2.448413501111));
#889 = LINE('',#890,#891);
#890 = CARTESIAN_POINT('',(55.974243159076,36.174512797189,
    8.884039484668));
#891 = VECTOR('',#892,1.);
#892 = DIRECTION('',(7.787049330355E-02,0.308078658993,-0.948168616938)
  );
#893 = ORIENTED_EDGE('',*,*,#894,.F.);
#894 = EDGE_CURVE('',#895,#887,#897,.T.);
#895 = VERTEX_POINT('',#896);
#896 = CARTESIAN_POINT('',(53.865216861282,38.979786520461,
    0.250294729282));
#897 = ELLIPSE('',#898,3.047511040867,3.);
#898 = AXIS2_PLACEMENT_3D('',#899,#900,#901);
#899 = CARTESIAN_POINT('',(53.904028017428,39.918393310703,
    -2.638439936925));
#900 = DIRECTION('',(0.,0.951056516295,0.309016994375));
#901 = DIRECTION('',(-0.462848149071,-0.273924278009,0.84305224086));
#902 = ORIENTED_EDGE('',*,*,#903,.F.);
#903 = EDGE_CURVE('',#904,#895,#906,.T.);
#904 = VERTEX_POINT('',#905);
#905 = CARTESIAN_POINT('',(6.134783138718,38.979786520461,0.250294729282
    ));
#906 = LINE('',#907,#908);
#907 = CARTESIAN_POINT('',(-12.125,38.979786520461,0.250294729282));
#908 = VECTOR('',#909,1.);
#909 = DIRECTION('',(1.,0.,0.));
#910 = ORIENTED_EDGE('',*,*,#911,.F.);
#911 = EDGE_CURVE('',#783,#904,#912,.T.);
#912 = ELLIPSE('',#913,3.047511040867,3.);
#913 = AXIS2_PLACEMENT_3D('',#914,#915,#916);
#914 = CARTESIAN_POINT('',(6.095971982572,39.918393310703,
    -2.638439936925));
#915 = DIRECTION('',(0.,0.951056516295,0.309016994375));
#916 = DIRECTION('',(-0.462848149071,0.273924278009,-0.84305224086));
#917 = ORIENTED_EDGE('',*,*,#793,.F.);
#918 = ORIENTED_EDGE('',*,*,#275,.F.);
#919 = FACE_BOUND('',#920,.T.);
#920 = EDGE_LOOP('',(#921));
#921 = ORIENTED_EDGE('',*,*,#922,.T.);
#922 = EDGE_CURVE('',#923,#923,#925,.T.);
#923 = VERTEX_POINT('',#924);
#924 = CARTESIAN_POINT('',(56.7144998068,34.803401059258,13.103887508127
    ));
#925 = ELLIPSE('',#926,4.805800647629,3.215103997313);
#926 = AXIS2_PLACEMENT_3D('',#927,#928,#929);
#927 = CARTESIAN_POINT('',(53.5,34.832190428329,13.01528294089));
#928 = DIRECTION('',(0.,-0.951056516295,-0.309016994375));
#929 = DIRECTION('',(2.033E-14,-0.309016994375,0.951056516295));
#930 = FACE_BOUND('',#931,.T.);
#931 = EDGE_LOOP('',(#932));
#932 = ORIENTED_EDGE('',*,*,#933,.F.);
#933 = EDGE_CURVE('',#934,#934,#936,.T.);
#934 = VERTEX_POINT('',#935);
#935 = CARTESIAN_POINT('',(-50.4,34.803401059258,13.103887508123));
#936 = ELLIPSE('',#937,4.632877304582,3.1);
#937 = AXIS2_PLACEMENT_3D('',#938,#939,#940);
#938 = CARTESIAN_POINT('',(-53.5,34.803401059258,13.103887508123));
#939 = DIRECTION('',(-1.551E-14,0.951056516295,0.309016994375));
#940 = DIRECTION('',(1.397E-14,0.309016994375,-0.951056516295));
#941 = PLANE('',#942);
#942 = AXIS2_PLACEMENT_3D('',#943,#944,#945);
#943 = CARTESIAN_POINT('',(1.020734335785,35.95881878257,9.547877402529)
  );
#944 = DIRECTION('',(-1.941E-14,0.951056516295,0.309016994375));
#945 = DIRECTION('',(-7.88860905221E-31,-0.309016994375,0.951056516295)
  );
#946 = ADVANCED_FACE('',(#947),#1203,.T.);
#947 = FACE_BOUND('',#948,.T.);
#948 = EDGE_LOOP('',(#949,#960,#969,#977,#986,#995,#1004,#1012,#1021,
    #1029,#1038,#1047,#1055,#1064,#1073,#1081,#1089,#1097,#1106,#1114,
    #1121,#1122,#1130,#1138,#1146,#1154,#1162,#1170,#1178,#1187,#1196));
#949 = ORIENTED_EDGE('',*,*,#950,.F.);
#950 = EDGE_CURVE('',#951,#953,#955,.T.);
#951 = VERTEX_POINT('',#952);
#952 = CARTESIAN_POINT('',(-48.79100254845,-1.42715369654,-34.4719027126
    ));
#953 = VERTEX_POINT('',#954);
#954 = CARTESIAN_POINT('',(-48.45869972322,0.597490101028,
    -33.25537398708));
#955 = ELLIPSE('',#956,5.771003431768,5.047433331394);
#956 = AXIS2_PLACEMENT_3D('',#957,#958,#959);
#957 = CARTESIAN_POINT('',(-53.5,0.353707290281,-33.40185347766));
#958 = DIRECTION('',(1.428E-14,-0.51503807491,0.857167300702));
#959 = DIRECTION('',(-2.575E-14,-0.857167300702,-0.51503807491));
#960 = ORIENTED_EDGE('',*,*,#961,.T.);
#961 = EDGE_CURVE('',#951,#962,#964,.T.);
#962 = VERTEX_POINT('',#963);
#963 = CARTESIAN_POINT('',(-57.97650449538,-1.931605243488,
    -34.77500778137));
#964 = ELLIPSE('',#965,5.771003431768,5.047433331394);
#965 = AXIS2_PLACEMENT_3D('',#966,#967,#968);
#966 = CARTESIAN_POINT('',(-53.5,0.353707290281,-33.40185347766));
#967 = DIRECTION('',(0.,0.51503807491,-0.857167300702));
#968 = DIRECTION('',(0.,-0.857167300702,-0.51503807491));
#969 = ORIENTED_EDGE('',*,*,#970,.F.);
#970 = EDGE_CURVE('',#971,#962,#973,.T.);
#971 = VERTEX_POINT('',#972);
#972 = CARTESIAN_POINT('',(-57.97650449538,-2.586429870033,
    -35.16846611183));
#973 = LINE('',#974,#975);
#974 = CARTESIAN_POINT('',(-57.97650449538,-4.054165669096,
    -36.05037075262));
#975 = VECTOR('',#976,1.);
#976 = DIRECTION('',(1.E-16,0.857167300702,0.51503807491));
#977 = ORIENTED_EDGE('',*,*,#978,.F.);
#978 = EDGE_CURVE('',#979,#971,#981,.T.);
#979 = VERTEX_POINT('',#980);
#980 = CARTESIAN_POINT('',(-56.00140075712,-4.963252259374,
    -36.59660508401));
#981 = ELLIPSE('',#982,2.831521488908,2.476504495388);
#982 = AXIS2_PLACEMENT_3D('',#983,#984,#985);
#983 = CARTESIAN_POINT('',(-55.5,-2.586429870033,-35.16846611183));
#984 = DIRECTION('',(0.,0.51503807491,-0.857167300702));
#985 = DIRECTION('',(0.,-0.857167300702,-0.51503807491));
#986 = ORIENTED_EDGE('',*,*,#987,.T.);
#987 = EDGE_CURVE('',#979,#988,#990,.T.);
#988 = VERTEX_POINT('',#989);
#989 = CARTESIAN_POINT('',(-55.96684327367,-5.252482296347,
    -36.77039202307));
#990 = ELLIPSE('',#991,2.180043084926,0.527558603839);
#991 = AXIS2_PLACEMENT_3D('',#992,#993,#994);
#992 = CARTESIAN_POINT('',(-55.5,-4.382139959001,-36.24743758749));
#993 = DIRECTION('',(0.,-0.51503807491,0.857167300702));
#994 = DIRECTION('',(-4.07E-15,0.857167300702,0.51503807491));
#995 = ORIENTED_EDGE('',*,*,#996,.T.);
#996 = EDGE_CURVE('',#988,#997,#999,.T.);
#997 = VERTEX_POINT('',#998);
#998 = CARTESIAN_POINT('',(-55.500312835,-5.292171468793,-36.79423968379
    ));
#999 = ELLIPSE('',#1000,3.09096060259,2.705247229221);
#1000 = AXIS2_PLACEMENT_3D('',#1001,#1002,#1003);
#1001 = CARTESIAN_POINT('',(-55.50269840964,-2.642704484671,
    -35.20227931162));
#1002 = DIRECTION('',(2.168404344971E-19,-0.51503807491,0.857167300702)
  );
#1003 = DIRECTION('',(-3.29822016477E-03,0.857162638447,0.515035273544)
  );
#1004 = ORIENTED_EDGE('',*,*,#1005,.T.);
#1005 = EDGE_CURVE('',#997,#1006,#1008,.T.);
#1006 = VERTEX_POINT('',#1007);
#1007 = CARTESIAN_POINT('',(55.498689550313,-5.292171468793,
    -36.79423968379));
#1008 = LINE('',#1009,#1010);
#1009 = CARTESIAN_POINT('',(45.375,-5.292171468793,-36.79423968379));
#1010 = VECTOR('',#1011,1.);
#1011 = DIRECTION('',(1.,0.,0.));
#1012 = ORIENTED_EDGE('',*,*,#1013,.T.);
#1013 = EDGE_CURVE('',#1006,#1014,#1016,.T.);
#1014 = VERTEX_POINT('',#1015);
#1015 = CARTESIAN_POINT('',(58.207405666978,-2.587179140417,
    -35.1689163189));
#1016 = ELLIPSE('',#1017,3.093581734944,2.707190101046);
#1017 = AXIS2_PLACEMENT_3D('',#1018,#1019,#1020);
#1018 = CARTESIAN_POINT('',(55.500718782465,-2.640456799397,
    -35.20092876606));
#1019 = DIRECTION('',(0.,-0.51503807491,0.857167300702));
#1020 = DIRECTION('',(2.800793797823E-03,0.857163938694,0.515036054812)
  );
#1021 = ORIENTED_EDGE('',*,*,#1022,.T.);
#1022 = EDGE_CURVE('',#1014,#1023,#1025,.T.);
#1023 = VERTEX_POINT('',#1024);
#1024 = CARTESIAN_POINT('',(58.187278869684,-1.568153213688,
    -34.55662376976));
#1025 = LINE('',#1026,#1027);
#1026 = CARTESIAN_POINT('',(57.58663363591,28.842699394016,
    -16.28394004674));
#1027 = VECTOR('',#1028,1.);
#1028 = DIRECTION('',(-1.692749926991E-02,0.857044485445,0.514964280059)
  );
#1029 = ORIENTED_EDGE('',*,*,#1030,.T.);
#1030 = EDGE_CURVE('',#1023,#1031,#1033,.T.);
#1031 = VERTEX_POINT('',#1032);
#1032 = CARTESIAN_POINT('',(48.402395926939,0.560418983421,
    -33.27764856176));
#1033 = ELLIPSE('',#1034,5.831565929572,5.10016374202);
#1034 = AXIS2_PLACEMENT_3D('',#1035,#1036,#1037);
#1035 = CARTESIAN_POINT('',(53.5,0.402071514304,-33.37279332008));
#1036 = DIRECTION('',(0.,0.51503807491,-0.857167300702));
#1037 = DIRECTION('',(1.828E-14,0.857167300702,0.51503807491));
#1038 = ORIENTED_EDGE('',*,*,#1039,.F.);
#1039 = EDGE_CURVE('',#1040,#1031,#1042,.T.);
#1040 = VERTEX_POINT('',#1041);
#1041 = CARTESIAN_POINT('',(44.502578377101,7.382578321685,
    -29.17848150955));
#1042 = ELLIPSE('',#1043,4.573416271493,4.);
#1043 = AXIS2_PLACEMENT_3D('',#1044,#1045,#1046);
#1044 = CARTESIAN_POINT('',(46.2,3.832869596652,-31.31136186055));
#1045 = DIRECTION('',(1.428E-14,-0.51503807491,0.857167300702));
#1046 = DIRECTION('',(-2.576E-14,-0.857167300702,-0.51503807491));
#1047 = ORIENTED_EDGE('',*,*,#1048,.T.);
#1048 = EDGE_CURVE('',#1040,#1049,#1051,.T.);
#1049 = VERTEX_POINT('',#1050);
#1050 = CARTESIAN_POINT('',(47.897421622911,7.382578321682,
    -29.17848150955));
#1051 = LINE('',#1052,#1053);
#1052 = CARTESIAN_POINT('',(0.,7.382578247022,-29.17848138529));
#1053 = VECTOR('',#1054,1.);
#1054 = DIRECTION('',(1.,0.,0.));
#1055 = ORIENTED_EDGE('',*,*,#1056,.F.);
#1056 = EDGE_CURVE('',#1057,#1049,#1059,.T.);
#1057 = VERTEX_POINT('',#1058);
#1058 = CARTESIAN_POINT('',(50.182542166694,4.198727227969,
    -31.09153241773));
#1059 = ELLIPSE('',#1060,4.573416271493,4.);
#1060 = AXIS2_PLACEMENT_3D('',#1061,#1062,#1063);
#1061 = CARTESIAN_POINT('',(46.2,3.832869596652,-31.31136186055));
#1062 = DIRECTION('',(1.428E-14,-0.51503807491,0.857167300702));
#1063 = DIRECTION('',(-2.576E-14,-0.857167300702,-0.51503807491));
#1064 = ORIENTED_EDGE('',*,*,#1065,.T.);
#1065 = EDGE_CURVE('',#1057,#1066,#1068,.T.);
#1066 = VERTEX_POINT('',#1067);
#1067 = CARTESIAN_POINT('',(58.105968581306,2.548611652356,
    -32.08302188396));
#1068 = ELLIPSE('',#1069,5.831565929572,5.10016374202);
#1069 = AXIS2_PLACEMENT_3D('',#1070,#1071,#1072);
#1070 = CARTESIAN_POINT('',(53.5,0.402071514304,-33.37279332008));
#1071 = DIRECTION('',(0.,0.51503807491,-0.857167300702));
#1072 = DIRECTION('',(1.828E-14,0.857167300702,0.51503807491));
#1073 = ORIENTED_EDGE('',*,*,#1074,.T.);
#1074 = EDGE_CURVE('',#1066,#1075,#1077,.T.);
#1075 = VERTEX_POINT('',#1076);
#1076 = CARTESIAN_POINT('',(57.810841752415,17.490973614649,
    -23.10474502556));
#1077 = LINE('',#1078,#1079);
#1078 = CARTESIAN_POINT('',(57.58663363591,28.842699394016,
    -16.28394004674));
#1079 = VECTOR('',#1080,1.);
#1080 = DIRECTION('',(-1.692749926991E-02,0.857044485445,0.514964280059)
  );
#1081 = ORIENTED_EDGE('',*,*,#1082,.T.);
#1082 = EDGE_CURVE('',#1075,#1083,#1085,.T.);
#1083 = VERTEX_POINT('',#1084);
#1084 = CARTESIAN_POINT('',(55.019511082077,17.490973632743,
    -23.10474499422));
#1085 = LINE('',#1086,#1087);
#1086 = CARTESIAN_POINT('',(28.289808059292,17.490973673494,
    -23.10474492364));
#1087 = VECTOR('',#1088,1.);
#1088 = DIRECTION('',(-1.,-3.6549492E-10,-6.3305578E-10));
#1089 = ORIENTED_EDGE('',*,*,#1090,.F.);
#1090 = EDGE_CURVE('',#1091,#1083,#1093,.T.);
#1091 = VERTEX_POINT('',#1092);
#1092 = CARTESIAN_POINT('',(54.825909069197,14.234226753152,
    -25.06159583794));
#1093 = LINE('',#1094,#1095);
#1094 = CARTESIAN_POINT('',(55.202649030535,20.571695435753,
    -21.25366068147));
#1095 = VECTOR('',#1096,1.);
#1096 = DIRECTION('',(5.088952283641E-02,0.856056671311,0.514370714534)
  );
#1097 = ORIENTED_EDGE('',*,*,#1098,.T.);
#1098 = EDGE_CURVE('',#1091,#1099,#1101,.T.);
#1099 = VERTEX_POINT('',#1100);
#1100 = CARTESIAN_POINT('',(52.727362767224,12.392190317263,
    -26.16840293317));
#1101 = ELLIPSE('',#1102,2.184558319591,2.);
#1102 = AXIS2_PLACEMENT_3D('',#1103,#1104,#1105);
#1103 = CARTESIAN_POINT('',(52.816102173391,14.254575545952,
    -25.04936905034));
#1104 = DIRECTION('',(-1.387778780781E-17,0.515038055111,-0.857167312599
    ));
#1105 = DIRECTION('',(0.258432338086,0.828048791401,0.497541883354));
#1106 = ORIENTED_EDGE('',*,*,#1107,.F.);
#1107 = EDGE_CURVE('',#1108,#1099,#1110,.T.);
#1108 = VERTEX_POINT('',#1109);
#1109 = CARTESIAN_POINT('',(7.272637232777,12.392190317266,
    -26.16840293316));
#1110 = LINE('',#1111,#1112);
#1111 = CARTESIAN_POINT('',(27.,12.392190317267,-26.16840293316));
#1112 = VECTOR('',#1113,1.);
#1113 = DIRECTION('',(1.,0.,0.));
#1114 = ORIENTED_EDGE('',*,*,#1115,.T.);
#1115 = EDGE_CURVE('',#1108,#315,#1116,.T.);
#1116 = ELLIPSE('',#1117,2.184558319591,2.);
#1117 = AXIS2_PLACEMENT_3D('',#1118,#1119,#1120);
#1118 = CARTESIAN_POINT('',(7.18389782661,14.254575545955,
    -25.04936905034));
#1119 = DIRECTION('',(1.387778780781E-17,0.515038055111,-0.857167312599)
  );
#1120 = DIRECTION('',(-0.258432338086,0.828048791401,0.497541883354));
#1121 = ORIENTED_EDGE('',*,*,#312,.F.);
#1122 = ORIENTED_EDGE('',*,*,#1123,.F.);
#1123 = EDGE_CURVE('',#1124,#313,#1126,.T.);
#1124 = VERTEX_POINT('',#1125);
#1125 = CARTESIAN_POINT('',(-41.84064086361,17.490973614658,
    -23.10474502555));
#1126 = LINE('',#1127,#1128);
#1127 = CARTESIAN_POINT('',(-29.52103369311,17.490973652365,
    -23.10474496024));
#1128 = VECTOR('',#1129,1.);
#1129 = DIRECTION('',(1.,3.6549492E-10,6.3305578E-10));
#1130 = ORIENTED_EDGE('',*,*,#1131,.T.);
#1131 = EDGE_CURVE('',#1124,#1132,#1134,.T.);
#1132 = VERTEX_POINT('',#1133);
#1133 = CARTESIAN_POINT('',(-42.,9.422571610099,-27.95273004857));
#1134 = LINE('',#1135,#1136);
#1135 = CARTESIAN_POINT('',(-41.98545517879,10.158980373487,
    -27.51025102315));
#1136 = VECTOR('',#1137,1.);
#1137 = DIRECTION('',(-1.69274992699E-02,-0.857044485445,-0.514964280059
    ));
#1138 = ORIENTED_EDGE('',*,*,#1139,.T.);
#1139 = EDGE_CURVE('',#1132,#1140,#1142,.T.);
#1140 = VERTEX_POINT('',#1141);
#1141 = CARTESIAN_POINT('',(-44.5,9.422571610099,-27.95273004857));
#1142 = LINE('',#1143,#1144);
#1143 = CARTESIAN_POINT('',(-22.28743614185,9.4225716101,-27.95273004857
    ));
#1144 = VECTOR('',#1145,1.);
#1145 = DIRECTION('',(-1.,-7.35E-15,1.224E-14));
#1146 = ORIENTED_EDGE('',*,*,#1147,.T.);
#1147 = EDGE_CURVE('',#1140,#1148,#1150,.T.);
#1148 = VERTEX_POINT('',#1149);
#1149 = CARTESIAN_POINT('',(-44.3406408636,17.490973614657,
    -23.10474502555));
#1150 = LINE('',#1151,#1152);
#1151 = CARTESIAN_POINT('',(-44.18035835357,25.606126311003,
    -18.22866935292));
#1152 = VECTOR('',#1153,1.);
#1153 = DIRECTION('',(1.69274992699E-02,0.857044485445,0.514964280059));
#1154 = ORIENTED_EDGE('',*,*,#1155,.F.);
#1155 = EDGE_CURVE('',#1156,#1148,#1158,.T.);
#1156 = VERTEX_POINT('',#1157);
#1157 = CARTESIAN_POINT('',(-57.8108417524,17.490973614658,
    -23.10474502555));
#1158 = LINE('',#1159,#1160);
#1159 = CARTESIAN_POINT('',(-29.52103369311,17.490973652365,
    -23.10474496024));
#1160 = VECTOR('',#1161,1.);
#1161 = DIRECTION('',(1.,3.6549492E-10,6.3305578E-10));
#1162 = ORIENTED_EDGE('',*,*,#1163,.F.);
#1163 = EDGE_CURVE('',#1164,#1156,#1166,.T.);
#1164 = VERTEX_POINT('',#1165);
#1165 = CARTESIAN_POINT('',(-57.97573786707,9.181070510792,
    -28.09786586493));
#1166 = LINE('',#1167,#1168);
#1167 = CARTESIAN_POINT('',(-57.80023034882,18.028232236055,
    -22.78192747772));
#1168 = VECTOR('',#1169,1.);
#1169 = DIRECTION('',(1.692749926995E-02,0.857044485445,0.514964280059)
  );
#1170 = ORIENTED_EDGE('',*,*,#1171,.F.);
#1171 = EDGE_CURVE('',#1172,#1164,#1174,.T.);
#1172 = VERTEX_POINT('',#1173);
#1173 = CARTESIAN_POINT('',(-57.97650449538,2.63901982405,
    -32.02869917394));
#1174 = LINE('',#1175,#1176);
#1175 = CARTESIAN_POINT('',(-57.97650449537,7.966223278906,
    -28.82779240837));
#1176 = VECTOR('',#1177,1.);
#1177 = DIRECTION('',(4.711E-14,0.857167300702,0.51503807491));
#1178 = ORIENTED_EDGE('',*,*,#1179,.F.);
#1179 = EDGE_CURVE('',#1180,#1172,#1182,.T.);
#1180 = VERTEX_POINT('',#1181);
#1181 = CARTESIAN_POINT('',(-50.1914227093,4.089455889883,
    -31.15718926157));
#1182 = ELLIPSE('',#1183,5.771003431768,5.047433331394);
#1183 = AXIS2_PLACEMENT_3D('',#1184,#1185,#1186);
#1184 = CARTESIAN_POINT('',(-53.5,0.353707290281,-33.40185347765));
#1185 = DIRECTION('',(1.428E-14,-0.51503807491,0.857167300702));
#1186 = DIRECTION('',(-2.575E-14,-0.857167300702,-0.51503807491));
#1187 = ORIENTED_EDGE('',*,*,#1188,.F.);
#1188 = EDGE_CURVE('',#1189,#1180,#1191,.T.);
#1189 = VERTEX_POINT('',#1190);
#1190 = CARTESIAN_POINT('',(-42.2,3.832869596651,-31.31136186055));
#1191 = ELLIPSE('',#1192,4.573416271493,4.);
#1192 = AXIS2_PLACEMENT_3D('',#1193,#1194,#1195);
#1193 = CARTESIAN_POINT('',(-46.2,3.832869596651,-31.31136186055));
#1194 = DIRECTION('',(1.428E-14,-0.51503807491,0.857167300702));
#1195 = DIRECTION('',(-2.576E-14,-0.857167300702,-0.51503807491));
#1196 = ORIENTED_EDGE('',*,*,#1197,.F.);
#1197 = EDGE_CURVE('',#953,#1189,#1198,.T.);
#1198 = ELLIPSE('',#1199,4.573416271493,4.);
#1199 = AXIS2_PLACEMENT_3D('',#1200,#1201,#1202);
#1200 = CARTESIAN_POINT('',(-46.2,3.832869596651,-31.31136186055));
#1201 = DIRECTION('',(1.428E-14,-0.51503807491,0.857167300702));
#1202 = DIRECTION('',(-2.576E-14,-0.857167300702,-0.51503807491));
#1203 = PLANE('',#1204);
#1204 = AXIS2_PLACEMENT_3D('',#1205,#1206,#1207);
#1205 = CARTESIAN_POINT('',(-1.231225625364,5.487299881545,
    -30.31727982773));
#1206 = DIRECTION('',(-3.5439091E-10,-0.515038076308,0.857167299862));
#1207 = DIRECTION('',(0.,0.857167299862,0.515038076308));
#1208 = ADVANCED_FACE('',(#1209),#1228,.F.);
#1209 = FACE_BOUND('',#1210,.F.);
#1210 = EDGE_LOOP('',(#1211,#1219,#1220,#1221));
#1211 = ORIENTED_EDGE('',*,*,#1212,.F.);
#1212 = EDGE_CURVE('',#1108,#1213,#1215,.T.);
#1213 = VERTEX_POINT('',#1214);
#1214 = CARTESIAN_POINT('',(7.203451334608,12.927667120768,
    -26.55744960368));
#1215 = LINE('',#1216,#1217);
#1216 = CARTESIAN_POINT('',(8.226940584533,5.006186493723,
    -20.80215704336));
#1217 = VECTOR('',#1218,1.);
#1218 = DIRECTION('',(-0.103962051184,0.804633145357,-0.584600199544));
#1219 = ORIENTED_EDGE('',*,*,#1115,.T.);
#1220 = ORIENTED_EDGE('',*,*,#322,.F.);
#1221 = ORIENTED_EDGE('',*,*,#1222,.T.);
#1222 = EDGE_CURVE('',#323,#1213,#1223,.T.);
#1223 = ELLIPSE('',#1224,2.395342074893,2.);
#1224 = AXIS2_PLACEMENT_3D('',#1225,#1226,#1227);
#1225 = CARTESIAN_POINT('',(7.070342233905,15.133459645346,
    -25.68791572574));
#1226 = DIRECTION('',(-4.340175554642E-02,-0.368658370146,0.928551179923
    ));
#1227 = DIRECTION('',(0.254761786318,-0.902784582085,-0.346520461994));
#1228 = CYLINDRICAL_SURFACE('',#1229,2.);
#1229 = AXIS2_PLACEMENT_3D('',#1230,#1231,#1232);
#1230 = CARTESIAN_POINT('',(8.226940584533,6.181756998308,
    -19.18412305461));
#1231 = DIRECTION('',(-0.103962051184,0.804633145357,-0.584600199544));
#1232 = DIRECTION('',(-0.699422541754,-0.477038259884,-0.53220541776));
#1233 = ADVANCED_FACE('',(#1234),#1261,.F.);
#1234 = FACE_BOUND('',#1235,.F.);
#1235 = EDGE_LOOP('',(#1236,#1237,#1246,#1254));
#1236 = ORIENTED_EDGE('',*,*,#345,.F.);
#1237 = ORIENTED_EDGE('',*,*,#1238,.F.);
#1238 = EDGE_CURVE('',#1239,#346,#1241,.T.);
#1239 = VERTEX_POINT('',#1240);
#1240 = CARTESIAN_POINT('',(6.859217000175,29.42533084204,
    -2.433831952067));
#1241 = ELLIPSE('',#1242,2.582089913762,2.);
#1242 = AXIS2_PLACEMENT_3D('',#1243,#1244,#1245);
#1243 = CARTESIAN_POINT('',(6.991505477051,28.138571276147,
    -4.662564897319));
#1244 = DIRECTION('',(0.,-0.866025403784,0.5));
#1245 = DIRECTION('',(-0.128713284206,0.49584092471,0.858821674069));
#1246 = ORIENTED_EDGE('',*,*,#1247,.F.);
#1247 = EDGE_CURVE('',#1248,#1239,#1250,.T.);
#1248 = VERTEX_POINT('',#1249);
#1249 = CARTESIAN_POINT('',(6.134783138718,38.185164469206,
    -1.046410605688));
#1250 = LINE('',#1251,#1252);
#1251 = CARTESIAN_POINT('',(8.389672777549,10.919103156023,
    -5.364930466631));
#1252 = VECTOR('',#1253,1.);
#1253 = DIRECTION('',(8.141020551246E-02,-0.984409887207,-0.155915209035
    ));
#1254 = ORIENTED_EDGE('',*,*,#1255,.T.);
#1255 = EDGE_CURVE('',#1248,#338,#1256,.T.);
#1256 = ELLIPSE('',#1257,2.070585314399,2.);
#1257 = AXIS2_PLACEMENT_3D('',#1258,#1259,#1260);
#1258 = CARTESIAN_POINT('',(6.095971982572,38.967336794408,-2.9474569313
    ));
#1259 = DIRECTION('',(-3.931748426228E-02,-0.924349908879,
    -0.379514665575));
#1260 = DIRECTION('',(-0.461175177703,0.353723413454,-0.813755001364));
#1261 = CYLINDRICAL_SURFACE('',#1262,2.);
#1262 = AXIS2_PLACEMENT_3D('',#1263,#1264,#1265);
#1263 = CARTESIAN_POINT('',(8.389672777549,11.231972086104,
    -7.340307147821));
#1264 = DIRECTION('',(-8.141020551246E-02,0.984409887207,0.155915209035)
  );
#1265 = DIRECTION('',(-0.68118516666,-0.169151279066,0.712302332941));
#1266 = ADVANCED_FACE('',(#1267,#1359),#1370,.T.);
#1267 = FACE_BOUND('',#1268,.T.);
#1268 = EDGE_LOOP('',(#1269,#1280,#1286,#1287,#1295,#1303,#1312,#1320,
    #1329,#1337,#1343,#1344,#1350,#1351,#1352,#1353));
#1269 = ORIENTED_EDGE('',*,*,#1270,.F.);
#1270 = EDGE_CURVE('',#1271,#1273,#1275,.T.);
#1271 = VERTEX_POINT('',#1272);
#1272 = CARTESIAN_POINT('',(55.019511082076,28.223216756716,
    -4.515954624342));
#1273 = VERTEX_POINT('',#1274);
#1274 = CARTESIAN_POINT('',(53.140782999826,29.425330842041,
    -2.433831952066));
#1275 = ELLIPSE('',#1276,2.582089913762,2.);
#1276 = AXIS2_PLACEMENT_3D('',#1277,#1278,#1279);
#1277 = CARTESIAN_POINT('',(53.008494522949,28.138571276147,
    -4.662564897318));
#1278 = DIRECTION('',(0.,-0.866025403784,0.5));
#1279 = DIRECTION('',(0.128713284206,0.49584092471,0.858821674069));
#1280 = ORIENTED_EDGE('',*,*,#1281,.T.);
#1281 = EDGE_CURVE('',#1271,#1083,#1282,.T.);
#1282 = LINE('',#1283,#1284);
#1283 = CARTESIAN_POINT('',(55.019511082077,17.822878281039,
    -22.52986928011));
#1284 = VECTOR('',#1285,1.);
#1285 = DIRECTION('',(-4.3E-16,-0.5,-0.866025403784));
#1286 = ORIENTED_EDGE('',*,*,#1082,.F.);
#1287 = ORIENTED_EDGE('',*,*,#1288,.T.);
#1288 = EDGE_CURVE('',#1075,#1289,#1291,.T.);
#1289 = VERTEX_POINT('',#1290);
#1290 = CARTESIAN_POINT('',(57.810841752414,34.751525562648,
    6.791407915026));
#1291 = LINE('',#1292,#1293);
#1292 = CARTESIAN_POINT('',(57.810841752414,37.007260281046,
    10.698455055687));
#1293 = VECTOR('',#1294,1.);
#1294 = DIRECTION('',(-9.54E-15,0.5,0.866025403784));
#1295 = ORIENTED_EDGE('',*,*,#1296,.F.);
#1296 = EDGE_CURVE('',#1297,#1289,#1299,.T.);
#1297 = VERTEX_POINT('',#1298);
#1298 = CARTESIAN_POINT('',(49.696554816652,34.751525562648,
    6.791407915026));
#1299 = LINE('',#1300,#1301);
#1300 = CARTESIAN_POINT('',(3.538508,34.751525562648,6.791407915026));
#1301 = VECTOR('',#1302,1.);
#1302 = DIRECTION('',(1.,0.,0.));
#1303 = ORIENTED_EDGE('',*,*,#1304,.F.);
#1304 = EDGE_CURVE('',#1305,#1297,#1307,.T.);
#1305 = VERTEX_POINT('',#1306);
#1306 = CARTESIAN_POINT('',(42.703445183348,34.751525562648,
    6.791407915026));
#1307 = CIRCLE('',#1308,4.);
#1308 = AXIS2_PLACEMENT_3D('',#1309,#1310,#1311);
#1309 = CARTESIAN_POINT('',(46.2,35.722878281046,8.47384017536));
#1310 = DIRECTION('',(0.,-0.866025403784,0.5));
#1311 = DIRECTION('',(1.,0.,0.));
#1312 = ORIENTED_EDGE('',*,*,#1313,.F.);
#1313 = EDGE_CURVE('',#1314,#1305,#1316,.T.);
#1314 = VERTEX_POINT('',#1315);
#1315 = CARTESIAN_POINT('',(-42.70344518334,34.751525562648,
    6.791407915026));
#1316 = LINE('',#1317,#1318);
#1317 = CARTESIAN_POINT('',(2.801859138104,34.751525562648,
    6.791407915026));
#1318 = VECTOR('',#1319,1.);
#1319 = DIRECTION('',(1.,6.65E-15,1.153E-14));
#1320 = ORIENTED_EDGE('',*,*,#1321,.F.);
#1321 = EDGE_CURVE('',#1322,#1314,#1324,.T.);
#1322 = VERTEX_POINT('',#1323);
#1323 = CARTESIAN_POINT('',(-49.69655481665,34.751525562648,
    6.791407915025));
#1324 = CIRCLE('',#1325,4.);
#1325 = AXIS2_PLACEMENT_3D('',#1326,#1327,#1328);
#1326 = CARTESIAN_POINT('',(-46.2,35.722878281046,8.47384017536));
#1327 = DIRECTION('',(0.,-0.866025403784,0.5));
#1328 = DIRECTION('',(1.,0.,0.));
#1329 = ORIENTED_EDGE('',*,*,#1330,.F.);
#1330 = EDGE_CURVE('',#1331,#1322,#1333,.T.);
#1331 = VERTEX_POINT('',#1332);
#1332 = CARTESIAN_POINT('',(-57.8108417524,34.751525562648,
    6.791407915025));
#1333 = LINE('',#1334,#1335);
#1334 = CARTESIAN_POINT('',(2.801859138104,34.751525562648,
    6.791407915026));
#1335 = VECTOR('',#1336,1.);
#1336 = DIRECTION('',(1.,6.65E-15,1.153E-14));
#1337 = ORIENTED_EDGE('',*,*,#1338,.T.);
#1338 = EDGE_CURVE('',#1331,#1156,#1339,.T.);
#1339 = LINE('',#1340,#1341);
#1340 = CARTESIAN_POINT('',(-57.8108417524,17.822878281039,
    -22.52986928011));
#1341 = VECTOR('',#1342,1.);
#1342 = DIRECTION('',(-0.,-0.5,-0.866025403784));
#1343 = ORIENTED_EDGE('',*,*,#1155,.T.);
#1344 = ORIENTED_EDGE('',*,*,#1345,.F.);
#1345 = EDGE_CURVE('',#1124,#1148,#1346,.T.);
#1346 = LINE('',#1347,#1348);
#1347 = CARTESIAN_POINT('',(-19.61957666657,17.490973614656,
    -23.10474502555));
#1348 = VECTOR('',#1349,1.);
#1349 = DIRECTION('',(-1.,1.363E-14,2.384E-14));
#1350 = ORIENTED_EDGE('',*,*,#1123,.T.);
#1351 = ORIENTED_EDGE('',*,*,#353,.F.);
#1352 = ORIENTED_EDGE('',*,*,#1238,.F.);
#1353 = ORIENTED_EDGE('',*,*,#1354,.T.);
#1354 = EDGE_CURVE('',#1239,#1273,#1355,.T.);
#1355 = LINE('',#1356,#1357);
#1356 = CARTESIAN_POINT('',(5.056845920684,29.425330842041,
    -2.433831952065));
#1357 = VECTOR('',#1358,1.);
#1358 = DIRECTION('',(1.,0.,0.));
#1359 = FACE_BOUND('',#1360,.T.);
#1360 = EDGE_LOOP('',(#1361));
#1361 = ORIENTED_EDGE('',*,*,#1362,.T.);
#1362 = EDGE_CURVE('',#1363,#1363,#1365,.T.);
#1363 = VERTEX_POINT('',#1364);
#1364 = CARTESIAN_POINT('',(-15.43163051053,21.086179876498,
    -16.87766511636));
#1365 = ELLIPSE('',#1366,2.286708135746,2.);
#1366 = AXIS2_PLACEMENT_3D('',#1367,#1368,#1369);
#1367 = CARTESIAN_POINT('',(-17.43163051053,21.086179876498,
    -16.87766511636));
#1368 = DIRECTION('',(0.,0.866025403784,-0.5));
#1369 = DIRECTION('',(-3.077E-14,-0.5,-0.866025403784));
#1370 = PLANE('',#1371);
#1371 = AXIS2_PLACEMENT_3D('',#1372,#1373,#1374);
#1372 = CARTESIAN_POINT('',(3.854045127197,27.46695538615,-5.82583774196
    ));
#1373 = DIRECTION('',(1.2E-16,-0.866025403784,0.5));
#1374 = DIRECTION('',(-6.162975822039E-33,-0.5,-0.866025403784));
#1375 = ADVANCED_FACE('',(#1376),#1388,.F.);
#1376 = FACE_BOUND('',#1377,.F.);
#1377 = EDGE_LOOP('',(#1378,#1379,#1386,#1387));
#1378 = ORIENTED_EDGE('',*,*,#384,.F.);
#1379 = ORIENTED_EDGE('',*,*,#1380,.T.);
#1380 = EDGE_CURVE('',#385,#1213,#1381,.T.);
#1381 = CIRCLE('',#1382,1.);
#1382 = AXIS2_PLACEMENT_3D('',#1383,#1384,#1385);
#1383 = CARTESIAN_POINT('',(7.203451334608,12.339881868475,
    -27.36646659805));
#1384 = DIRECTION('',(1.,-0.,0.));
#1385 = DIRECTION('',(0.,0.51503807491,-0.857167300702));
#1386 = ORIENTED_EDGE('',*,*,#1222,.F.);
#1387 = ORIENTED_EDGE('',*,*,#673,.F.);
#1388 = B_SPLINE_SURFACE_WITH_KNOTS('',3,3,(
    (#1389,#1390,#1391,#1392,#1393,#1394)
    ,(#1395,#1396,#1397,#1398,#1399,#1400)
    ,(#1401,#1402,#1403,#1404,#1405,#1406)
    ,(#1407,#1408,#1409,#1410,#1411,#1412)
    ,(#1413,#1414,#1415,#1416,#1417,#1418)
    ,(#1419,#1420,#1421,#1422,#1423,#1424
    )),.UNSPECIFIED.,.F.,.F.,.F.,(4,1,1,4),(4,1,1,4),(0.,0.285714285714,
    0.571428571429,1.),(0.240191088476,0.685868205548,1.131545322619,
    1.800060998227),.UNSPECIFIED.);
#1389 = CARTESIAN_POINT('',(7.203451334608,12.854919943385,
    -28.22363389875));
#1390 = CARTESIAN_POINT('',(6.755346053592,12.854919943385,
    -28.22363389875));
#1391 = CARTESIAN_POINT('',(5.851278846379,13.043128988785,
    -28.11054649523));
#1392 = CARTESIAN_POINT('',(4.543525254448,13.965612908696,
    -27.55626223607));
#1393 = CARTESIAN_POINT('',(4.092636091272,14.995494846531,
    -26.93744673737));
#1394 = CARTESIAN_POINT('',(4.055631890103,15.617974531775,
    -26.56342320837));
#1395 = CARTESIAN_POINT('',(7.203451334608,13.015922253391,
    -28.1268939511));
#1396 = CARTESIAN_POINT('',(6.785517097742,13.014654745889,
    -28.12764610235));
#1397 = CARTESIAN_POINT('',(5.938428650389,13.185033793006,
    -28.02531007368));
#1398 = CARTESIAN_POINT('',(4.688231153296,14.045425937361,
    -27.50824322139));
#1399 = CARTESIAN_POINT('',(4.240208485106,15.02683872687,
    -26.91864447993));
#1400 = CARTESIAN_POINT('',(4.19632990562,15.624119858998,
    -26.55973072325));
#1401 = CARTESIAN_POINT('',(7.203451334608,13.280895595503,
    -27.8408317242));
#1402 = CARTESIAN_POINT('',(6.845697818139,13.278028600034,
    -27.84458807903));
#1403 = CARTESIAN_POINT('',(6.112245178933,13.416347198763,
    -27.7692197296));
#1404 = CARTESIAN_POINT('',(4.977065506974,14.162531468867,
    -27.34222059635));
#1405 = CARTESIAN_POINT('',(4.53493461553,15.054471625812,
    -26.82286407974));
#1406 = CARTESIAN_POINT('',(4.477384092384,15.605200582881,
    -26.50043752646));
#1407 = CARTESIAN_POINT('',(7.203451334608,13.407895587302,
    -27.1674657104));
#1408 = CARTESIAN_POINT('',(6.918718474641,13.408394922084,
    -27.17775786139));
#1409 = CARTESIAN_POINT('',(6.327235245811,13.528108843293,
    -27.14643833542));
#1410 = CARTESIAN_POINT('',(5.361617476961,14.177368491168,
    -26.87032562221));
#1411 = CARTESIAN_POINT('',(4.950913973751,14.973336765769,
    -26.4840716229));
#1412 = CARTESIAN_POINT('',(4.883627978437,15.469226390734,
    -26.23394653035));
#1413 = CARTESIAN_POINT('',(7.203451334608,13.155604429193,
    -26.72305575197));
#1414 = CARTESIAN_POINT('',(6.921234643298,13.163705446805,
    -26.73444342453));
#1415 = CARTESIAN_POINT('',(6.341029869271,13.312778546026,
    -26.70696277108));
#1416 = CARTESIAN_POINT('',(5.44128678103,14.01359648683,-26.46945564037
    ));
#1417 = CARTESIAN_POINT('',(5.083142393867,14.814099632613,
    -26.14664711904));
#1418 = CARTESIAN_POINT('',(5.030859306499,15.301000508752,
    -25.93940524297));
#1419 = CARTESIAN_POINT('',(7.203451334608,12.927667120768,
    -26.55744960368));
#1420 = CARTESIAN_POINT('',(6.903100090493,12.940161985694,
    -26.56652765443));
#1421 = CARTESIAN_POINT('',(6.294174564683,13.113729482878,
    -26.52607896983));
#1422 = CARTESIAN_POINT('',(5.403134162821,13.877356818683,
    -26.26454799926));
#1423 = CARTESIAN_POINT('',(5.084736401484,14.701749693873,
    -25.95212546597));
#1424 = CARTESIAN_POINT('',(5.050153785471,15.193460761473,
    -25.7585201393));
#1425 = ADVANCED_FACE('',(#1426),#1445,.T.);
#1426 = FACE_BOUND('',#1427,.T.);
#1427 = EDGE_LOOP('',(#1428,#1429,#1437,#1444));
#1428 = ORIENTED_EDGE('',*,*,#1380,.T.);
#1429 = ORIENTED_EDGE('',*,*,#1430,.T.);
#1430 = EDGE_CURVE('',#1213,#1431,#1433,.T.);
#1431 = VERTEX_POINT('',#1432);
#1432 = CARTESIAN_POINT('',(52.796548665392,12.927667120768,
    -26.55744960368));
#1433 = LINE('',#1434,#1435);
#1434 = CARTESIAN_POINT('',(42.125,12.927667120768,-26.55744960368));
#1435 = VECTOR('',#1436,1.);
#1436 = DIRECTION('',(1.,0.,0.));
#1437 = ORIENTED_EDGE('',*,*,#1438,.F.);
#1438 = EDGE_CURVE('',#394,#1431,#1439,.T.);
#1439 = CIRCLE('',#1440,1.);
#1440 = AXIS2_PLACEMENT_3D('',#1441,#1442,#1443);
#1441 = CARTESIAN_POINT('',(52.796548665392,12.339881868475,
    -27.36646659805));
#1442 = DIRECTION('',(1.,-0.,0.));
#1443 = DIRECTION('',(0.,0.51503807491,-0.857167300702));
#1444 = ORIENTED_EDGE('',*,*,#393,.T.);
#1445 = CYLINDRICAL_SURFACE('',#1446,1.);
#1446 = AXIS2_PLACEMENT_3D('',#1447,#1448,#1449);
#1447 = CARTESIAN_POINT('',(42.125,12.339881868475,-27.36646659805));
#1448 = DIRECTION('',(1.,0.,0.));
#1449 = DIRECTION('',(0.,0.999048221582,-4.361938736531E-02));
#1450 = ADVANCED_FACE('',(#1451),#1471,.F.);
#1451 = FACE_BOUND('',#1452,.F.);
#1452 = EDGE_LOOP('',(#1453,#1454,#1463,#1470));
#1453 = ORIENTED_EDGE('',*,*,#401,.F.);
#1454 = ORIENTED_EDGE('',*,*,#1455,.T.);
#1455 = EDGE_CURVE('',#402,#1456,#1458,.T.);
#1456 = VERTEX_POINT('',#1457);
#1457 = CARTESIAN_POINT('',(54.949846214529,15.193460761473,
    -25.7585201393));
#1458 = CIRCLE('',#1459,1.);
#1459 = AXIS2_PLACEMENT_3D('',#1460,#1461,#1462);
#1460 = CARTESIAN_POINT('',(55.944368109897,15.102936456865,
    -25.70625590766));
#1461 = DIRECTION('',(5.088952072128E-02,0.856056659522,0.514370734363)
  );
#1462 = DIRECTION('',(-8.829742492722E-15,0.51503807491,-0.857167300702)
  );
#1463 = ORIENTED_EDGE('',*,*,#1464,.F.);
#1464 = EDGE_CURVE('',#1431,#1456,#1465,.T.);
#1465 = ELLIPSE('',#1466,2.395342074893,2.);
#1466 = AXIS2_PLACEMENT_3D('',#1467,#1468,#1469);
#1467 = CARTESIAN_POINT('',(52.929657766095,15.133459645346,
    -25.68791572574));
#1468 = DIRECTION('',(4.340175554642E-02,-0.368658370146,0.928551179923)
  );
#1469 = DIRECTION('',(-0.254761786318,-0.902784582085,-0.346520461994));
#1470 = ORIENTED_EDGE('',*,*,#1438,.F.);
#1471 = B_SPLINE_SURFACE_WITH_KNOTS('',3,3,(
    (#1472,#1473,#1474,#1475,#1476,#1477)
    ,(#1478,#1479,#1480,#1481,#1482,#1483)
    ,(#1484,#1485,#1486,#1487,#1488,#1489)
    ,(#1490,#1491,#1492,#1493,#1494,#1495)
    ,(#1496,#1497,#1498,#1499,#1500,#1501)
    ,(#1502,#1503,#1504,#1505,#1506,#1507
    )),.UNSPECIFIED.,.F.,.F.,.F.,(4,1,1,4),(4,1,1,4),(0.,0.285714285714,
    0.571428571429,1.),(-1.800060998227,-1.131545322619,-0.685868205548,
    -0.240191088476),.UNSPECIFIED.);
#1472 = CARTESIAN_POINT('',(55.944368109897,15.617974531775,
    -26.56342320837));
#1473 = CARTESIAN_POINT('',(55.907363908728,14.995494846531,
    -26.93744673737));
#1474 = CARTESIAN_POINT('',(55.456262568481,13.965701368455,
    -27.55620908408));
#1475 = CARTESIAN_POINT('',(54.148641365986,13.043185297257,
    -28.11051266168));
#1476 = CARTESIAN_POINT('',(53.244653946408,12.854919943385,
    -28.22363389875));
#1477 = CARTESIAN_POINT('',(52.796548665392,12.854919943385,
    -28.22363389875));
#1478 = CARTESIAN_POINT('',(55.80367009438,15.624119858998,
    -26.55973072325));
#1479 = CARTESIAN_POINT('',(55.759791514894,15.02683872687,
    -26.91864447993));
#1480 = CARTESIAN_POINT('',(55.311552304396,14.045510657076,
    -27.50818668223));
#1481 = CARTESIAN_POINT('',(54.061490871858,13.185081848261,
    -28.02528039021));
#1482 = CARTESIAN_POINT('',(53.214482902258,13.014654745889,
    -28.12764610235));
#1483 = CARTESIAN_POINT('',(52.796548665392,13.015922253391,
    -28.1268939511));
#1484 = CARTESIAN_POINT('',(55.522636241669,15.605190664119,
    -26.50042303063));
#1485 = CARTESIAN_POINT('',(55.465085718523,15.05446170705,
    -26.8228495839));
#1486 = CARTESIAN_POINT('',(55.022711611541,14.162556380953,
    -27.3421820085));
#1487 = CARTESIAN_POINT('',(53.887674335292,13.416325209797,
    -27.76920850575));
#1488 = CARTESIAN_POINT('',(53.154302181861,13.277956215926,-27.84459889
    ));
#1489 = CARTESIAN_POINT('',(52.796548665392,13.280823211396,
    -27.84084253517));
#1490 = CARTESIAN_POINT('',(55.116406894015,15.46921402954,-26.233929408
    ));
#1491 = CARTESIAN_POINT('',(55.049120898701,14.973324404575,
    -26.48405450054));
#1492 = CARTESIAN_POINT('',(54.638250931448,14.177388232226,
    -26.87027264238));
#1493 = CARTESIAN_POINT('',(53.672759021297,13.52805513063,
    -27.14644555469));
#1494 = CARTESIAN_POINT('',(53.081281525359,13.408284503057,
    -27.17780135431));
#1495 = CARTESIAN_POINT('',(52.796548665392,13.407785168275,
    -27.16750920333));
#1496 = CARTESIAN_POINT('',(54.969140693501,15.301000508752,
    -25.93940524297));
#1497 = CARTESIAN_POINT('',(54.916857606133,14.814099632613,
    -26.14664711904));
#1498 = CARTESIAN_POINT('',(54.558353449946,14.013590266812,
    -26.46950972004));
#1499 = CARTESIAN_POINT('',(53.658737499399,13.312793434575,
    -26.70698567301));
#1500 = CARTESIAN_POINT('',(53.078765356702,13.163705446805,
    -26.73444342453));
#1501 = CARTESIAN_POINT('',(52.796548665392,13.155604429193,
    -26.72305575197));
#1502 = CARTESIAN_POINT('',(54.949846214529,15.193460761473,
    -25.7585201393));
#1503 = CARTESIAN_POINT('',(54.915263598516,14.701749693873,
    -25.95212546597));
#1504 = CARTESIAN_POINT('',(54.596725011186,13.877420632162,
    -26.26451608129));
#1505 = CARTESIAN_POINT('',(53.705772840777,13.113771644122,
    -26.52605977241));
#1506 = CARTESIAN_POINT('',(53.096899909507,12.940161985694,
    -26.56652765443));
#1507 = CARTESIAN_POINT('',(52.796548665392,12.927667120768,
    -26.55744960368));
#1508 = ADVANCED_FACE('',(#1509),#1528,.T.);
#1509 = FACE_BOUND('',#1510,.T.);
#1510 = EDGE_LOOP('',(#1511,#1512,#1520,#1527));
#1511 = ORIENTED_EDGE('',*,*,#1455,.T.);
#1512 = ORIENTED_EDGE('',*,*,#1513,.T.);
#1513 = EDGE_CURVE('',#1456,#1514,#1516,.T.);
#1514 = VERTEX_POINT('',#1515);
#1515 = CARTESIAN_POINT('',(56.204997324976,36.307443592808,
    -13.07195934512));
#1516 = LINE('',#1517,#1518);
#1517 = CARTESIAN_POINT('',(55.24702248769,20.192519980067,
    -22.75478232266));
#1518 = VECTOR('',#1519,1.);
#1519 = DIRECTION('',(5.088952072128E-02,0.856056659522,0.514370734363)
  );
#1520 = ORIENTED_EDGE('',*,*,#1521,.F.);
#1521 = EDGE_CURVE('',#411,#1514,#1522,.T.);
#1522 = CIRCLE('',#1523,1.);
#1523 = AXIS2_PLACEMENT_3D('',#1524,#1525,#1526);
#1524 = CARTESIAN_POINT('',(57.199519220344,36.2169192882,
    -13.01969511349));
#1525 = DIRECTION('',(5.088952072128E-02,0.856056659522,0.514370734363)
  );
#1526 = DIRECTION('',(-8.829742492722E-15,0.51503807491,-0.857167300702)
  );
#1527 = ORIENTED_EDGE('',*,*,#410,.T.);
#1528 = CYLINDRICAL_SURFACE('',#1529,1.);
#1529 = AXIS2_PLACEMENT_3D('',#1530,#1531,#1532);
#1530 = CARTESIAN_POINT('',(56.241544383058,20.101995675459,
    -22.70251809102));
#1531 = DIRECTION('',(5.088952072128E-02,0.856056659522,0.514370734363)
  );
#1532 = DIRECTION('',(-0.673136079837,0.409871203585,-0.615543186538));
#1533 = ADVANCED_FACE('',(#1534),#1561,.T.);
#1534 = FACE_BOUND('',#1535,.T.);
#1535 = EDGE_LOOP('',(#1536,#1545,#1546,#1555));
#1536 = ORIENTED_EDGE('',*,*,#1537,.F.);
#1537 = EDGE_CURVE('',#419,#1538,#1540,.T.);
#1538 = VERTEX_POINT('',#1539);
#1539 = CARTESIAN_POINT('',(58.416846601457,37.433932020859,
    -13.16252781279));
#1540 = ELLIPSE('',#1541,2.000304841803,2.);
#1541 = AXIS2_PLACEMENT_3D('',#1542,#1543,#1544);
#1542 = CARTESIAN_POINT('',(58.451767370949,35.70188121329,
    -12.16252781279));
#1543 = DIRECTION('',(0.999847602327,1.511883232372E-02,
    -8.72886191193E-03));
#1544 = DIRECTION('',(-1.745772382386E-02,0.865893423528,-0.499923801163
    ));
#1545 = ORIENTED_EDGE('',*,*,#418,.T.);
#1546 = ORIENTED_EDGE('',*,*,#1547,.F.);
#1547 = EDGE_CURVE('',#1548,#411,#1550,.T.);
#1548 = VERTEX_POINT('',#1549);
#1549 = CARTESIAN_POINT('',(57.212697220143,37.433932020859,
    -13.16252781279));
#1550 = ELLIPSE('',#1551,2.002759820915,2.);
#1551 = AXIS2_PLACEMENT_3D('',#1552,#1553,#1554);
#1552 = CARTESIAN_POINT('',(57.107592984877,35.70188121329,
    -12.16252781279));
#1553 = DIRECTION('',(-0.998621991072,4.544875368216E-02,
    -2.623985017273E-02));
#1554 = DIRECTION('',(5.247970034545E-02,0.864832013046,-0.499310995536)
  );
#1555 = ORIENTED_EDGE('',*,*,#1556,.T.);
#1556 = EDGE_CURVE('',#1548,#1538,#1557,.T.);
#1557 = LINE('',#1558,#1559);
#1558 = CARTESIAN_POINT('',(15.125,37.433932020859,-13.16252781279));
#1559 = VECTOR('',#1560,1.);
#1560 = DIRECTION('',(1.,0.,0.));
#1561 = CYLINDRICAL_SURFACE('',#1562,2.);
#1562 = AXIS2_PLACEMENT_3D('',#1563,#1564,#1565);
#1563 = CARTESIAN_POINT('',(15.125,35.70188121329,-12.16252781279));
#1564 = DIRECTION('',(1.,0.,0.));
#1565 = DIRECTION('',(0.,0.713250449154,-0.7009092643));
#1566 = ADVANCED_FACE('',(#1567),#1594,.T.);
#1567 = FACE_BOUND('',#1568,.T.);
#1568 = EDGE_LOOP('',(#1569,#1578,#1579,#1588));
#1569 = ORIENTED_EDGE('',*,*,#1570,.T.);
#1570 = EDGE_CURVE('',#1571,#427,#1573,.T.);
#1571 = VERTEX_POINT('',#1572);
#1572 = CARTESIAN_POINT('',(60.167508312719,-1.568253863358,
    -35.75892771341));
#1573 = CIRCLE('',#1574,1.);
#1574 = AXIS2_PLACEMENT_3D('',#1575,#1576,#1577);
#1575 = CARTESIAN_POINT('',(59.168117485699,-1.598477714082,
    -35.74147796505));
#1576 = DIRECTION('',(-1.692749926991E-02,0.857044485445,0.514964280059)
  );
#1577 = DIRECTION('',(0.999390827019,3.022385072367E-02,
    -1.744974835125E-02));
#1578 = ORIENTED_EDGE('',*,*,#426,.T.);
#1579 = ORIENTED_EDGE('',*,*,#1580,.F.);
#1580 = EDGE_CURVE('',#1581,#419,#1583,.T.);
#1581 = VERTEX_POINT('',#1582);
#1582 = CARTESIAN_POINT('',(59.420615804782,36.247143138924,
    -13.03714486184));
#1583 = CIRCLE('',#1584,1.);
#1584 = AXIS2_PLACEMENT_3D('',#1585,#1586,#1587);
#1585 = CARTESIAN_POINT('',(58.421224977763,36.2169192882,
    -13.01969511349));
#1586 = DIRECTION('',(-1.692749926991E-02,0.857044485445,0.514964280059)
  );
#1587 = DIRECTION('',(0.999390827019,3.022385072367E-02,
    -1.744974835125E-02));
#1588 = ORIENTED_EDGE('',*,*,#1589,.T.);
#1589 = EDGE_CURVE('',#1581,#1571,#1590,.T.);
#1590 = LINE('',#1591,#1592);
#1591 = CARTESIAN_POINT('',(59.555813650776,29.402034685157,
    -17.15010096468));
#1592 = VECTOR('',#1593,1.);
#1593 = DIRECTION('',(1.692749926991E-02,-0.857044485445,-0.514964280059
    ));
#1594 = CYLINDRICAL_SURFACE('',#1595,1.);
#1595 = AXIS2_PLACEMENT_3D('',#1596,#1597,#1598);
#1596 = CARTESIAN_POINT('',(58.556422823757,29.371810834434,
    -17.13265121633));
#1597 = DIRECTION('',(1.692749926991E-02,-0.857044485445,-0.514964280059
    ));
#1598 = DIRECTION('',(0.69613160339,0.379805425762,-0.609219688884));
#1599 = ADVANCED_FACE('',(#1600),#1669,.F.);
#1600 = FACE_BOUND('',#1601,.F.);
#1601 = EDGE_LOOP('',(#1602,#1613,#1614,#1615));
#1602 = ORIENTED_EDGE('',*,*,#1603,.F.);
#1603 = EDGE_CURVE('',#1571,#1604,#1606,.T.);
#1604 = VERTEX_POINT('',#1605);
#1605 = CARTESIAN_POINT('',(59.287872842424,-4.023946505883,
    -37.56967979511));
#1606 = B_SPLINE_CURVE_WITH_KNOTS('',3,(#1607,#1608,#1609,#1610,#1611,
    #1612),.UNSPECIFIED.,.F.,.F.,(4,1,1,4),(-1.593340431895,
    -0.911530665251,-0.456990820822,-2.450976392633E-03),.UNSPECIFIED.);
#1607 = CARTESIAN_POINT('',(60.167508312719,-1.568253863358,
    -35.75892771341));
#1608 = CARTESIAN_POINT('',(60.183637187695,-2.498174837994,
    -36.4458569905));
#1609 = CARTESIAN_POINT('',(59.582618810228,-4.050016304289,
    -37.58945653376));
#1610 = CARTESIAN_POINT('',(57.608926125098,-5.446165949596,
    -38.61566663859));
#1611 = CARTESIAN_POINT('',(56.203403003988,-5.7317444928,-38.8256546624
    ));
#1612 = CARTESIAN_POINT('',(55.499456414995,-5.731566881759,
    -38.82574909987));
#1613 = ORIENTED_EDGE('',*,*,#1570,.T.);
#1614 = ORIENTED_EDGE('',*,*,#434,.F.);
#1615 = ORIENTED_EDGE('',*,*,#1616,.F.);
#1616 = EDGE_CURVE('',#1604,#435,#1617,.T.);
#1617 = B_SPLINE_CURVE_WITH_KNOTS('',8,(#1618,#1619,#1620,#1621,#1622,
    #1623,#1624,#1625,#1626,#1627,#1628,#1629,#1630,#1631,#1632,#1633,
    #1634,#1635,#1636,#1637,#1638,#1639,#1640,#1641,#1642,#1643,#1644,
    #1645,#1646,#1647,#1648,#1649,#1650,#1651,#1652,#1653,#1654,#1655,
    #1656,#1657,#1658,#1659,#1660,#1661,#1662,#1663,#1664,#1665,#1666,
    #1667,#1668),.UNSPECIFIED.,.F.,.F.,(9,7,7,7,7,7,7,9),(0.,
    6.805577867062E-02,0.272521723483,0.404859441932,0.535402757982,
    0.687199404282,0.856370969329,1.),.UNSPECIFIED.);
#1618 = CARTESIAN_POINT('',(59.287872842424,-4.023946505883,
    -37.56967979511));
#1619 = CARTESIAN_POINT('',(59.268403400731,-4.037179287235,
    -37.59259964474));
#1620 = CARTESIAN_POINT('',(59.248610312748,-4.050291189161,
    -37.61531012506));
#1621 = CARTESIAN_POINT('',(59.228499075043,-4.063280526707,
    -37.63780831764));
#1622 = CARTESIAN_POINT('',(59.208074882734,-4.076145549982,
    -37.66009119159));
#1623 = CARTESIAN_POINT('',(59.187342773695,-4.088884509585,
    -37.68215571686));
#1624 = CARTESIAN_POINT('',(59.166307772779,-4.10149572204,
    -37.70399897758));
#1625 = CARTESIAN_POINT('',(59.14497503603,-4.113977635219,
    -37.72561828538));
#1626 = CARTESIAN_POINT('',(59.05837998717,-4.163436863144,
    -37.81128418105));
#1627 = CARTESIAN_POINT('',(58.990774341566,-4.199365156653,
    -37.87351381084));
#1628 = CARTESIAN_POINT('',(58.920683952112,-4.234079550365,
    -37.9336409045));
#1629 = CARTESIAN_POINT('',(58.848253332695,-4.267547917826,
    -37.99160981739));
#1630 = CARTESIAN_POINT('',(58.773621078021,-4.299740401042,
    -38.04736883394));
#1631 = CARTESIAN_POINT('',(58.696920324585,-4.330629581459,
    -38.10087046383));
#1632 = CARTESIAN_POINT('',(58.618279211625,-4.360190650932,
    -38.15207173808));
#1633 = CARTESIAN_POINT('',(58.485746113161,-4.4066607131,
    -38.23256024679));
#1634 = CARTESIAN_POINT('',(58.432910418017,-4.424354075001,
    -38.26320604856));
#1635 = CARTESIAN_POINT('',(58.379348156445,-4.441475436016,
    -38.29286111573));
#1636 = CARTESIAN_POINT('',(58.325092781982,-4.458019031415,
    -38.3215154635));
#1637 = CARTESIAN_POINT('',(58.270177301922,-4.473979564137,
    -38.34915991709));
#1638 = CARTESIAN_POINT('',(58.214634277318,-4.489352204786,
    -38.37578611174));
#1639 = CARTESIAN_POINT('',(58.158495822974,-4.504132591636,
    -38.40138649272));
#1640 = CARTESIAN_POINT('',(58.04586023239,-4.53230874174,
    -38.45018901626));
#1641 = CARTESIAN_POINT('',(57.989378478399,-4.545720830863,
    -38.47341943606));
#1642 = CARTESIAN_POINT('',(57.932381848117,-4.558553434304,
    -38.49564615721));
#1643 = CARTESIAN_POINT('',(57.874902787051,-4.570807567469,
    -38.51687093846));
#1644 = CARTESIAN_POINT('',(57.816972638602,-4.582484994365,
    -38.53709683514));
#1645 = CARTESIAN_POINT('',(57.758621599075,-4.593588297103,
    -38.55632831962));
#1646 = CARTESIAN_POINT('',(57.699878672697,-4.604120945407,
    -38.57457140162));
#1647 = CARTESIAN_POINT('',(57.572041555741,-4.625676387165,
    -38.61190652192));
#1648 = CARTESIAN_POINT('',(57.502818005673,-4.636500026715,
    -38.63065361554));
#1649 = CARTESIAN_POINT('',(57.433146476324,-4.646564968306,
    -38.64808660575));
#1650 = CARTESIAN_POINT('',(57.363064656574,-4.655879602866,
    -38.66422002607));
#1651 = CARTESIAN_POINT('',(57.29262001351,-4.664458170471,
    -38.67907854101));
#1652 = CARTESIAN_POINT('',(57.221831892266,-4.672306226142,
    -38.69267177218));
#1653 = CARTESIAN_POINT('',(57.150746630785,-4.679450646543,
    -38.7050462713));
#1654 = CARTESIAN_POINT('',(56.99986691344,-4.693109375553,
    -38.72870388391));
#1655 = CARTESIAN_POINT('',(56.920007626424,-4.69945843007,
    -38.73970076892));
#1656 = CARTESIAN_POINT('',(56.83985300679,-4.704987919743,
    -38.74927812597));
#1657 = CARTESIAN_POINT('',(56.759437398639,-4.70973285721,
    -38.75749659874));
#1658 = CARTESIAN_POINT('',(56.678788233133,-4.713734470269,
    -38.76442759587));
#1659 = CARTESIAN_POINT('',(56.597925093886,-4.717041842393,
    -38.77015613243));
#1660 = CARTESIAN_POINT('',(56.51685878234,-4.719713553244,
    -38.77478367137));
#1661 = CARTESIAN_POINT('',(56.366592372786,-4.723607144008,
    -38.7815275684));
#1662 = CARTESIAN_POINT('',(56.297453579626,-4.724986835382,
    -38.78391726396));
#1663 = CARTESIAN_POINT('',(56.228170962199,-4.726001435814,
    -38.78567460345));
#1664 = CARTESIAN_POINT('',(56.158743211645,-4.726698591846,
    -38.78688211312));
#1665 = CARTESIAN_POINT('',(56.089169872313,-4.727132557137,
    -38.78763376305));
#1666 = CARTESIAN_POINT('',(56.019451516206,-4.72736314256,
    -38.78803314872));
#1667 = CARTESIAN_POINT('',(55.949590971259,-4.727451613329,
    -38.78818638459));
#1668 = CARTESIAN_POINT('',(55.879595603453,-4.727453533164,
    -38.78818970984));
#1669 = B_SPLINE_SURFACE_WITH_KNOTS('',3,3,(
    (#1670,#1671,#1672,#1673,#1674,#1675)
    ,(#1676,#1677,#1678,#1679,#1680,#1681)
    ,(#1682,#1683,#1684,#1685,#1686,#1687)
    ,(#1688,#1689,#1690,#1691,#1692,#1693)
    ,(#1694,#1695,#1696,#1697,#1698,#1699
    )),.UNSPECIFIED.,.F.,.F.,.F.,(4,1,4),(4,1,1,4),(0.,0.571428571429,1.
    ),(2.450976392633E-03,0.456990820822,0.911530665251,1.593340431895),
  .UNSPECIFIED.);
#1670 = CARTESIAN_POINT('',(55.499456414995,-4.747057244063,
    -38.79996880771));
#1671 = CARTESIAN_POINT('',(56.05499465177,-4.747057244063,
    -38.79996880771));
#1672 = CARTESIAN_POINT('',(57.164188491493,-4.494872495401,
    -38.64844092352));
#1673 = CARTESIAN_POINT('',(58.717405470644,-3.264102897495,
    -37.90891994104));
#1674 = CARTESIAN_POINT('',(59.184235614329,-1.899505440605,
    -37.08898706837));
#1675 = CARTESIAN_POINT('',(59.168117485699,-1.083439639172,
    -36.59864526576));
#1676 = CARTESIAN_POINT('',(55.499456414995,-4.915183550087,
    -38.90098928402));
#1677 = CARTESIAN_POINT('',(56.088981398141,-4.915216280798,
    -38.9010095021));
#1678 = CARTESIAN_POINT('',(57.265925369899,-4.654430399631,
    -38.74355881656));
#1679 = CARTESIAN_POINT('',(58.929506061534,-3.375623079134,
    -37.97573780448));
#1680 = CARTESIAN_POINT('',(59.457216112326,-1.946193463779,
    -37.11608691339));
#1681 = CARTESIAN_POINT('',(59.461459791837,-1.079182720715,
    -36.5960874511));
#1682 = CARTESIAN_POINT('',(55.499456414995,-5.262419773533,
    -38.98818307903));
#1683 = CARTESIAN_POINT('',(56.148253902374,-5.262531085328,
    -38.9882009903));
#1684 = CARTESIAN_POINT('',(57.44445857334,-4.989547677741,
    -38.81511606941));
#1685 = CARTESIAN_POINT('',(59.299624213045,-3.647979983305,
    -37.96157564332));
#1686 = CARTESIAN_POINT('',(59.932812268768,-2.130546621068,
    -36.98934537629));
#1687 = CARTESIAN_POINT('',(59.969589567782,-1.195945264947,
    -36.38505910358));
#1688 = CARTESIAN_POINT('',(55.499456414995,-5.601679708265,
    -38.89481133507));
#1689 = CARTESIAN_POINT('',(56.190306787494,-5.601845951415,
    -38.89475654988));
#1690 = CARTESIAN_POINT('',(57.569760195864,-5.320152239525,
    -38.69618315178));
#1691 = CARTESIAN_POINT('',(59.525148389124,-3.939511938123,
    -37.72075770023));
#1692 = CARTESIAN_POINT('',(60.15298761133,-2.392686305777,
    -36.62012218742));
#1693 = CARTESIAN_POINT('',(60.160792874037,-1.455076042422,
    -35.94750798325));
#1694 = CARTESIAN_POINT('',(55.499456414995,-5.731566881759,
    -38.82574909987));
#1695 = CARTESIAN_POINT('',(56.203403003988,-5.7317444928,-38.8256546624
    ));
#1696 = CARTESIAN_POINT('',(57.608926125098,-5.446165949596,
    -38.61566663859));
#1697 = CARTESIAN_POINT('',(59.582618810228,-4.050016304289,
    -37.58945653376));
#1698 = CARTESIAN_POINT('',(60.183637187695,-2.498174837994,
    -36.4458569905));
#1699 = CARTESIAN_POINT('',(60.167508312719,-1.568253863358,
    -35.75892771341));
#1700 = ADVANCED_FACE('',(#1701,#1771),#1889,.T.);
#1701 = FACE_BOUND('',#1702,.T.);
#1702 = EDGE_LOOP('',(#1703,#1713,#1722,#1730,#1739,#1747,#1756,#1764));
#1703 = ORIENTED_EDGE('',*,*,#1704,.F.);
#1704 = EDGE_CURVE('',#1705,#1707,#1709,.T.);
#1705 = VERTEX_POINT('',#1706);
#1706 = CARTESIAN_POINT('',(-60.7,29.150188677906,19.889607840339));
#1707 = VERTEX_POINT('',#1708);
#1708 = CARTESIAN_POINT('',(-60.7,-2.649811322106,-35.18960784034));
#1709 = LINE('',#1710,#1711);
#1710 = CARTESIAN_POINT('',(-60.7,31.650188677907,24.219734859261));
#1711 = VECTOR('',#1712,1.);
#1712 = DIRECTION('',(0.,-0.5,-0.866025403784));
#1713 = ORIENTED_EDGE('',*,*,#1714,.T.);
#1714 = EDGE_CURVE('',#1705,#1715,#1717,.T.);
#1715 = VERTEX_POINT('',#1716);
#1716 = CARTESIAN_POINT('',(-55.7,31.650188677907,24.219734859261));
#1717 = CIRCLE('',#1718,5.);
#1718 = AXIS2_PLACEMENT_3D('',#1719,#1720,#1721);
#1719 = CARTESIAN_POINT('',(-55.7,29.150188677906,19.889607840339));
#1720 = DIRECTION('',(0.,0.866025403784,-0.5));
#1721 = DIRECTION('',(0.,0.5,0.866025403784));
#1722 = ORIENTED_EDGE('',*,*,#1723,.F.);
#1723 = EDGE_CURVE('',#1724,#1715,#1726,.T.);
#1724 = VERTEX_POINT('',#1725);
#1725 = CARTESIAN_POINT('',(55.7,31.650188677907,24.219734859261));
#1726 = LINE('',#1727,#1728);
#1727 = CARTESIAN_POINT('',(60.7,31.650188677907,24.219734859261));
#1728 = VECTOR('',#1729,1.);
#1729 = DIRECTION('',(-1.,0.,0.));
#1730 = ORIENTED_EDGE('',*,*,#1731,.T.);
#1731 = EDGE_CURVE('',#1724,#1732,#1734,.T.);
#1732 = VERTEX_POINT('',#1733);
#1733 = CARTESIAN_POINT('',(60.7,29.150188677906,19.889607840339));
#1734 = CIRCLE('',#1735,5.);
#1735 = AXIS2_PLACEMENT_3D('',#1736,#1737,#1738);
#1736 = CARTESIAN_POINT('',(55.7,29.150188677906,19.889607840339));
#1737 = DIRECTION('',(0.,0.866025403784,-0.5));
#1738 = DIRECTION('',(0.,0.5,0.866025403784));
#1739 = ORIENTED_EDGE('',*,*,#1740,.F.);
#1740 = EDGE_CURVE('',#1741,#1732,#1743,.T.);
#1741 = VERTEX_POINT('',#1742);
#1742 = CARTESIAN_POINT('',(60.7,-2.649811322106,-35.18960784034));
#1743 = LINE('',#1744,#1745);
#1744 = CARTESIAN_POINT('',(60.7,-5.149811322107,-39.51973485926));
#1745 = VECTOR('',#1746,1.);
#1746 = DIRECTION('',(0.,0.5,0.866025403784));
#1747 = ORIENTED_EDGE('',*,*,#1748,.T.);
#1748 = EDGE_CURVE('',#1741,#1749,#1751,.T.);
#1749 = VERTEX_POINT('',#1750);
#1750 = CARTESIAN_POINT('',(55.7,-5.149811322107,-39.51973485926));
#1751 = CIRCLE('',#1752,5.);
#1752 = AXIS2_PLACEMENT_3D('',#1753,#1754,#1755);
#1753 = CARTESIAN_POINT('',(55.7,-2.649811322106,-35.18960784034));
#1754 = DIRECTION('',(0.,0.866025403784,-0.5));
#1755 = DIRECTION('',(0.,0.5,0.866025403784));
#1756 = ORIENTED_EDGE('',*,*,#1757,.F.);
#1757 = EDGE_CURVE('',#1758,#1749,#1760,.T.);
#1758 = VERTEX_POINT('',#1759);
#1759 = CARTESIAN_POINT('',(-55.7,-5.149811322107,-39.51973485926));
#1760 = LINE('',#1761,#1762);
#1761 = CARTESIAN_POINT('',(-60.7,-5.149811322107,-39.51973485926));
#1762 = VECTOR('',#1763,1.);
#1763 = DIRECTION('',(1.,0.,0.));
#1764 = ORIENTED_EDGE('',*,*,#1765,.F.);
#1765 = EDGE_CURVE('',#1707,#1758,#1766,.T.);
#1766 = CIRCLE('',#1767,5.);
#1767 = AXIS2_PLACEMENT_3D('',#1768,#1769,#1770);
#1768 = CARTESIAN_POINT('',(-55.7,-2.649811322106,-35.18960784034));
#1769 = DIRECTION('',(0.,-0.866025403784,0.5));
#1770 = DIRECTION('',(0.,0.5,0.866025403784));
#1771 = FACE_BOUND('',#1772,.T.);
#1772 = EDGE_LOOP('',(#1773,#1774,#1789,#1798,#1806,#1815,#1828,#1829,
    #1830,#1839,#1847,#1856));
#1773 = ORIENTED_EDGE('',*,*,#851,.T.);
#1774 = ORIENTED_EDGE('',*,*,#1775,.F.);
#1775 = EDGE_CURVE('',#1776,#837,#1778,.T.);
#1776 = VERTEX_POINT('',#1777);
#1777 = CARTESIAN_POINT('',(-57.20707920619,31.148734442668,
    23.351190646156));
#1778 = B_SPLINE_CURVE_WITH_KNOTS('',9,(#1779,#1780,#1781,#1782,#1783,
    #1784,#1785,#1786,#1787,#1788),.UNSPECIFIED.,.F.,.F.,(10,10),(0.,1.)
  ,.PIECEWISE_BEZIER_KNOTS.);
#1779 = CARTESIAN_POINT('',(-57.20707920619,31.148734442668,
    23.351190646156));
#1780 = CARTESIAN_POINT('',(-56.79032856744,31.239509621387,
    23.508417867765));
#1781 = CARTESIAN_POINT('',(-56.35054254216,31.303845337595,
    23.619850596977));
#1782 = CARTESIAN_POINT('',(-55.89904540145,31.344270931989,
    23.689869780394));
#1783 = CARTESIAN_POINT('',(-55.44376528805,31.365225352083,
    23.726163900639));
#1784 = CARTESIAN_POINT('',(-54.98836128733,31.371907493038,
    23.737737708278));
#1785 = CARTESIAN_POINT('',(-54.53377906825,31.369378098468,
    23.73335666837));
#1786 = CARTESIAN_POINT('',(-54.07955011926,31.362652894722,
    23.721708273791));
#1787 = CARTESIAN_POINT('',(-53.62497125816,31.35677174161,
    23.711521817793));
#1788 = CARTESIAN_POINT('',(-53.17039281498,31.35677174161,
    23.711521817793));
#1789 = ORIENTED_EDGE('',*,*,#1790,.F.);
#1790 = EDGE_CURVE('',#1791,#1776,#1793,.T.);
#1791 = VERTEX_POINT('',#1792);
#1792 = CARTESIAN_POINT('',(-60.21015761321,28.856782486028,
    19.381413408751));
#1793 = CIRCLE('',#1794,4.999978511163);
#1794 = AXIS2_PLACEMENT_3D('',#1795,#1796,#1797);
#1795 = CARTESIAN_POINT('',(-55.21017910205,28.856782486028,
    19.381413408751));
#1796 = DIRECTION('',(0.,0.866025403784,-0.5));
#1797 = DIRECTION('',(-1.,0.,0.));
#1798 = ORIENTED_EDGE('',*,*,#1799,.T.);
#1799 = EDGE_CURVE('',#1791,#1800,#1802,.T.);
#1800 = VERTEX_POINT('',#1801);
#1801 = CARTESIAN_POINT('',(-60.21015761321,-2.227464277583,
    -34.4580813008));
#1802 = LINE('',#1803,#1804);
#1803 = CARTESIAN_POINT('',(-60.21015761321,13.789367759996,
    -6.716114435434));
#1804 = VECTOR('',#1805,1.);
#1805 = DIRECTION('',(-4.02E-15,-0.5,-0.866025403784));
#1806 = ORIENTED_EDGE('',*,*,#1807,.F.);
#1807 = EDGE_CURVE('',#1808,#1800,#1810,.T.);
#1808 = VERTEX_POINT('',#1809);
#1809 = CARTESIAN_POINT('',(-58.54406088489,-4.090594531355,
    -37.68511756145));
#1810 = CIRCLE('',#1811,4.999978511163);
#1811 = AXIS2_PLACEMENT_3D('',#1812,#1813,#1814);
#1812 = CARTESIAN_POINT('',(-55.21017910205,-2.227464277583,
    -34.4580813008));
#1813 = DIRECTION('',(0.,0.866025403784,-0.5));
#1814 = DIRECTION('',(-1.,0.,0.));
#1815 = ORIENTED_EDGE('',*,*,#1816,.T.);
#1816 = EDGE_CURVE('',#1808,#446,#1817,.T.);
#1817 = B_SPLINE_CURVE_WITH_KNOTS('',9,(#1818,#1819,#1820,#1821,#1822,
    #1823,#1824,#1825,#1826,#1827),.UNSPECIFIED.,.F.,.F.,(10,10),(0.,1.)
  ,.PIECEWISE_BEZIER_KNOTS.);
#1818 = CARTESIAN_POINT('',(-58.54406088489,-4.090594531355,
    -37.68511756145));
#1819 = CARTESIAN_POINT('',(-57.94752247359,-4.357455710033,
    -38.14733468149));
#1820 = CARTESIAN_POINT('',(-57.23378083321,-4.558805499684,
    -38.49608274726));
#1821 = CARTESIAN_POINT('',(-56.45099102332,-4.688546379696,
    -38.72080054326));
#1822 = CARTESIAN_POINT('',(-55.64598612148,-4.75466514805,
    -38.83532160938));
#1823 = CARTESIAN_POINT('',(-54.84120585655,-4.775714655163,
    -38.87178042517));
#1824 = CARTESIAN_POINT('',(-54.04054214986,-4.767590474155,
    -38.8577089309));
#1825 = CARTESIAN_POINT('',(-53.24217842368,-4.746165563965,
    -38.8205998979));
#1826 = CARTESIAN_POINT('',(-52.44171323319,-4.727453533165,
    -38.78818970984));
#1827 = CARTESIAN_POINT('',(-51.64126816245,-4.727453533165,
    -38.78818970984));
#1828 = ORIENTED_EDGE('',*,*,#445,.T.);
#1829 = ORIENTED_EDGE('',*,*,#1616,.F.);
#1830 = ORIENTED_EDGE('',*,*,#1831,.F.);
#1831 = EDGE_CURVE('',#1832,#1604,#1834,.T.);
#1832 = VERTEX_POINT('',#1833);
#1833 = CARTESIAN_POINT('',(60.210157613218,-2.625116485853,
    -35.14683512927));
#1834 = ELLIPSE('',#1835,4.709560264216,4.70955161188);
#1835 = AXIS2_PLACEMENT_3D('',#1836,#1837,#1838);
#1836 = CARTESIAN_POINT('',(55.500601675169,-2.625112159687,
    -35.14682763613));
#1837 = DIRECTION('',(0.,0.866025403784,-0.5));
#1838 = DIRECTION('',(-0.707106781293,0.35355339054,0.612372435603));
#1839 = ORIENTED_EDGE('',*,*,#1840,.T.);
#1840 = EDGE_CURVE('',#1832,#1841,#1843,.T.);
#1841 = VERTEX_POINT('',#1842);
#1842 = CARTESIAN_POINT('',(60.210157613218,29.12549384166,
    19.846835129276));
#1843 = LINE('',#1844,#1845);
#1844 = CARTESIAN_POINT('',(60.210157613218,22.437688677904,
    8.263216794535));
#1845 = VECTOR('',#1846,1.);
#1846 = DIRECTION('',(-9.54E-15,0.5,0.866025403784));
#1847 = ORIENTED_EDGE('',*,*,#1848,.F.);
#1848 = EDGE_CURVE('',#1849,#1841,#1851,.T.);
#1849 = VERTEX_POINT('',#1850);
#1850 = CARTESIAN_POINT('',(57.99125655839,31.123388670202,
    23.307290480488));
#1851 = ELLIPSE('',#1852,4.709560264215,4.70955161188);
#1852 = AXIS2_PLACEMENT_3D('',#1853,#1854,#1855);
#1853 = CARTESIAN_POINT('',(55.500601675169,29.125489515493,
    19.846827636135));
#1854 = DIRECTION('',(0.,0.866025403784,-0.5));
#1855 = DIRECTION('',(-0.707106781085,-0.353553390644,-0.612372435783));
#1856 = ORIENTED_EDGE('',*,*,#1857,.T.);
#1857 = EDGE_CURVE('',#1849,#852,#1858,.T.);
#1858 = B_SPLINE_CURVE_WITH_KNOTS('',8,(#1859,#1860,#1861,#1862,#1863,
    #1864,#1865,#1866,#1867,#1868,#1869,#1870,#1871,#1872,#1873,#1874,
    #1875,#1876,#1877,#1878,#1879,#1880,#1881,#1882,#1883,#1884,#1885,
    #1886,#1887,#1888),.UNSPECIFIED.,.F.,.F.,(9,7,7,7,9),(0.,
    0.308880733464,0.464376969059,0.626525158047,1.),.UNSPECIFIED.);
#1859 = CARTESIAN_POINT('',(57.99125655839,31.123388670202,
    23.307290480488));
#1860 = CARTESIAN_POINT('',(57.918037121146,31.146248624643,
    23.346885083039));
#1861 = CARTESIAN_POINT('',(57.843077035712,31.167690530109,
    23.384023552717));
#1862 = CARTESIAN_POINT('',(57.766569136159,31.187718959365,
    23.418713809785));
#1863 = CARTESIAN_POINT('',(57.68868675323,31.20634091057,
    23.450967975408));
#1864 = CARTESIAN_POINT('',(57.60958853991,31.223569030003,
    23.480807953585));
#1865 = CARTESIAN_POINT('',(57.529415549702,31.239420786444,
    23.508264001128));
#1866 = CARTESIAN_POINT('',(57.448288143655,31.253918153695,
    23.533374177784));
#1867 = CARTESIAN_POINT('',(57.325041150863,31.27372449409,
    23.56767976566));
#1868 = CARTESIAN_POINT('',(57.283557094417,31.280021390362,
    23.578586309933));
#1869 = CARTESIAN_POINT('',(57.24187178168,31.28598645012,
    23.588918096504));
#1870 = CARTESIAN_POINT('',(57.199999966251,31.291628138821,
    23.598689787975));
#1871 = CARTESIAN_POINT('',(57.157949573502,31.296940697997,
    23.607891410386));
#1872 = CARTESIAN_POINT('',(57.115735007442,31.301945402092,
    23.616559812154));
#1873 = CARTESIAN_POINT('',(57.073362935939,31.306642333161,
    23.624695135407));
#1874 = CARTESIAN_POINT('',(56.986500253492,31.315629724228,
    23.640261753362));
#1875 = CARTESIAN_POINT('',(56.941996489534,31.319893841591,
    23.647647421283));
#1876 = CARTESIAN_POINT('',(56.897337229387,31.323843499948,
    23.65448843023));
#1877 = CARTESIAN_POINT('',(56.852528105636,31.327488268658,
    23.660801354819));
#1878 = CARTESIAN_POINT('',(56.807572707683,31.330838146412,
    23.666603513287));
#1879 = CARTESIAN_POINT('',(56.762472314743,31.33390364513,
    23.671913112818));
#1880 = CARTESIAN_POINT('',(56.717225628826,31.336695873871,
    23.676749394863));
#1881 = CARTESIAN_POINT('',(56.567265621562,31.345055679682,
    23.691229003269));
#1882 = CARTESIAN_POINT('',(56.462011180316,31.349491724047,
    23.698912457494));
#1883 = CARTESIAN_POINT('',(56.355873403609,31.352691154279,
    23.704454033212));
#1884 = CARTESIAN_POINT('',(56.248703402216,31.354813493483,
    23.708130032543));
#1885 = CARTESIAN_POINT('',(56.140394341614,31.356038026002,
    23.710250985083));
#1886 = CARTESIAN_POINT('',(56.030829388572,31.356597122902,
    23.711219369319));
#1887 = CARTESIAN_POINT('',(55.919878862483,31.356768886186,
    23.711516872053));
#1888 = CARTESIAN_POINT('',(55.807547013178,31.356771741611,
    23.711521817795));
#1889 = PLANE('',#1890);
#1890 = AXIS2_PLACEMENT_3D('',#1891,#1892,#1893);
#1891 = CARTESIAN_POINT('',(0.,13.2501886779,-7.650000000003));
#1892 = DIRECTION('',(0.,0.866025403784,-0.5));
#1893 = DIRECTION('',(0.,0.5,0.866025403784));
#1894 = ADVANCED_FACE('',(#1895),#1909,.F.);
#1895 = FACE_BOUND('',#1896,.F.);
#1896 = EDGE_LOOP('',(#1897,#1907,#1908));
#1897 = ORIENTED_EDGE('',*,*,#1898,.T.);
#1898 = EDGE_CURVE('',#454,#1808,#1899,.T.);
#1899 = B_SPLINE_CURVE_WITH_KNOTS('',6,(#1900,#1901,#1902,#1903,#1904,
    #1905,#1906),.UNSPECIFIED.,.F.,.F.,(7,7),(0.,4.623888921003),
  .PIECEWISE_BEZIER_KNOTS.);
#1900 = CARTESIAN_POINT('',(-58.10889330382,-3.004868646524,
    -37.75315628853));
#1901 = CARTESIAN_POINT('',(-58.21329692671,-3.148902330301,
    -37.83970045692));
#1902 = CARTESIAN_POINT('',(-58.32240996488,-3.324161020482,
    -37.89564902535));
#1903 = CARTESIAN_POINT('',(-58.42525766923,-3.527689650965,
    -37.90634604089));
#1904 = CARTESIAN_POINT('',(-58.49782618495,-3.736252801077,
    -37.86079182755));
#1905 = CARTESIAN_POINT('',(-58.53575738349,-3.925689983418,
    -37.78200378324));
#1906 = CARTESIAN_POINT('',(-58.54406088489,-4.090594531355,
    -37.68511756145));
#1907 = ORIENTED_EDGE('',*,*,#1816,.T.);
#1908 = ORIENTED_EDGE('',*,*,#453,.T.);
#1909 = B_SPLINE_SURFACE_WITH_KNOTS('',8,8,(
    (#1910,#1911,#1912,#1913,#1914,#1915,#1916,#1917,#1918)
    ,(#1919,#1920,#1921,#1922,#1923,#1924,#1925,#1926,#1927)
    ,(#1928,#1929,#1930,#1931,#1932,#1933,#1934,#1935,#1936)
    ,(#1937,#1938,#1939,#1940,#1941,#1942,#1943,#1944,#1945)
    ,(#1946,#1947,#1948,#1949,#1950,#1951,#1952,#1953,#1954)
    ,(#1955,#1956,#1957,#1958,#1959,#1960,#1961,#1962,#1963)
    ,(#1964,#1965,#1966,#1967,#1968,#1969,#1970,#1971,#1972)
    ,(#1973,#1974,#1975,#1976,#1977,#1978,#1979,#1980,#1981)
    ,(#1982,#1983,#1984,#1985,#1986,#1987,#1988,#1989,#1990
  )),.UNSPECIFIED.,.F.,.F.,.F.,(9,9),(9,9),(-2.623759945313,
    5.026026083341),(-0.66560247959,0.816190275962),
  .PIECEWISE_BEZIER_KNOTS.);
#1910 = CARTESIAN_POINT('',(-58.80581275434,-4.392750545144,
    -37.51116339049));
#1911 = CARTESIAN_POINT('',(-58.77641095666,-4.194099485814,
    -37.54189009736));
#1912 = CARTESIAN_POINT('',(-58.76024907103,-3.974314093293,
    -37.63756092632));
#1913 = CARTESIAN_POINT('',(-58.60042234174,-3.982445578029,
    -37.03423613557));
#1914 = CARTESIAN_POINT('',(-58.85172870998,-3.338929065384,
    -38.42844893051));
#1915 = CARTESIAN_POINT('',(-58.61658920389,-3.465660279454,
    -37.46163651737));
#1916 = CARTESIAN_POINT('',(-58.64370723794,-3.178220600993,
    -37.76475070498));
#1917 = CARTESIAN_POINT('',(-58.58624008101,-3.024088791379,
    -37.65903265358));
#1918 = CARTESIAN_POINT('',(-58.53889781237,-2.853708652067,
    -37.60298379586));
#1919 = CARTESIAN_POINT('',(-57.98169650376,-4.43088413137,
    -38.16511369559));
#1920 = CARTESIAN_POINT('',(-57.95084691769,-4.234537217659,
    -38.1887271888));
#1921 = CARTESIAN_POINT('',(-57.95187866082,-3.987477762332,
    -38.36805275223));
#1922 = CARTESIAN_POINT('',(-57.71312968573,-4.120694497829,
    -37.38138955628));
#1923 = CARTESIAN_POINT('',(-58.06091420316,-3.324329586914,
    -39.24397755171));
#1924 = CARTESIAN_POINT('',(-57.72043572471,-3.618133903964,
    -37.76512124237));
#1925 = CARTESIAN_POINT('',(-57.76100107939,-3.309110015216,
    -38.13423709275));
#1926 = CARTESIAN_POINT('',(-57.69232399117,-3.172481691725,
    -37.97479642034));
#1927 = CARTESIAN_POINT('',(-57.638468894,-3.012126971342,-37.8879016069
    ));
#1928 = CARTESIAN_POINT('',(-57.11806854288,-4.531786430755,
    -38.62665207914));
#1929 = CARTESIAN_POINT('',(-57.08547002459,-4.338269500219,
    -38.64143606364));
#1930 = CARTESIAN_POINT('',(-57.03097612413,-4.179042957947,
    -38.55067329185));
#1931 = CARTESIAN_POINT('',(-57.04577955179,-3.911291103124,
    -38.79621198492));
#1932 = CARTESIAN_POINT('',(-56.93960390596,-3.831838269077,
    -38.45659349537));
#1933 = CARTESIAN_POINT('',(-56.88099708788,-3.681927086827,
    -38.34173421115));
#1934 = CARTESIAN_POINT('',(-56.81122347258,-3.546369359149,
    -38.17744995524));
#1935 = CARTESIAN_POINT('',(-56.75886701254,-3.383664177984,
    -38.0981457871));
#1936 = CARTESIAN_POINT('',(-56.70296713919,-3.226188035741,
    -38.00229786731));
#1937 = CARTESIAN_POINT('',(-56.18175484962,-4.747554711641,
    -38.73696079405));
#1938 = CARTESIAN_POINT('',(-56.12790750925,-4.587566870031,
    -38.64935351625));
#1939 = CARTESIAN_POINT('',(-56.04684380977,-4.471707465104,
    -38.42601791726));
#1940 = CARTESIAN_POINT('',(-56.16484120433,-4.036245917131,
    -39.17913098097));
#1941 = CARTESIAN_POINT('',(-55.82785363241,-4.330628045868,
    -37.70768697067));
#1942 = CARTESIAN_POINT('',(-55.78677823332,-4.14808784799,
    -37.67988927222));
#1943 = CARTESIAN_POINT('',(-55.85152102159,-3.800119908735,
    -38.17180520731));
#1944 = CARTESIAN_POINT('',(-55.77343190308,-3.67712830468,
    -37.96919788523));
#1945 = CARTESIAN_POINT('',(-55.72887191888,-3.501176163905,
    -37.92982292251));
#1946 = CARTESIAN_POINT('',(-55.25183030068,-4.953789695458,
    -38.87393754741));
#1947 = CARTESIAN_POINT('',(-55.1976299171,-4.794525466869,
    -38.78322867174));
#1948 = CARTESIAN_POINT('',(-55.19476293343,-4.552120358358,
    -38.94796194347));
#1949 = CARTESIAN_POINT('',(-54.9276452619,-4.735967640282,
    -37.81049472877));
#1950 = CARTESIAN_POINT('',(-55.18813040046,-4.066453075621,
    -39.27362044948));
#1951 = CARTESIAN_POINT('',(-55.04911095095,-4.048849158545,
    -38.76009351947));
#1952 = CARTESIAN_POINT('',(-54.84972792062,-4.117318407579,
    -37.96834504091));
#1953 = CARTESIAN_POINT('',(-54.82895894621,-3.905142949155,
    -38.04105870763));
#1954 = CARTESIAN_POINT('',(-54.77206515456,-3.748813962606,
    -37.94143050733));
#1955 = CARTESIAN_POINT('',(-54.33739515491,-5.135046098959,
    -39.09079581347));
#1956 = CARTESIAN_POINT('',(-54.27589116698,-4.987245243802,
    -38.96589140566));
#1957 = CARTESIAN_POINT('',(-54.18137461702,-4.893906955701,
    -38.67442263207));
#1958 = CARTESIAN_POINT('',(-54.25534064258,-4.523632915596,
    -39.22708384859));
#1959 = CARTESIAN_POINT('',(-54.03205848262,-4.647450452589,
    -38.27808327155));
#1960 = CARTESIAN_POINT('',(-53.9543383944,-4.517689970373,
    -38.09270015702));
#1961 = CARTESIAN_POINT('',(-53.97558489579,-4.238668841122,
    -38.36905224188));
#1962 = CARTESIAN_POINT('',(-53.87808688075,-4.144245100441,
    -38.0789554102));
#1963 = CARTESIAN_POINT('',(-53.82039710367,-3.98818202127,
    -37.9781742768));
#1964 = CARTESIAN_POINT('',(-53.42036234199,-5.320585707797,
    -39.29238055678));
#1965 = CARTESIAN_POINT('',(-53.35553298476,-5.177752654553,
    -39.15168929564));
#1966 = CARTESIAN_POINT('',(-53.30748638139,-5.007737658388,
    -39.09429612181));
#1967 = CARTESIAN_POINT('',(-53.1901678654,-4.950817006828,
    -38.69180153324));
#1968 = CARTESIAN_POINT('',(-53.21135274609,-4.664174979303,
    -38.988398219));
#1969 = CARTESIAN_POINT('',(-53.105701456,-4.596579739407,
    -38.62122928245));
#1970 = CARTESIAN_POINT('',(-53.00184409864,-4.50811195355,
    -38.31203554895));
#1971 = CARTESIAN_POINT('',(-52.94658909876,-4.35055827231,
    -38.21659191583));
#1972 = CARTESIAN_POINT('',(-52.88577429159,-4.200348733606,
    -38.09820841671));
#1973 = CARTESIAN_POINT('',(-52.51841966654,-5.483096231871,
    -39.5655711108));
#1974 = CARTESIAN_POINT('',(-52.45196996737,-5.342715158257,
    -39.41736829896));
#1975 = CARTESIAN_POINT('',(-52.38812155036,-5.197750546242,
    -39.28291714731));
#1976 = CARTESIAN_POINT('',(-52.32832818,-5.04938442427,-39.16101550774)
  );
#1977 = CARTESIAN_POINT('',(-52.25753689244,-4.909295300399,
    -39.00754475365));
#1978 = CARTESIAN_POINT('',(-52.20809512954,-4.752282737347,
    -38.91633661855));
#1979 = CARTESIAN_POINT('',(-52.106292335,-4.661509764195,
    -38.61316190607));
#1980 = CARTESIAN_POINT('',(-52.03755865366,-4.524642317706,
    -38.4542948387));
#1981 = CARTESIAN_POINT('',(-51.96974911015,-4.385332599646,
    -38.30243352006));
#1982 = CARTESIAN_POINT('',(-51.62201886626,-5.637756657348,
    -39.86306177096));
#1983 = CARTESIAN_POINT('',(-51.55434576919,-5.499280287669,
    -39.70898414217));
#1984 = CARTESIAN_POINT('',(-51.48941735085,-5.356225032258,
    -39.56879616378));
#1985 = CARTESIAN_POINT('',(-51.4286386583,-5.208420881437,
    -39.44442125518));
#1986 = CARTESIAN_POINT('',(-51.35846265757,-5.070074087811,
    -39.2873867546));
#1987 = CARTESIAN_POINT('',(-51.30588795986,-4.914792508447,
    -39.18906106907));
#1988 = CARTESIAN_POINT('',(-51.20975776692,-4.817311076634,
    -38.90749551245));
#1989 = CARTESIAN_POINT('',(-51.13421021658,-4.690743195959,
    -38.71685248149));
#1990 = CARTESIAN_POINT('',(-51.06040931622,-4.560830728819,
    -38.53615018254));
#1991 = ADVANCED_FACE('',(#1992),#2017,.F.);
#1992 = FACE_BOUND('',#1993,.F.);
#1993 = EDGE_LOOP('',(#1994,#2003,#2015,#2016));
#1994 = ORIENTED_EDGE('',*,*,#1995,.T.);
#1995 = EDGE_CURVE('',#469,#1996,#1998,.T.);
#1996 = VERTEX_POINT('',#1997);
#1997 = CARTESIAN_POINT('',(-60.15208162267,-0.787195810256,
    -35.28962068812));
#1998 = CIRCLE('',#1999,1.);
#1999 = AXIS2_PLACEMENT_3D('',#2000,#2001,#2002);
#2000 = CARTESIAN_POINT('',(-59.15269079565,-0.817419660979,
    -35.27217093977));
#2001 = DIRECTION('',(1.69274992699E-02,0.857044485445,0.514964280059));
#2002 = DIRECTION('',(-7.971054372113E-15,0.51503807491,-0.857167300702)
  );
#2003 = ORIENTED_EDGE('',*,*,#2004,.T.);
#2004 = EDGE_CURVE('',#1996,#1808,#2005,.T.);
#2005 = B_SPLINE_CURVE_WITH_KNOTS('',8,(#2006,#2007,#2008,#2009,#2010,
    #2011,#2012,#2013,#2014),.UNSPECIFIED.,.F.,.F.,(9,9),(
    85.902056149802,90.515668187169),.PIECEWISE_BEZIER_KNOTS.);
#2006 = CARTESIAN_POINT('',(-60.15208162267,-0.787195810255,
    -35.28962068812));
#2007 = CARTESIAN_POINT('',(-60.15993598849,-1.235547133483,
    -35.6163487419));
#2008 = CARTESIAN_POINT('',(-60.10878901239,-1.673063861475,
    -35.93472746735));
#2009 = CARTESIAN_POINT('',(-60.00406892286,-2.100728832266,
    -36.24558007103));
#2010 = CARTESIAN_POINT('',(-59.84502692214,-2.52186377434,
    -36.55154782366));
#2011 = CARTESIAN_POINT('',(-59.62902843521,-2.936927772367,
    -36.85318914523));
#2012 = CARTESIAN_POINT('',(-59.34317817752,-3.346654288475,
    -37.14995213973));
#2013 = CARTESIAN_POINT('',(-58.98160639489,-3.736522393015,
    -37.43102966813));
#2014 = CARTESIAN_POINT('',(-58.54406088489,-4.090594531355,
    -37.68511756145));
#2015 = ORIENTED_EDGE('',*,*,#1898,.F.);
#2016 = ORIENTED_EDGE('',*,*,#468,.F.);
#2017 = ( BOUNDED_SURFACE() B_SPLINE_SURFACE(2,8,(
    (#2018,#2019,#2020,#2021,#2022,#2023,#2024,#2025,#2026)
    ,(#2027,#2028,#2029,#2030,#2031,#2032,#2033,#2034,#2035)
    ,(#2036,#2037,#2038,#2039,#2040,#2041,#2042,#2043,#2044
)),.UNSPECIFIED.,.F.,.F.,.F.) B_SPLINE_SURFACE_WITH_KNOTS((3,3),(9,9),(
    0.,4.613612037366),(85.902056149802,90.515668187169),
.PIECEWISE_BEZIER_KNOTS.) GEOMETRIC_REPRESENTATION_ITEM() 
RATIONAL_B_SPLINE_SURFACE((
    (1.,1.,1.,1.,1.,1.,1.,1.,1.)
    ,(0.71781745158,0.734932736748,0.751032616248,0.766283013493
      ,0.780941206536,0.795104552296,0.808532089687,0.820756090776
      ,0.831411227481)
,(1.,1.,1.,1.,1.,1.,1.,1.,1.))) REPRESENTATION_ITEM('') SURFACE() );
#2018 = CARTESIAN_POINT('',(-59.15269079565,-0.302381586068,
    -36.12933824047));
#2019 = CARTESIAN_POINT('',(-59.16031213852,-0.688252515433,
    -36.36119288595));
#2020 = CARTESIAN_POINT('',(-59.12359898525,-1.058478114823,
    -36.58364686878));
#2021 = CARTESIAN_POINT('',(-59.04936917497,-1.418176308642,
    -36.79977534818));
#2022 = CARTESIAN_POINT('',(-58.93794770958,-1.774916588093,
    -37.01412653332));
#2023 = CARTESIAN_POINT('',(-58.78260513171,-2.135893867229,
    -37.23102356472));
#2024 = CARTESIAN_POINT('',(-58.56776694732,-2.501065370159,
    -37.45044074002));
#2025 = CARTESIAN_POINT('',(-58.2835827355,-2.856026885757,
    -37.66372313602));
#2026 = CARTESIAN_POINT('',(-57.92763345115,-3.18258821218,
    -37.85994097676));
#2027 = CARTESIAN_POINT('',(-60.1224799835,-0.288308220561,
    -36.12088210936));
#2028 = CARTESIAN_POINT('',(-60.08497533961,-0.749054823934,
    -36.39772659867));
#2029 = CARTESIAN_POINT('',(-59.99731049197,-1.194404595318,
    -36.66531973799));
#2030 = CARTESIAN_POINT('',(-59.86400068274,-1.625058478297,
    -36.92408269671));
#2031 = CARTESIAN_POINT('',(-59.68456497519,-2.044977244793,
    -37.17639534668));
#2032 = CARTESIAN_POINT('',(-59.45694881388,-2.457531437824,
    -37.42428291449));
#2033 = CARTESIAN_POINT('',(-59.16648447762,-2.866302952782,
    -37.66989762001));
#2034 = CARTESIAN_POINT('',(-58.80545039471,-3.256078004386,
    -37.9040980988));
#2035 = CARTESIAN_POINT('',(-58.37351571028,-3.60932915935,
    -38.11635280644));
#2036 = CARTESIAN_POINT('',(-60.15208162267,-0.787195810255,
    -35.28962068812));
#2037 = CARTESIAN_POINT('',(-60.15993598849,-1.235547133483,
    -35.6163487419));
#2038 = CARTESIAN_POINT('',(-60.10878901239,-1.673063861475,
    -35.93472746735));
#2039 = CARTESIAN_POINT('',(-60.00406892286,-2.100728832266,
    -36.24558007103));
#2040 = CARTESIAN_POINT('',(-59.84502692214,-2.52186377434,
    -36.55154782366));
#2041 = CARTESIAN_POINT('',(-59.62902843521,-2.936927772367,
    -36.85318914523));
#2042 = CARTESIAN_POINT('',(-59.34317817752,-3.346654288475,
    -37.14995213973));
#2043 = CARTESIAN_POINT('',(-58.98160639489,-3.736522393015,
    -37.43102966813));
#2044 = CARTESIAN_POINT('',(-58.54406088489,-4.090594531355,
    -37.68511756145));
#2045 = ADVANCED_FACE('',(#2046),#2064,.T.);
#2046 = FACE_BOUND('',#2047,.T.);
#2047 = EDGE_LOOP('',(#2048,#2049,#2050,#2058));
#2048 = ORIENTED_EDGE('',*,*,#482,.T.);
#2049 = ORIENTED_EDGE('',*,*,#1995,.T.);
#2050 = ORIENTED_EDGE('',*,*,#2051,.F.);
#2051 = EDGE_CURVE('',#2052,#1996,#2054,.T.);
#2052 = VERTEX_POINT('',#2053);
#2053 = CARTESIAN_POINT('',(-59.4206160876,36.247128818927,
    -13.03715346632));
#2054 = LINE('',#2055,#2056);
#2055 = CARTESIAN_POINT('',(-59.42089376804,36.233069773416,
    -13.04560099295));
#2056 = VECTOR('',#2057,1.);
#2057 = DIRECTION('',(-1.69274992699E-02,-0.857044485445,-0.514964280059
    ));
#2058 = ORIENTED_EDGE('',*,*,#2059,.F.);
#2059 = EDGE_CURVE('',#483,#2052,#2060,.T.);
#2060 = ( BOUNDED_CURVE() B_SPLINE_CURVE(2,(#2061,#2062,#2063),
.UNSPECIFIED.,.F.,.F.) B_SPLINE_CURVE_WITH_KNOTS((3,3),(0.,
0.995920535199),.PIECEWISE_BEZIER_KNOTS.) CURVE() 
GEOMETRIC_REPRESENTATION_ITEM() RATIONAL_B_SPLINE_CURVE((1.,
0.717817451581,1.)) REPRESENTATION_ITEM('') );
#2061 = CARTESIAN_POINT('',(-58.42122497776,36.731957363112,
    -13.87686241419));
#2062 = CARTESIAN_POINT('',(-59.39101417398,36.746030304463,
    -13.86840653794));
#2063 = CARTESIAN_POINT('',(-59.4206160876,36.247128818927,
    -13.03715346632));
#2064 = CYLINDRICAL_SURFACE('',#2065,1.);
#2065 = AXIS2_PLACEMENT_3D('',#2066,#2067,#2068);
#2066 = CARTESIAN_POINT('',(-58.42150294102,36.202845922692,
    -13.02815124459));
#2067 = DIRECTION('',(-1.69274992699E-02,-0.857044485445,-0.514964280059
    ));
#2068 = DIRECTION('',(-7.971054372113E-15,0.51503807491,-0.857167300702)
  );
#2069 = ADVANCED_FACE('',(#2070),#2099,.T.);
#2070 = FACE_BOUND('',#2071,.T.);
#2071 = EDGE_LOOP('',(#2072,#2081,#2082,#2093));
#2072 = ORIENTED_EDGE('',*,*,#2073,.F.);
#2073 = EDGE_CURVE('',#491,#2074,#2076,.T.);
#2074 = VERTEX_POINT('',#2075);
#2075 = CARTESIAN_POINT('',(-43.96454135683,37.433932020859,
    -13.16252781279));
#2076 = ELLIPSE('',#2077,2.000286601825,2.);
#2077 = AXIS2_PLACEMENT_3D('',#2078,#2079,#2080);
#2078 = CARTESIAN_POINT('',(-43.98095693785,35.70188121329,
    -12.16252781279));
#2079 = DIRECTION('',(0.99985671962,-1.45096988568E-02,
    -8.718306637021E-03));
#2080 = DIRECTION('',(1.692749926989E-02,0.857044485445,0.514964280059)
  );
#2081 = ORIENTED_EDGE('',*,*,#490,.T.);
#2082 = ORIENTED_EDGE('',*,*,#2083,.F.);
#2083 = EDGE_CURVE('',#2084,#483,#2086,.T.);
#2084 = VERTEX_POINT('',#2085);
#2085 = CARTESIAN_POINT('',(-58.41684660145,37.433932020859,
    -13.16252781279));
#2086 = B_SPLINE_CURVE_WITH_KNOTS('',5,(#2087,#2088,#2089,#2090,#2091,
    #2092),.UNSPECIFIED.,.F.,.F.,(6,6),(41.693836477378,42.689757012577)
  ,.PIECEWISE_BEZIER_KNOTS.);
#2087 = CARTESIAN_POINT('',(-58.41684660145,37.433932020859,
    -13.16252781279));
#2088 = CARTESIAN_POINT('',(-58.41684660145,37.332715017279,
    -13.33784080558));
#2089 = CARTESIAN_POINT('',(-58.41729477533,37.209079955007,
    -13.5007658416));
#2090 = CARTESIAN_POINT('',(-58.41819371147,37.06539939576,
    -13.64666727705));
#2091 = CARTESIAN_POINT('',(-58.41951217536,36.905397045762,
    -13.77264933911));
#2092 = CARTESIAN_POINT('',(-58.42122497776,36.731957363112,
    -13.87686241419));
#2093 = ORIENTED_EDGE('',*,*,#2094,.T.);
#2094 = EDGE_CURVE('',#2084,#2074,#2095,.T.);
#2095 = LINE('',#2096,#2097);
#2096 = CARTESIAN_POINT('',(15.125,37.433932020859,-13.16252781279));
#2097 = VECTOR('',#2098,1.);
#2098 = DIRECTION('',(1.,0.,0.));
#2099 = CYLINDRICAL_SURFACE('',#2100,2.);
#2100 = AXIS2_PLACEMENT_3D('',#2101,#2102,#2103);
#2101 = CARTESIAN_POINT('',(-38.67952376915,35.70188121329,
    -12.16252781279));
#2102 = DIRECTION('',(1.,0.,0.));
#2103 = DIRECTION('',(0.,0.713250449154,-0.7009092643));
#2104 = ADVANCED_FACE('',(#2105),#2121,.T.);
#2105 = FACE_BOUND('',#2106,.T.);
#2106 = EDGE_LOOP('',(#2107,#2108,#2114,#2115));
#2107 = ORIENTED_EDGE('',*,*,#506,.F.);
#2108 = ORIENTED_EDGE('',*,*,#2109,.T.);
#2109 = EDGE_CURVE('',#499,#1140,#2110,.T.);
#2110 = LINE('',#2111,#2112);
#2111 = CARTESIAN_POINT('',(-44.5,10.45264775992,-29.66706464998));
#2112 = VECTOR('',#2113,1.);
#2113 = DIRECTION('',(1.266E-14,-0.51503807491,0.857167300702));
#2114 = ORIENTED_EDGE('',*,*,#1139,.F.);
#2115 = ORIENTED_EDGE('',*,*,#2116,.F.);
#2116 = EDGE_CURVE('',#507,#1132,#2117,.T.);
#2117 = LINE('',#2118,#2119);
#2118 = CARTESIAN_POINT('',(-42.,10.45264775992,-29.66706464998));
#2119 = VECTOR('',#2120,1.);
#2120 = DIRECTION('',(1.266E-14,-0.51503807491,0.857167300702));
#2121 = PLANE('',#2122);
#2122 = AXIS2_PLACEMENT_3D('',#2123,#2124,#2125);
#2123 = CARTESIAN_POINT('',(-44.5,10.45264775992,-29.66706464998));
#2124 = DIRECTION('',(0.,0.857167300702,0.51503807491));
#2125 = DIRECTION('',(1.,6.519513396578E-15,-1.085029238083E-14));
#2126 = ADVANCED_FACE('',(#2127),#2168,.T.);
#2127 = FACE_BOUND('',#2128,.T.);
#2128 = EDGE_LOOP('',(#2129,#2139,#2145,#2146,#2154,#2162));
#2129 = ORIENTED_EDGE('',*,*,#2130,.F.);
#2130 = EDGE_CURVE('',#2131,#2133,#2135,.T.);
#2131 = VERTEX_POINT('',#2132);
#2132 = CARTESIAN_POINT('',(-0.431630510538,31.327504420737,
    -21.88414646369));
#2133 = VERTEX_POINT('',#2134);
#2134 = CARTESIAN_POINT('',(-1.631630510538,31.327504420737,
    -21.88414646369));
#2135 = LINE('',#2136,#2137);
#2136 = CARTESIAN_POINT('',(-7.081630510538,31.327504420737,
    -21.88414646369));
#2137 = VECTOR('',#2138,1.);
#2138 = DIRECTION('',(-1.,0.,0.));
#2139 = ORIENTED_EDGE('',*,*,#2140,.T.);
#2140 = EDGE_CURVE('',#2131,#523,#2141,.T.);
#2141 = LINE('',#2142,#2143);
#2142 = CARTESIAN_POINT('',(-0.431630510538,29.226106319072,
    -18.38683271884));
#2143 = VECTOR('',#2144,1.);
#2144 = DIRECTION('',(0.,-0.51503807491,0.857167300702));
#2145 = ORIENTED_EDGE('',*,*,#522,.T.);
#2146 = ORIENTED_EDGE('',*,*,#2147,.T.);
#2147 = EDGE_CURVE('',#525,#2148,#2150,.T.);
#2148 = VERTEX_POINT('',#2149);
#2149 = CARTESIAN_POINT('',(1.968369489462,31.595281463658,
    -22.32980230207));
#2150 = LINE('',#2151,#2152);
#2151 = CARTESIAN_POINT('',(1.968369489462,29.226106319072,
    -18.38683271884));
#2152 = VECTOR('',#2153,1.);
#2153 = DIRECTION('',(0.,0.51503807491,-0.857167300702));
#2154 = ORIENTED_EDGE('',*,*,#2155,.F.);
#2155 = EDGE_CURVE('',#2156,#2148,#2158,.T.);
#2156 = VERTEX_POINT('',#2157);
#2157 = CARTESIAN_POINT('',(-1.631630510538,31.595281463658,
    -22.32980230207));
#2158 = LINE('',#2159,#2160);
#2159 = CARTESIAN_POINT('',(-0.531630510538,31.595281463658,
    -22.32980230207));
#2160 = VECTOR('',#2161,1.);
#2161 = DIRECTION('',(1.,0.,0.));
#2162 = ORIENTED_EDGE('',*,*,#2163,.F.);
#2163 = EDGE_CURVE('',#2133,#2156,#2164,.T.);
#2164 = LINE('',#2165,#2166);
#2165 = CARTESIAN_POINT('',(-1.631630510538,29.226106319072,
    -18.38683271884));
#2166 = VECTOR('',#2167,1.);
#2167 = DIRECTION('',(0.,0.51503807491,-0.857167300702));
#2168 = PLANE('',#2169);
#2169 = AXIS2_PLACEMENT_3D('',#2170,#2171,#2172);
#2170 = CARTESIAN_POINT('',(-0.20614306902,30.501076605415,-20.508739607
    ));
#2171 = DIRECTION('',(7.78E-15,0.857167300702,0.51503807491));
#2172 = DIRECTION('',(3.944304526105E-31,-0.51503807491,0.857167300702)
  );
#2173 = ADVANCED_FACE('',(#2174),#2218,.F.);
#2174 = FACE_BOUND('',#2175,.F.);
#2175 = EDGE_LOOP('',(#2176,#2186,#2195,#2203,#2210,#2211,#2212));
#2176 = ORIENTED_EDGE('',*,*,#2177,.F.);
#2177 = EDGE_CURVE('',#2178,#2180,#2182,.T.);
#2178 = VERTEX_POINT('',#2179);
#2179 = CARTESIAN_POINT('',(-0.431630510538,28.282615412724,
    -22.45363944052));
#2180 = VERTEX_POINT('',#2181);
#2181 = CARTESIAN_POINT('',(-0.431630510538,24.369938692745,
    -24.80461279654));
#2182 = LINE('',#2183,#2184);
#2183 = CARTESIAN_POINT('',(-0.431630510538,28.799735752187,
    -22.14292219324));
#2184 = VECTOR('',#2185,1.);
#2185 = DIRECTION('',(2.7E-16,-0.857167300702,-0.51503807491));
#2186 = ORIENTED_EDGE('',*,*,#2187,.F.);
#2187 = EDGE_CURVE('',#2188,#2178,#2190,.T.);
#2188 = VERTEX_POINT('',#2189);
#2189 = CARTESIAN_POINT('',(-0.431630510538,29.579531730858,
    -21.95579990954));
#2190 = CIRCLE('',#2191,4.);
#2191 = AXIS2_PLACEMENT_3D('',#2192,#2193,#2194);
#2192 = CARTESIAN_POINT('',(-0.431630510538,30.342767712364,
    -25.88230864333));
#2193 = DIRECTION('',(1.,2.3E-16,1.4E-16));
#2194 = DIRECTION('',(-4.827663131424E-17,-0.358367949545,0.933580426497
    ));
#2195 = ORIENTED_EDGE('',*,*,#2196,.F.);
#2196 = EDGE_CURVE('',#2197,#2188,#2199,.T.);
#2197 = VERTEX_POINT('',#2198);
#2198 = CARTESIAN_POINT('',(-0.431630510538,30.908313902305,
    -21.69751082028));
#2199 = LINE('',#2200,#2201);
#2200 = CARTESIAN_POINT('',(-0.431630510538,29.97133491512,
    -21.87964108546));
#2201 = VECTOR('',#2202,1.);
#2202 = DIRECTION('',(2.6E-16,-0.981627183448,-0.190808995377));
#2203 = ORIENTED_EDGE('',*,*,#2204,.F.);
#2204 = EDGE_CURVE('',#2131,#2197,#2205,.T.);
#2205 = CIRCLE('',#2206,0.4);
#2206 = AXIS2_PLACEMENT_3D('',#2207,#2208,#2209);
#2207 = CARTESIAN_POINT('',(-0.431630510538,30.984637500456,
    -22.09016169366));
#2208 = DIRECTION('',(1.,2.3E-16,1.4E-16));
#2209 = DIRECTION('',(-2.214457919774E-16,0.406736643076,0.913545457643)
  );
#2210 = ORIENTED_EDGE('',*,*,#2140,.T.);
#2211 = ORIENTED_EDGE('',*,*,#532,.F.);
#2212 = ORIENTED_EDGE('',*,*,#2213,.F.);
#2213 = EDGE_CURVE('',#2180,#533,#2214,.T.);
#2214 = LINE('',#2215,#2216);
#2215 = CARTESIAN_POINT('',(-0.431630510538,23.351792479033,
    -24.24024513458));
#2216 = VECTOR('',#2217,1.);
#2217 = DIRECTION('',(1.4E-16,-0.874619707139,0.484809620246));
#2218 = PLANE('',#2219);
#2219 = AXIS2_PLACEMENT_3D('',#2220,#2221,#2222);
#2220 = CARTESIAN_POINT('',(-0.431630510538,29.226106319072,
    -18.38683271884));
#2221 = DIRECTION('',(1.,2.3E-16,1.4E-16));
#2222 = DIRECTION('',(2.692538096489E-16,-0.857167300702,-0.51503807491)
  );
#2223 = ADVANCED_FACE('',(#2224),#2258,.T.);
#2224 = FACE_BOUND('',#2225,.T.);
#2225 = EDGE_LOOP('',(#2226,#2227,#2228,#2236,#2244,#2252));
#2226 = ORIENTED_EDGE('',*,*,#540,.F.);
#2227 = ORIENTED_EDGE('',*,*,#2213,.F.);
#2228 = ORIENTED_EDGE('',*,*,#2229,.F.);
#2229 = EDGE_CURVE('',#2230,#2180,#2232,.T.);
#2230 = VERTEX_POINT('',#2231);
#2231 = CARTESIAN_POINT('',(-1.631630510538,24.369938692744,
    -24.80461279654));
#2232 = LINE('',#2233,#2234);
#2233 = CARTESIAN_POINT('',(-1.931630510538,24.369938692745,
    -24.80461279654));
#2234 = VECTOR('',#2235,1.);
#2235 = DIRECTION('',(1.,2.3E-16,1.4E-16));
#2236 = ORIENTED_EDGE('',*,*,#2237,.T.);
#2237 = EDGE_CURVE('',#2230,#2238,#2240,.T.);
#2238 = VERTEX_POINT('',#2239);
#2239 = CARTESIAN_POINT('',(-1.631630510538,26.187801616825,
    -25.81227066966));
#2240 = LINE('',#2241,#2242);
#2241 = CARTESIAN_POINT('',(-1.631630510538,21.340167152611,
    -23.12518300801));
#2242 = VECTOR('',#2243,1.);
#2243 = DIRECTION('',(0.,0.874619707139,-0.484809620246));
#2244 = ORIENTED_EDGE('',*,*,#2245,.F.);
#2245 = EDGE_CURVE('',#2246,#2238,#2248,.T.);
#2246 = VERTEX_POINT('',#2247);
#2247 = CARTESIAN_POINT('',(1.968369489462,26.187801616825,
    -25.81227066966));
#2248 = LINE('',#2249,#2250);
#2249 = CARTESIAN_POINT('',(-0.431630510538,26.187801616825,
    -25.81227066966));
#2250 = VECTOR('',#2251,1.);
#2251 = DIRECTION('',(-1.,0.,0.));
#2252 = ORIENTED_EDGE('',*,*,#2253,.F.);
#2253 = EDGE_CURVE('',#541,#2246,#2254,.T.);
#2254 = LINE('',#2255,#2256);
#2255 = CARTESIAN_POINT('',(1.968369489462,21.340167152611,
    -23.12518300801));
#2256 = VECTOR('',#2257,1.);
#2257 = DIRECTION('',(0.,0.874619707139,-0.484809620246));
#2258 = PLANE('',#2259);
#2259 = AXIS2_PLACEMENT_3D('',#2260,#2261,#2262);
#2260 = CARTESIAN_POINT('',(-0.246347895991,23.882305225434,
    -24.53431315182));
#2261 = DIRECTION('',(-3.3274E-13,-0.484809620246,-0.874619707139));
#2262 = DIRECTION('',(0.,-0.874619707139,0.484809620246));
#2263 = ADVANCED_FACE('',(#2264),#2293,.T.);
#2264 = FACE_BOUND('',#2265,.T.);
#2265 = EDGE_LOOP('',(#2266,#2267,#2268,#2277,#2285,#2292));
#2266 = ORIENTED_EDGE('',*,*,#548,.F.);
#2267 = ORIENTED_EDGE('',*,*,#2253,.T.);
#2268 = ORIENTED_EDGE('',*,*,#2269,.F.);
#2269 = EDGE_CURVE('',#2270,#2246,#2272,.T.);
#2270 = VERTEX_POINT('',#2271);
#2271 = CARTESIAN_POINT('',(1.968369489462,26.587740694888,
    -25.80528970709));
#2272 = CIRCLE('',#2273,0.4);
#2273 = AXIS2_PLACEMENT_3D('',#2274,#2275,#2276);
#2274 = CARTESIAN_POINT('',(1.968369489462,26.381725464923,
    -25.46242278681));
#2275 = DIRECTION('',(-1.,0.,0.));
#2276 = DIRECTION('',(0.,1.745240643731E-02,-0.999847695156));
#2277 = ORIENTED_EDGE('',*,*,#2278,.T.);
#2278 = EDGE_CURVE('',#2270,#2279,#2281,.T.);
#2279 = VERTEX_POINT('',#2280);
#2280 = CARTESIAN_POINT('',(1.968369489462,31.458429773341,
    -22.87868445232));
#2281 = LINE('',#2282,#2283);
#2282 = CARTESIAN_POINT('',(1.968369489462,26.389786386172,
    -25.92423265556));
#2283 = VECTOR('',#2284,1.);
#2284 = DIRECTION('',(0.,0.857167300702,0.51503807491));
#2285 = ORIENTED_EDGE('',*,*,#2286,.T.);
#2286 = EDGE_CURVE('',#2279,#2148,#2287,.T.);
#2287 = CIRCLE('',#2288,0.4);
#2288 = AXIS2_PLACEMENT_3D('',#2289,#2290,#2291);
#2289 = CARTESIAN_POINT('',(1.968369489462,31.252414543377,
    -22.53581753204));
#2290 = DIRECTION('',(1.,-0.,0.));
#2291 = DIRECTION('',(0.,0.970295726276,-0.2419218956));
#2292 = ORIENTED_EDGE('',*,*,#2147,.F.);
#2293 = PLANE('',#2294);
#2294 = AXIS2_PLACEMENT_3D('',#2295,#2296,#2297);
#2295 = CARTESIAN_POINT('',(1.968369489462,26.8821830544,-22.39149481885
    ));
#2296 = DIRECTION('',(1.,0.,0.));
#2297 = DIRECTION('',(0.,0.,1.));
#2298 = ADVANCED_FACE('',(#2299),#2318,.F.);
#2299 = FACE_BOUND('',#2300,.F.);
#2300 = EDGE_LOOP('',(#2301,#2309,#2310,#2311));
#2301 = ORIENTED_EDGE('',*,*,#2302,.T.);
#2302 = EDGE_CURVE('',#2303,#557,#2305,.T.);
#2303 = VERTEX_POINT('',#2304);
#2304 = CARTESIAN_POINT('',(56.5,-4.588912937236,-30.5482303588));
#2305 = LINE('',#2306,#2307);
#2306 = CARTESIAN_POINT('',(56.5,-4.588912937236,-30.5482303588));
#2307 = VECTOR('',#2308,1.);
#2308 = DIRECTION('',(1.745240643728E-02,0.865893503921,-0.499923847578)
  );
#2309 = ORIENTED_EDGE('',*,*,#556,.T.);
#2310 = ORIENTED_EDGE('',*,*,#2302,.F.);
#2311 = ORIENTED_EDGE('',*,*,#2312,.F.);
#2312 = EDGE_CURVE('',#2303,#2303,#2313,.T.);
#2313 = CIRCLE('',#2314,3.);
#2314 = AXIS2_PLACEMENT_3D('',#2315,#2316,#2317);
#2315 = CARTESIAN_POINT('',(53.5,-4.588912937236,-30.5482303588));
#2316 = DIRECTION('',(0.,-0.866025403784,0.5));
#2317 = DIRECTION('',(-1.,0.,0.));
#2318 = CONICAL_SURFACE('',#2319,3.,1.745329251994E-02);
#2319 = AXIS2_PLACEMENT_3D('',#2320,#2321,#2322);
#2320 = CARTESIAN_POINT('',(53.5,-4.588912937236,-30.5482303588));
#2321 = DIRECTION('',(0.,0.866025403784,-0.5));
#2322 = DIRECTION('',(-1.,0.,0.));
#2323 = ADVANCED_FACE('',(#2324),#2335,.F.);
#2324 = FACE_BOUND('',#2325,.F.);
#2325 = EDGE_LOOP('',(#2326,#2327,#2333,#2334));
#2326 = ORIENTED_EDGE('',*,*,#567,.F.);
#2327 = ORIENTED_EDGE('',*,*,#2328,.T.);
#2328 = EDGE_CURVE('',#568,#1363,#2329,.T.);
#2329 = LINE('',#2330,#2331);
#2330 = CARTESIAN_POINT('',(-15.43163051053,23.91166905472,
    -21.58006878328));
#2331 = VECTOR('',#2332,1.);
#2332 = DIRECTION('',(1.492E-14,-0.51503807491,0.857167300702));
#2333 = ORIENTED_EDGE('',*,*,#1362,.T.);
#2334 = ORIENTED_EDGE('',*,*,#2328,.F.);
#2335 = CYLINDRICAL_SURFACE('',#2336,2.);
#2336 = AXIS2_PLACEMENT_3D('',#2337,#2338,#2339);
#2337 = CARTESIAN_POINT('',(-17.43163051053,23.91166905472,
    -21.58006878328));
#2338 = DIRECTION('',(-1.492E-14,0.51503807491,-0.857167300702));
#2339 = DIRECTION('',(1.,7.680689022423E-15,-1.279114672588E-14));
#2340 = ADVANCED_FACE('',(#2341),#2345,.F.);
#2341 = FACE_BOUND('',#2342,.F.);
#2342 = EDGE_LOOP('',(#2343,#2344));
#2343 = ORIENTED_EDGE('',*,*,#578,.F.);
#2344 = ORIENTED_EDGE('',*,*,#589,.F.);
#2345 = SURFACE_OF_REVOLUTION('',#2346,#2351);
#2346 = CIRCLE('',#2347,1.5);
#2347 = AXIS2_PLACEMENT_3D('',#2348,#2349,#2350);
#2348 = CARTESIAN_POINT('',(-17.43163051053,14.445607544856,
    -27.26785236185));
#2349 = DIRECTION('',(-1.492E-14,0.51503807491,-0.857167300702));
#2350 = DIRECTION('',(1.,7.680689022423E-15,-1.279114672588E-14));
#2351 = AXIS1_PLACEMENT('',#2352,#2353);
#2352 = CARTESIAN_POINT('',(-18.93163051053,14.445598339709,
    -27.26785789286));
#2353 = DIRECTION('',(1.,7.68E-15,-1.279E-14));
#2354 = ADVANCED_FACE('',(#2355),#2396,.T.);
#2355 = FACE_BOUND('',#2356,.T.);
#2356 = EDGE_LOOP('',(#2357,#2367,#2373,#2374,#2382,#2390));
#2357 = ORIENTED_EDGE('',*,*,#2358,.F.);
#2358 = EDGE_CURVE('',#2359,#2361,#2363,.T.);
#2359 = VERTEX_POINT('',#2360);
#2360 = CARTESIAN_POINT('',(-34.43163051053,24.369938692748,
    -24.80461279654));
#2361 = VERTEX_POINT('',#2362);
#2362 = CARTESIAN_POINT('',(-33.23163051053,24.369938692745,
    -24.80461279654));
#2363 = LINE('',#2364,#2365);
#2364 = CARTESIAN_POINT('',(-35.73163051053,24.369938692745,
    -24.80461279654));
#2365 = VECTOR('',#2366,1.);
#2366 = DIRECTION('',(1.,0.,0.));
#2367 = ORIENTED_EDGE('',*,*,#2368,.F.);
#2368 = EDGE_CURVE('',#621,#2359,#2369,.T.);
#2369 = LINE('',#2370,#2371);
#2370 = CARTESIAN_POINT('',(-34.43163051053,21.340167152612,
    -23.12518300801));
#2371 = VECTOR('',#2372,1.);
#2372 = DIRECTION('',(0.,0.874619707139,-0.484809620247));
#2373 = ORIENTED_EDGE('',*,*,#620,.T.);
#2374 = ORIENTED_EDGE('',*,*,#2375,.T.);
#2375 = EDGE_CURVE('',#623,#2376,#2378,.T.);
#2376 = VERTEX_POINT('',#2377);
#2377 = CARTESIAN_POINT('',(-36.83163051053,26.187801616822,
    -25.81227066966));
#2378 = LINE('',#2379,#2380);
#2379 = CARTESIAN_POINT('',(-36.83163051053,21.340167152612,
    -23.12518300801));
#2380 = VECTOR('',#2381,1.);
#2381 = DIRECTION('',(0.,0.874619707138,-0.484809620249));
#2382 = ORIENTED_EDGE('',*,*,#2383,.F.);
#2383 = EDGE_CURVE('',#2384,#2376,#2386,.T.);
#2384 = VERTEX_POINT('',#2385);
#2385 = CARTESIAN_POINT('',(-33.23163051053,26.187801616824,
    -25.81227066966));
#2386 = LINE('',#2387,#2388);
#2387 = CARTESIAN_POINT('',(-36.83163051053,26.187801616822,
    -25.81227066966));
#2388 = VECTOR('',#2389,1.);
#2389 = DIRECTION('',(-1.,0.,0.));
#2390 = ORIENTED_EDGE('',*,*,#2391,.F.);
#2391 = EDGE_CURVE('',#2361,#2384,#2392,.T.);
#2392 = LINE('',#2393,#2394);
#2393 = CARTESIAN_POINT('',(-33.23163051053,21.340167152612,
    -23.12518300801));
#2394 = VECTOR('',#2395,1.);
#2395 = DIRECTION('',(0.,0.874619707139,-0.484809620246));
#2396 = PLANE('',#2397);
#2397 = AXIS2_PLACEMENT_3D('',#2398,#2399,#2400);
#2398 = CARTESIAN_POINT('',(-35.97692755037,23.934795024513,
    -24.56340872256));
#2399 = DIRECTION('',(9.7028E-13,-0.484809620248,-0.874619707139));
#2400 = DIRECTION('',(5.048709793414E-29,-0.874619707139,0.484809620248)
  );
#2401 = ADVANCED_FACE('',(#2402),#2454,.T.);
#2402 = FACE_BOUND('',#2403,.F.);
#2403 = EDGE_LOOP('',(#2404,#2415,#2421,#2422,#2423,#2431,#2440,#2448));
#2404 = ORIENTED_EDGE('',*,*,#2405,.T.);
#2405 = EDGE_CURVE('',#2406,#2408,#2410,.T.);
#2406 = VERTEX_POINT('',#2407);
#2407 = CARTESIAN_POINT('',(-34.43163051053,29.579531730857,
    -21.95579990953));
#2408 = VERTEX_POINT('',#2409);
#2409 = CARTESIAN_POINT('',(-34.43163051053,28.282615412725,
    -22.45363944052));
#2410 = CIRCLE('',#2411,4.000000000101);
#2411 = AXIS2_PLACEMENT_3D('',#2412,#2413,#2414);
#2412 = CARTESIAN_POINT('',(-34.43163051053,30.342767712418,
    -25.88230864341));
#2413 = DIRECTION('',(1.,0.,0.));
#2414 = DIRECTION('',(0.,1.,0.));
#2415 = ORIENTED_EDGE('',*,*,#2416,.F.);
#2416 = EDGE_CURVE('',#2359,#2408,#2417,.T.);
#2417 = LINE('',#2418,#2419);
#2418 = CARTESIAN_POINT('',(-34.43163051053,24.369938692748,
    -24.80461279654));
#2419 = VECTOR('',#2420,1.);
#2420 = DIRECTION('',(0.,0.857167300702,0.51503807491));
#2421 = ORIENTED_EDGE('',*,*,#2368,.F.);
#2422 = ORIENTED_EDGE('',*,*,#630,.T.);
#2423 = ORIENTED_EDGE('',*,*,#2424,.T.);
#2424 = EDGE_CURVE('',#631,#2425,#2427,.T.);
#2425 = VERTEX_POINT('',#2426);
#2426 = CARTESIAN_POINT('',(-34.43163051053,31.327504420736,
    -21.88414646369));
#2427 = LINE('',#2428,#2429);
#2428 = CARTESIAN_POINT('',(-34.43163051053,29.226106319072,
    -18.38683271884));
#2429 = VECTOR('',#2430,1.);
#2430 = DIRECTION('',(0.,0.51503807491,-0.857167300702));
#2431 = ORIENTED_EDGE('',*,*,#2432,.T.);
#2432 = EDGE_CURVE('',#2425,#2433,#2435,.T.);
#2433 = VERTEX_POINT('',#2434);
#2434 = CARTESIAN_POINT('',(-34.43163051053,30.908314033836,
    -21.69751079471));
#2435 = CIRCLE('',#2436,0.399999999991);
#2436 = AXIS2_PLACEMENT_3D('',#2437,#2438,#2439);
#2437 = CARTESIAN_POINT('',(-34.43163051053,30.984637500463,
    -22.09016169365));
#2438 = DIRECTION('',(1.,0.,0.));
#2439 = DIRECTION('',(0.,1.,0.));
#2440 = ORIENTED_EDGE('',*,*,#2441,.F.);
#2441 = EDGE_CURVE('',#2442,#2433,#2444,.T.);
#2442 = VERTEX_POINT('',#2443);
#2443 = CARTESIAN_POINT('',(-34.43163051053,30.765400671935,
    -21.72529033817));
#2444 = LINE('',#2445,#2446);
#2445 = CARTESIAN_POINT('',(-34.43163051053,30.765400671935,
    -21.72529033817));
#2446 = VECTOR('',#2447,1.);
#2447 = DIRECTION('',(0.,0.981627183458,0.190808995321));
#2448 = ORIENTED_EDGE('',*,*,#2449,.F.);
#2449 = EDGE_CURVE('',#2406,#2442,#2450,.T.);
#2450 = LINE('',#2451,#2452);
#2451 = CARTESIAN_POINT('',(-34.43163051053,29.579531730857,
    -21.95579990953));
#2452 = VECTOR('',#2453,1.);
#2453 = DIRECTION('',(0.,0.981627183448,0.190808995377));
#2454 = PLANE('',#2455);
#2455 = AXIS2_PLACEMENT_3D('',#2456,#2457,#2458);
#2456 = CARTESIAN_POINT('',(-34.43163051053,26.560593401104,
    -21.79931803162));
#2457 = DIRECTION('',(1.,0.,0.));
#2458 = DIRECTION('',(0.,0.,1.));
#2459 = ADVANCED_FACE('',(#2460),#2494,.T.);
#2460 = FACE_BOUND('',#2461,.T.);
#2461 = EDGE_LOOP('',(#2462,#2470,#2471,#2472,#2480,#2488));
#2462 = ORIENTED_EDGE('',*,*,#2463,.F.);
#2463 = EDGE_CURVE('',#639,#2464,#2466,.T.);
#2464 = VERTEX_POINT('',#2465);
#2465 = CARTESIAN_POINT('',(-36.83163051053,31.595281463658,
    -22.32980230207));
#2466 = LINE('',#2467,#2468);
#2467 = CARTESIAN_POINT('',(-36.83163051053,29.226106319072,
    -18.38683271884));
#2468 = VECTOR('',#2469,1.);
#2469 = DIRECTION('',(0.,0.51503807491,-0.857167300702));
#2470 = ORIENTED_EDGE('',*,*,#638,.T.);
#2471 = ORIENTED_EDGE('',*,*,#2424,.T.);
#2472 = ORIENTED_EDGE('',*,*,#2473,.F.);
#2473 = EDGE_CURVE('',#2474,#2425,#2476,.T.);
#2474 = VERTEX_POINT('',#2475);
#2475 = CARTESIAN_POINT('',(-33.23163051053,31.327504420737,
    -21.88414646369));
#2476 = LINE('',#2477,#2478);
#2477 = CARTESIAN_POINT('',(-35.93163051053,31.327504420736,
    -21.88414646369));
#2478 = VECTOR('',#2479,1.);
#2479 = DIRECTION('',(-1.,-0.,-0.));
#2480 = ORIENTED_EDGE('',*,*,#2481,.T.);
#2481 = EDGE_CURVE('',#2474,#2482,#2484,.T.);
#2482 = VERTEX_POINT('',#2483);
#2483 = CARTESIAN_POINT('',(-33.23163051053,31.595281463658,
    -22.32980230207));
#2484 = LINE('',#2485,#2486);
#2485 = CARTESIAN_POINT('',(-33.23163051053,29.226106319072,
    -18.38683271884));
#2486 = VECTOR('',#2487,1.);
#2487 = DIRECTION('',(0.,0.51503807491,-0.857167300702));
#2488 = ORIENTED_EDGE('',*,*,#2489,.F.);
#2489 = EDGE_CURVE('',#2464,#2482,#2490,.T.);
#2490 = LINE('',#2491,#2492);
#2491 = CARTESIAN_POINT('',(-35.73163051053,31.595281463658,
    -22.32980230207));
#2492 = VECTOR('',#2493,1.);
#2493 = DIRECTION('',(1.,0.,0.));
#2494 = PLANE('',#2495);
#2495 = AXIS2_PLACEMENT_3D('',#2496,#2497,#2498);
#2496 = CARTESIAN_POINT('',(-36.03400677951,30.540677279097,
    -20.5746461957));
#2497 = DIRECTION('',(3.567E-14,0.857167300702,0.51503807491));
#2498 = DIRECTION('',(0.,-0.51503807491,0.857167300702));
#2499 = ADVANCED_FACE('',(#2500),#2529,.F.);
#2500 = FACE_BOUND('',#2501,.F.);
#2501 = EDGE_LOOP('',(#2502,#2503,#2504,#2505,#2514,#2522));
#2502 = ORIENTED_EDGE('',*,*,#2463,.F.);
#2503 = ORIENTED_EDGE('',*,*,#646,.T.);
#2504 = ORIENTED_EDGE('',*,*,#2375,.T.);
#2505 = ORIENTED_EDGE('',*,*,#2506,.F.);
#2506 = EDGE_CURVE('',#2507,#2376,#2509,.T.);
#2507 = VERTEX_POINT('',#2508);
#2508 = CARTESIAN_POINT('',(-36.83163051053,26.587740694887,
    -25.80528970708));
#2509 = CIRCLE('',#2510,0.4);
#2510 = AXIS2_PLACEMENT_3D('',#2511,#2512,#2513);
#2511 = CARTESIAN_POINT('',(-36.83163051053,26.381725464923,
    -25.46242278681));
#2512 = DIRECTION('',(-1.,-7.6E-16,-4.6E-16));
#2513 = DIRECTION('',(4.466661108796E-16,1.745240643731E-02,
    -0.999847695156));
#2514 = ORIENTED_EDGE('',*,*,#2515,.F.);
#2515 = EDGE_CURVE('',#2516,#2507,#2518,.T.);
#2516 = VERTEX_POINT('',#2517);
#2517 = CARTESIAN_POINT('',(-36.83163051053,31.45842977334,
    -22.87868445231));
#2518 = LINE('',#2519,#2520);
#2519 = CARTESIAN_POINT('',(-36.83163051053,31.801296693623,
    -22.67266922235));
#2520 = VECTOR('',#2521,1.);
#2521 = DIRECTION('',(0.,-0.857167300702,-0.51503807491));
#2522 = ORIENTED_EDGE('',*,*,#2523,.T.);
#2523 = EDGE_CURVE('',#2516,#2464,#2524,.T.);
#2524 = CIRCLE('',#2525,0.4);
#2525 = AXIS2_PLACEMENT_3D('',#2526,#2527,#2528);
#2526 = CARTESIAN_POINT('',(-36.83163051053,31.252414543377,
    -22.53581753204));
#2527 = DIRECTION('',(1.,1.14E-15,6.9E-16));
#2528 = DIRECTION('',(-9.392110199906E-16,0.970295726276,-0.2419218956)
  );
#2529 = PLANE('',#2530);
#2530 = AXIS2_PLACEMENT_3D('',#2531,#2532,#2533);
#2531 = CARTESIAN_POINT('',(-36.83163051053,26.882183054398,
    -22.39149481885));
#2532 = DIRECTION('',(1.,0.,0.));
#2533 = DIRECTION('',(0.,0.,1.));
#2534 = ADVANCED_FACE('',(#2535),#2553,.F.);
#2535 = FACE_BOUND('',#2536,.F.);
#2536 = EDGE_LOOP('',(#2537,#2544,#2551,#2552));
#2537 = ORIENTED_EDGE('',*,*,#2538,.F.);
#2538 = EDGE_CURVE('',#2539,#655,#2541,.T.);
#2539 = VERTEX_POINT('',#2540);
#2540 = CARTESIAN_POINT('',(-50.4,-4.588912937238,-30.5482303588));
#2541 = B_SPLINE_CURVE_WITH_KNOTS('',1,(#2542,#2543),.UNSPECIFIED.,.F.,
  .F.,(2,2),(-17.69999999999,-9.706045626532),.PIECEWISE_BEZIER_KNOTS.);
#2542 = CARTESIAN_POINT('',(-50.4,-4.588912937238,-30.5482303588));
#2543 = CARTESIAN_POINT('',(-50.4,2.334054626874,-34.54520754553));
#2544 = ORIENTED_EDGE('',*,*,#2545,.T.);
#2545 = EDGE_CURVE('',#2539,#2539,#2546,.T.);
#2546 = CIRCLE('',#2547,3.1);
#2547 = AXIS2_PLACEMENT_3D('',#2548,#2549,#2550);
#2548 = CARTESIAN_POINT('',(-53.5,-4.588912937238,-30.5482303588));
#2549 = DIRECTION('',(0.,0.866025403784,-0.5));
#2550 = DIRECTION('',(1.,0.,0.));
#2551 = ORIENTED_EDGE('',*,*,#2538,.T.);
#2552 = ORIENTED_EDGE('',*,*,#654,.F.);
#2553 = CYLINDRICAL_SURFACE('',#2554,3.1);
#2554 = AXIS2_PLACEMENT_3D('',#2555,#2556,#2557);
#2555 = CARTESIAN_POINT('',(-53.5,10.73973670974,-39.3982303588));
#2556 = DIRECTION('',(0.,0.866025403784,-0.5));
#2557 = DIRECTION('',(1.,0.,0.));
#2558 = ADVANCED_FACE('',(#2559),#2576,.F.);
#2559 = FACE_BOUND('',#2560,.F.);
#2560 = EDGE_LOOP('',(#2561,#2569,#2570));
#2561 = ORIENTED_EDGE('',*,*,#2562,.F.);
#2562 = EDGE_CURVE('',#182,#2563,#2565,.T.);
#2563 = VERTEX_POINT('',#2564);
#2564 = CARTESIAN_POINT('',(-41.40693828116,38.201287803936,
    -7.833428609021));
#2565 = LINE('',#2566,#2567);
#2566 = CARTESIAN_POINT('',(-41.4525661813,33.386968943434,
    -5.053880318943));
#2567 = VECTOR('',#2568,1.);
#2568 = DIRECTION('',(-8.207514051564E-03,-0.865996234134,0.499983158895
    ));
#2569 = ORIENTED_EDGE('',*,*,#708,.T.);
#2570 = ORIENTED_EDGE('',*,*,#2571,.F.);
#2571 = EDGE_CURVE('',#2563,#709,#2572,.T.);
#2572 = LINE('',#2573,#2574);
#2573 = CARTESIAN_POINT('',(-35.84361963061,38.201287803936,
    -7.833428609021));
#2574 = VECTOR('',#2575,1.);
#2575 = DIRECTION('',(1.,2.4E-16,-2.37E-15));
#2576 = PLANE('',#2577);
#2577 = AXIS2_PLACEMENT_3D('',#2578,#2579,#2580);
#2578 = CARTESIAN_POINT('',(-41.39052270014,39.933338611505,
    -8.833428609021));
#2579 = DIRECTION('',(-1.93E-15,-0.5,-0.866025403784));
#2580 = DIRECTION('',(-1.,5.737205583723E-17,2.195448267191E-15));
#2581 = ADVANCED_FACE('',(#2582),#2632,.T.);
#2582 = FACE_BOUND('',#2583,.T.);
#2583 = EDGE_LOOP('',(#2584,#2594,#2602,#2610,#2618,#2624,#2625,#2626));
#2584 = ORIENTED_EDGE('',*,*,#2585,.F.);
#2585 = EDGE_CURVE('',#2586,#2588,#2590,.T.);
#2586 = VERTEX_POINT('',#2587);
#2587 = CARTESIAN_POINT('',(-43.98095693785,35.70188121329,
    -12.16252781279));
#2588 = VERTEX_POINT('',#2589);
#2589 = CARTESIAN_POINT('',(-41.48095693785,35.70188121329,
    -12.16252781279));
#2590 = LINE('',#2591,#2592);
#2591 = CARTESIAN_POINT('',(1.712563858143,35.70188121329,
    -12.16252781279));
#2592 = VECTOR('',#2593,1.);
#2593 = DIRECTION('',(1.,1.414E-14,-8.16E-15));
#2594 = ORIENTED_EDGE('',*,*,#2595,.T.);
#2595 = EDGE_CURVE('',#2586,#2596,#2598,.T.);
#2596 = VERTEX_POINT('',#2597);
#2597 = CARTESIAN_POINT('',(-43.89052270014,38.755596855389,
    -6.87333716881));
#2598 = LINE('',#2599,#2600);
#2599 = CARTESIAN_POINT('',(-43.92737453032,37.511211840398,
    -9.028675238951));
#2600 = VECTOR('',#2601,1.);
#2601 = DIRECTION('',(1.480562303086E-02,0.499945195378,0.865930479395)
  );
#2602 = ORIENTED_EDGE('',*,*,#2603,.T.);
#2603 = EDGE_CURVE('',#2596,#2604,#2606,.T.);
#2604 = VERTEX_POINT('',#2605);
#2605 = CARTESIAN_POINT('',(-43.87410711912,38.755596855389,
    -6.87333716881));
#2606 = LINE('',#2607,#2608);
#2607 = CARTESIAN_POINT('',(-35.84361963061,38.755596855389,
    -6.87333716881));
#2608 = VECTOR('',#2609,1.);
#2609 = DIRECTION('',(1.,1.E-17,-2.77E-15));
#2610 = ORIENTED_EDGE('',*,*,#2611,.F.);
#2611 = EDGE_CURVE('',#2612,#2604,#2614,.T.);
#2612 = VERTEX_POINT('',#2613);
#2613 = CARTESIAN_POINT('',(-43.86584735482,39.034506393492,
    -6.3902516781));
#2614 = LINE('',#2615,#2616);
#2615 = CARTESIAN_POINT('',(-43.90136589874,37.835142790655,
    -8.467610374961));
#2616 = VECTOR('',#2617,1.);
#2617 = DIRECTION('',(-1.480562303086E-02,-0.499945195378,
    -0.865930479395));
#2618 = ORIENTED_EDGE('',*,*,#2619,.F.);
#2619 = EDGE_CURVE('',#717,#2612,#2620,.T.);
#2620 = LINE('',#2621,#2622);
#2621 = CARTESIAN_POINT('',(-38.67952376915,39.034506393492,
    -6.3902516781));
#2622 = VECTOR('',#2623,1.);
#2623 = DIRECTION('',(-1.,0.,0.));
#2624 = ORIENTED_EDGE('',*,*,#716,.T.);
#2625 = ORIENTED_EDGE('',*,*,#2571,.F.);
#2626 = ORIENTED_EDGE('',*,*,#2627,.T.);
#2627 = EDGE_CURVE('',#2563,#2588,#2628,.T.);
#2628 = LINE('',#2629,#2630);
#2629 = CARTESIAN_POINT('',(-41.66077700481,29.629851801212,
    -22.67959125955));
#2630 = VECTOR('',#2631,1.);
#2631 = DIRECTION('',(-1.480562303086E-02,-0.499945195378,
    -0.865930479395));
#2632 = PLANE('',#2633);
#2633 = AXIS2_PLACEMENT_3D('',#2634,#2635,#2636);
#2634 = CARTESIAN_POINT('',(-28.68253358983,37.368193803391,
    -9.276389745445));
#2635 = DIRECTION('',(-6.1E-16,0.866025403784,-0.5));
#2636 = DIRECTION('',(0.,0.5,0.866025403784));
#2637 = ADVANCED_FACE('',(#2638),#2649,.F.);
#2638 = FACE_BOUND('',#2639,.F.);
#2639 = EDGE_LOOP('',(#2640,#2641,#2647,#2648));
#2640 = ORIENTED_EDGE('',*,*,#740,.T.);
#2641 = ORIENTED_EDGE('',*,*,#2642,.T.);
#2642 = EDGE_CURVE('',#741,#2612,#2643,.T.);
#2643 = LINE('',#2644,#2645);
#2644 = CARTESIAN_POINT('',(-43.86584735482,40.766557201061,
    -7.3902516781));
#2645 = VECTOR('',#2646,1.);
#2646 = DIRECTION('',(1.05E-15,-0.866025403784,0.5));
#2647 = ORIENTED_EDGE('',*,*,#2619,.F.);
#2648 = ORIENTED_EDGE('',*,*,#724,.F.);
#2649 = PLANE('',#2650);
#2650 = AXIS2_PLACEMENT_3D('',#2651,#2652,#2653);
#2651 = CARTESIAN_POINT('',(-43.86584735482,40.766557201061,
    -7.3902516781));
#2652 = DIRECTION('',(-2.E-16,0.5,0.866025403784));
#2653 = DIRECTION('',(1.,1.009054445662E-15,-3.516377481545E-16));
#2654 = ADVANCED_FACE('',(#2655),#2679,.T.);
#2655 = FACE_BOUND('',#2656,.T.);
#2656 = EDGE_LOOP('',(#2657,#2658,#2664,#2665,#2673));
#2657 = ORIENTED_EDGE('',*,*,#2094,.F.);
#2658 = ORIENTED_EDGE('',*,*,#2659,.F.);
#2659 = EDGE_CURVE('',#749,#2084,#2660,.T.);
#2660 = LINE('',#2661,#2662);
#2661 = CARTESIAN_POINT('',(-58.41684660145,40.766557201061,
    -7.3902516781));
#2662 = VECTOR('',#2663,1.);
#2663 = DIRECTION('',(-1.052E-14,-0.5,-0.866025403784));
#2664 = ORIENTED_EDGE('',*,*,#748,.F.);
#2665 = ORIENTED_EDGE('',*,*,#2666,.F.);
#2666 = EDGE_CURVE('',#2667,#741,#2669,.T.);
#2667 = VERTEX_POINT('',#2668);
#2668 = CARTESIAN_POINT('',(-43.89052270014,39.933338611505,
    -8.833428609021));
#2669 = LINE('',#2670,#2671);
#2670 = CARTESIAN_POINT('',(-43.89052270014,39.933338611505,
    -8.833428609021));
#2671 = VECTOR('',#2672,1.);
#2672 = DIRECTION('',(1.480562303086E-02,0.499945195378,0.865930479395)
  );
#2673 = ORIENTED_EDGE('',*,*,#2674,.T.);
#2674 = EDGE_CURVE('',#2667,#2074,#2675,.T.);
#2675 = LINE('',#2676,#2677);
#2676 = CARTESIAN_POINT('',(-43.9109625477,39.243141139834,
    -10.02888569721));
#2677 = VECTOR('',#2678,1.);
#2678 = DIRECTION('',(-1.480562303086E-02,-0.499945195378,
    -0.865930479395));
#2679 = PLANE('',#2680);
#2680 = AXIS2_PLACEMENT_3D('',#2681,#2682,#2683);
#2681 = CARTESIAN_POINT('',(-30.29671656109,39.10024461096,
    -10.27638974544));
#2682 = DIRECTION('',(-1.4E-15,0.866025403784,-0.5));
#2683 = DIRECTION('',(0.,0.5,0.866025403784));
#2684 = ADVANCED_FACE('',(#2685),#2715,.F.);
#2685 = FACE_BOUND('',#2686,.F.);
#2686 = EDGE_LOOP('',(#2687,#2696,#2708,#2714));
#2687 = ORIENTED_EDGE('',*,*,#2688,.T.);
#2688 = EDGE_CURVE('',#757,#2689,#2691,.T.);
#2689 = VERTEX_POINT('',#2690);
#2690 = CARTESIAN_POINT('',(-59.42779164229,40.015786760511,
    -6.098684432076));
#2691 = CIRCLE('',#2692,1.);
#2692 = AXIS2_PLACEMENT_3D('',#2693,#2694,#2695);
#2693 = CARTESIAN_POINT('',(-58.42840081527,39.985562909787,
    -6.081234683725));
#2694 = DIRECTION('',(-2.59424549622E-02,-0.30891299096,0.950736426696)
  );
#2695 = DIRECTION('',(-2.231027862454E-14,0.951056516295,0.309016994375)
  );
#2696 = ORIENTED_EDGE('',*,*,#2697,.T.);
#2697 = EDGE_CURVE('',#2689,#2698,#2700,.T.);
#2698 = VERTEX_POINT('',#2699);
#2699 = CARTESIAN_POINT('',(-59.41623742847,39.930755648,-6.907701426451
    ));
#2700 = B_SPLINE_CURVE_WITH_KNOTS('',6,(#2701,#2702,#2703,#2704,#2705,
    #2706,#2707),.UNSPECIFIED.,.F.,.F.,(7,7),(33.378213582824,
    35.028586116977),.PIECEWISE_BEZIER_KNOTS.);
#2701 = CARTESIAN_POINT('',(-59.4277934882,40.015764781866,
    -6.098616780573));
#2702 = CARTESIAN_POINT('',(-59.42435423881,40.05672505256,
    -6.224645944094));
#2703 = CARTESIAN_POINT('',(-59.42137036805,40.078139352661,
    -6.358449045485));
#2704 = CARTESIAN_POINT('',(-59.41888612672,40.078983471526,
    -6.499265716944));
#2705 = CARTESIAN_POINT('',(-59.41711397402,40.054153184176,
    -6.643768663058));
#2706 = CARTESIAN_POINT('',(-59.41623742847,40.003214960544,
    -6.782198215643));
#2707 = CARTESIAN_POINT('',(-59.41623742847,39.930755648,-6.907701426451
    ));
#2708 = ORIENTED_EDGE('',*,*,#2709,.F.);
#2709 = EDGE_CURVE('',#749,#2698,#2710,.T.);
#2710 = ( BOUNDED_CURVE() B_SPLINE_CURVE(2,(#2711,#2712,#2713),
.UNSPECIFIED.,.F.,.F.) B_SPLINE_CURVE_WITH_KNOTS((3,3),(0.,
1.650372534153),.PIECEWISE_BEZIER_KNOTS.) CURVE() 
GEOMETRIC_REPRESENTATION_ITEM() RATIONAL_B_SPLINE_CURVE((1.,
0.719339800339,1.)) REPRESENTATION_ITEM('') );
#2711 = CARTESIAN_POINT('',(-58.41684660145,40.766557201061,
    -7.3902516781));
#2712 = CARTESIAN_POINT('',(-59.38253537625,40.766557201061,
    -7.3902516781));
#2713 = CARTESIAN_POINT('',(-59.41623742847,39.930755648,-6.907701426451
    ));
#2714 = ORIENTED_EDGE('',*,*,#756,.F.);
#2715 = ( BOUNDED_SURFACE() B_SPLINE_SURFACE(2,6,(
    (#2716,#2717,#2718,#2719,#2720,#2721,#2722)
    ,(#2723,#2724,#2725,#2726,#2727,#2728,#2729)
    ,(#2730,#2731,#2732,#2733,#2734,#2735,#2736
)),.UNSPECIFIED.,.F.,.F.,.F.) B_SPLINE_SURFACE_WITH_KNOTS((3,3),(7,7),(
    0.,1.650372534153),(33.378213582824,35.028586116977),
.PIECEWISE_BEZIER_KNOTS.) GEOMETRIC_REPRESENTATION_ITEM() 
RATIONAL_B_SPLINE_SURFACE((
    (1.,1.,1.,1.,1.,1.,1.)
    ,(0.715315427434,0.71657730084,0.717643999338,0.718483292118
      ,0.719055891589,0.719339800339,0.719339800339)
,(1.,1.,1.,1.,1.,1.,1.))) REPRESENTATION_ITEM('') SURFACE() );
#2716 = CARTESIAN_POINT('',(-58.42840081533,40.936619426082,
    -5.77221768935));
#2717 = CARTESIAN_POINT('',(-58.42478808677,41.022657715822,
    -6.037016317249));
#2718 = CARTESIAN_POINT('',(-58.42172898001,41.064234547652,
    -6.315551200159));
#2719 = CARTESIAN_POINT('',(-58.41932006518,41.059412454387,
    -6.600113997334));
#2720 = CARTESIAN_POINT('',(-58.41766601569,41.006067681389,
    -6.88166336173));
#2721 = CARTESIAN_POINT('',(-58.41684660145,40.906342027034,
    -7.148137257387));
#2722 = CARTESIAN_POINT('',(-58.41684660145,40.766557201061,
    -7.3902516781));
#2723 = CARTESIAN_POINT('',(-59.40498615078,40.944450512032,
    -5.796319293656));
#2724 = CARTESIAN_POINT('',(-59.3979442612,41.025933219071,
    -6.058493772371));
#2725 = CARTESIAN_POINT('',(-59.39199763439,41.063936692396,
    -6.333248048668));
#2726 = CARTESIAN_POINT('',(-59.38732040647,41.056922811246,
    -6.613273014147));
#2727 = CARTESIAN_POINT('',(-59.38411954385,41.002930911913,
    -6.89011115234));
#2728 = CARTESIAN_POINT('',(-59.38253537625,40.904071636005,
    -7.152069690003));
#2729 = CARTESIAN_POINT('',(-59.38253537625,40.766557201061,
    -7.3902516781));
#2730 = CARTESIAN_POINT('',(-59.4277934882,40.015764781866,
    -6.098616780573));
#2731 = CARTESIAN_POINT('',(-59.42435423881,40.05672505256,
    -6.224645944094));
#2732 = CARTESIAN_POINT('',(-59.42137036805,40.078139352661,
    -6.358449045485));
#2733 = CARTESIAN_POINT('',(-59.41888612672,40.078983471526,
    -6.499265716944));
#2734 = CARTESIAN_POINT('',(-59.41711397402,40.054153184176,
    -6.643768663058));
#2735 = CARTESIAN_POINT('',(-59.41623742847,40.003214960544,
    -6.782198215643));
#2736 = CARTESIAN_POINT('',(-59.41623742847,39.930755648,-6.907701426451
    ));
#2737 = ADVANCED_FACE('',(#2738),#2750,.F.);
#2738 = FACE_BOUND('',#2739,.F.);
#2739 = EDGE_LOOP('',(#2740,#2741,#2742,#2743));
#2740 = ORIENTED_EDGE('',*,*,#911,.F.);
#2741 = ORIENTED_EDGE('',*,*,#782,.T.);
#2742 = ORIENTED_EDGE('',*,*,#1255,.F.);
#2743 = ORIENTED_EDGE('',*,*,#2744,.T.);
#2744 = EDGE_CURVE('',#1248,#904,#2745,.T.);
#2745 = CIRCLE('',#2746,1.);
#2746 = AXIS2_PLACEMENT_3D('',#2747,#2748,#2749);
#2747 = CARTESIAN_POINT('',(6.134783138718,38.028730004166,
    -5.872226509283E-02));
#2748 = DIRECTION('',(1.,-0.,0.));
#2749 = DIRECTION('',(0.,0.15643446504,-0.987688340595));
#2750 = B_SPLINE_SURFACE_WITH_KNOTS('',3,3,(
    (#2751,#2752,#2753,#2754,#2755)
    ,(#2756,#2757,#2758,#2759,#2760)
    ,(#2761,#2762,#2763,#2764,#2765)
    ,(#2766,#2767,#2768,#2769,#2770)
    ,(#2771,#2772,#2773,#2774,#2775)
    ,(#2776,#2777,#2778,#2779,#2780
    )),.UNSPECIFIED.,.F.,.F.,.F.,(4,1,1,4),(4,1,4),(0.,0.285714285714,
    0.571428571429,1.),(1.161837965071,1.806823778611,2.666804863332),
  .UNSPECIFIED.);
#2751 = CARTESIAN_POINT('',(3.095053494938,39.856649978902,
    -2.448413501111));
#2752 = CARTESIAN_POINT('',(3.145949327053,39.655291042533,
    -1.828694417585));
#2753 = CARTESIAN_POINT('',(3.766342768226,39.194984953583,
    -0.412017945563));
#2754 = CARTESIAN_POINT('',(5.271937995094,38.979786520461,
    0.250294729282));
#2755 = CARTESIAN_POINT('',(6.134783138718,38.979786520461,
    0.250294729282));
#2756 = CARTESIAN_POINT('',(3.237552427,39.860089418195,-2.458999006801)
  );
#2757 = CARTESIAN_POINT('',(3.289387334163,39.668189830417,
    -1.868355823407));
#2758 = CARTESIAN_POINT('',(3.889934129367,39.231031592129,
    -0.522931771946));
#2759 = CARTESIAN_POINT('',(5.319564537968,39.029940345579,
    9.590373914069E-02));
#2760 = CARTESIAN_POINT('',(6.134783138718,39.030638238142,
    9.378923493851E-02));
#2761 = CARTESIAN_POINT('',(3.522144462871,39.807604713924,
    -2.499425085927));
#2762 = CARTESIAN_POINT('',(3.575830379723,39.631782527798,
    -1.96778251058));
#2763 = CARTESIAN_POINT('',(4.136646662519,39.233129648178,
    -0.767092007679));
#2764 = CARTESIAN_POINT('',(5.414648195689,39.053190438929,
    -0.23714639201));
#2765 = CARTESIAN_POINT('',(6.134783138718,39.053072529819,
    -0.244174202235));
#2766 = CARTESIAN_POINT('',(3.931156693504,39.525755822766,
    -2.624594397031));
#2767 = CARTESIAN_POINT('',(3.983423717648,39.364046353422,
    -2.180204204089));
#2768 = CARTESIAN_POINT('',(4.475002239727,38.994074278829,
    -1.18781681702));
#2769 = CARTESIAN_POINT('',(5.541605047964,38.817186299047,
    -0.773494055553));
#2770 = CARTESIAN_POINT('',(6.134783138718,38.808153499741,
    -0.785845120275));
#2771 = CARTESIAN_POINT('',(4.07462514463,39.19916351935,-2.742493340257
    ));
#2772 = CARTESIAN_POINT('',(4.11882188225,39.034687314553,
    -2.330842561114));
#2773 = CARTESIAN_POINT('',(4.563624774926,38.650143418885,
    -1.403396288843));
#2774 = CARTESIAN_POINT('',(5.569303541376,38.447812883142,
    -0.99887960017));
#2775 = CARTESIAN_POINT('',(6.134783138718,38.428964889088,
    -1.007796412634));
#2776 = CARTESIAN_POINT('',(4.089575390307,38.996117767215,
    -2.80969472712));
#2777 = CARTESIAN_POINT('',(4.126375370877,38.827181460895,
    -2.402044138802));
#2778 = CARTESIAN_POINT('',(4.547644040842,38.427528523286,
    -1.472288416117));
#2779 = CARTESIAN_POINT('',(5.557646839276,38.208214229987,
    -1.042759882227));
#2780 = CARTESIAN_POINT('',(6.134783138718,38.185164469206,
    -1.046410605688));
#2781 = ADVANCED_FACE('',(#2782),#2800,.T.);
#2782 = FACE_BOUND('',#2783,.T.);
#2783 = EDGE_LOOP('',(#2784,#2785,#2786,#2794));
#2784 = ORIENTED_EDGE('',*,*,#808,.T.);
#2785 = ORIENTED_EDGE('',*,*,#2688,.T.);
#2786 = ORIENTED_EDGE('',*,*,#2787,.F.);
#2787 = EDGE_CURVE('',#2788,#2689,#2790,.T.);
#2788 = VERTEX_POINT('',#2789);
#2789 = CARTESIAN_POINT('',(-60.06721078232,32.40182426886,
    17.334682581143));
#2790 = LINE('',#2791,#2792);
#2791 = CARTESIAN_POINT('',(-60.03904676213,32.737190822563,
    16.302530459893));
#2792 = VECTOR('',#2793,1.);
#2793 = DIRECTION('',(2.59424549622E-02,0.30891299096,-0.950736426696));
#2794 = ORIENTED_EDGE('',*,*,#2795,.F.);
#2795 = EDGE_CURVE('',#809,#2788,#2796,.T.);
#2796 = ( BOUNDED_CURVE() B_SPLINE_CURVE(2,(#2797,#2798,#2799),
.UNSPECIFIED.,.F.,.F.) B_SPLINE_CURVE_WITH_KNOTS((3,3),(0.,
7.176134048103),.PIECEWISE_BEZIER_KNOTS.) CURVE() 
GEOMETRIC_REPRESENTATION_ITEM() RATIONAL_B_SPLINE_CURVE((1.,
0.715315427413,1.)) REPRESENTATION_ITEM('') );
#2797 = CARTESIAN_POINT('',(-59.0678199553,33.322656934432,
    17.661149323869));
#2798 = CARTESIAN_POINT('',(-60.04440524869,33.330488521978,
    17.63704617581));
#2799 = CARTESIAN_POINT('',(-60.06721078232,32.40182426886,
    17.334682581143));
#2800 = CYLINDRICAL_SURFACE('',#2801,1.);
#2801 = AXIS2_PLACEMENT_3D('',#2802,#2803,#2804);
#2802 = CARTESIAN_POINT('',(-59.03965593511,32.706966971839,
    16.319980208245));
#2803 = DIRECTION('',(2.59424549622E-02,0.30891299096,-0.950736426696));
#2804 = DIRECTION('',(-2.231027862454E-14,0.951056516295,0.309016994375)
  );
#2805 = ADVANCED_FACE('',(#2806),#2837,.F.);
#2806 = FACE_BOUND('',#2807,.F.);
#2807 = EDGE_LOOP('',(#2808,#2817,#2835,#2836));
#2808 = ORIENTED_EDGE('',*,*,#2809,.T.);
#2809 = EDGE_CURVE('',#817,#1776,#2810,.T.);
#2810 = B_SPLINE_CURVE_WITH_KNOTS('',5,(#2811,#2812,#2813,#2814,#2815,
    #2816),.UNSPECIFIED.,.F.,.F.,(6,6),(0.,7.178637673219),
  .PIECEWISE_BEZIER_KNOTS.);
#2811 = CARTESIAN_POINT('',(-56.99974542289,31.670839540448,
    22.744920523752));
#2812 = CARTESIAN_POINT('',(-57.05549157036,31.621800126115,
    22.895848321918));
#2813 = CARTESIAN_POINT('',(-57.11121142707,31.540597647885,
    23.042180133285));
#2814 = CARTESIAN_POINT('',(-57.15924380899,31.425586427955,
    23.171903963726));
#2815 = CARTESIAN_POINT('',(-57.1912531348,31.290703902231,
    23.274350845361));
#2816 = CARTESIAN_POINT('',(-57.20707920619,31.148734442668,
    23.351190646156));
#2817 = ORIENTED_EDGE('',*,*,#2818,.T.);
#2818 = EDGE_CURVE('',#1776,#2788,#2819,.T.);
#2819 = ( BOUNDED_CURVE() B_SPLINE_CURVE(14,(#2820,#2821,#2822,#2823,
    #2824,#2825,#2826,#2827,#2828,#2829,#2830,#2831,#2832,#2833,#2834),
.UNSPECIFIED.,.F.,.F.) B_SPLINE_CURVE_WITH_KNOTS((15,15),(1.552748850105
,8.728882898209),.PIECEWISE_BEZIER_KNOTS.) CURVE() 
GEOMETRIC_REPRESENTATION_ITEM() RATIONAL_B_SPLINE_CURVE((1.,1.,
    0.999999999998,1.000000000004,0.999999999991,1.000000000014,
    0.999999999982,1.000000000019,0.999999999984,1.000000000011,
    0.999999999993,1.000000000003,0.999999999999,1.,1.)) 
REPRESENTATION_ITEM('') );
#2820 = CARTESIAN_POINT('',(-57.20707920619,31.148734442668,
    23.351190646156));
#2821 = CARTESIAN_POINT('',(-57.76015292,31.218810116416,23.02862297146)
  );
#2822 = CARTESIAN_POINT('',(-58.23630619205,31.304546046,22.633320088718
    ));
#2823 = CARTESIAN_POINT('',(-58.62711230355,31.397878793372,
    22.199753920722));
#2824 = CARTESIAN_POINT('',(-58.94607520941,31.491600095366,
    21.757796217266));
#2825 = CARTESIAN_POINT('',(-59.21653617178,31.586430303489,
    21.305796607691));
#2826 = CARTESIAN_POINT('',(-59.42314151143,31.676497293086,
    20.869023825418));
#2827 = CARTESIAN_POINT('',(-59.61516343532,31.767673656788,
    20.421844033065));
#2828 = CARTESIAN_POINT('',(-59.74512463766,31.8560728615,
    19.989868942895));
#2829 = CARTESIAN_POINT('',(-59.86816590059,31.942622838989,
    19.564479279494));
#2830 = CARTESIAN_POINT('',(-59.95331266713,32.031950602471,
    19.130652561984));
#2831 = CARTESIAN_POINT('',(-60.019820615,32.120597995253,
    18.699876157245));
#2832 = CARTESIAN_POINT('',(-60.06139608839,32.211728285352,
    18.258036580283));
#2833 = CARTESIAN_POINT('',(-60.07833078881,32.305224378314,
    17.804237307507));
#2834 = CARTESIAN_POINT('',(-60.06721078232,32.40182426886,
    17.334682581143));
#2835 = ORIENTED_EDGE('',*,*,#2795,.F.);
#2836 = ORIENTED_EDGE('',*,*,#816,.F.);
#2837 = ( BOUNDED_SURFACE() B_SPLINE_SURFACE(2,14,(
    (#2838,#2839,#2840,#2841,#2842,#2843,#2844,#2845,#2846,#2847,#2848
      ,#2849,#2850,#2851,#2852)
    ,(#2853,#2854,#2855,#2856,#2857,#2858,#2859,#2860,#2861,#2862,#2863
      ,#2864,#2865,#2866,#2867)
    ,(#2868,#2869,#2870,#2871,#2872,#2873,#2874,#2875,#2876,#2877,#2878
      ,#2879,#2880,#2881,#2882
)),.UNSPECIFIED.,.F.,.F.,.F.) B_SPLINE_SURFACE_WITH_KNOTS((3,3),(15,15),
  (0.,7.176134048103),(1.552748850105,8.728882898209),
.PIECEWISE_BEZIER_KNOTS.) GEOMETRIC_REPRESENTATION_ITEM() 
RATIONAL_B_SPLINE_SURFACE((
    (1.,1.,0.999999999998,1.000000000004,0.999999999991,1.000000000014
      ,0.999999999982,1.000000000019,0.999999999984,1.000000000011
      ,0.999999999993,1.000000000003,0.999999999999,1.,1.)
    ,(0.919455359321,0.910473692395,0.899335732954,0.886779900748
      ,0.873389749833,0.859203114532,0.844757244708,0.829492744319
      ,0.814362021931,0.799185665828,0.783596035262,0.76782641846
      ,0.751330559358,0.733918561366,0.715315427413)
    ,(1.,1.,0.999999999998,1.000000000004,0.999999999991,1.000000000014
      ,0.999999999982,1.000000000019,0.999999999984,1.000000000011
      ,0.999999999993,1.000000000003,0.999999999999,1.,1.
))) REPRESENTATION_ITEM('') SURFACE() );
#2838 = CARTESIAN_POINT('',(-56.82949601134,31.633353476295,
    22.86029076627));
#2839 = CARTESIAN_POINT('',(-57.30248840055,31.731127762503,
    22.559372455248));
#2840 = CARTESIAN_POINT('',(-57.70219449183,31.850941731696,
    22.190622974738));
#2841 = CARTESIAN_POINT('',(-58.02291953351,31.981560146569,
    21.788620829632));
#2842 = CARTESIAN_POINT('',(-58.27495696574,32.111897000122,
    21.387485241166));
#2843 = CARTESIAN_POINT('',(-58.48654528719,32.245336775561,
    20.976799841094));
#2844 = CARTESIAN_POINT('',(-58.6355270888,32.368533735733,
    20.597638584936));
#2845 = CARTESIAN_POINT('',(-58.773766288,32.495432095935,
    20.207085590861));
#2846 = CARTESIAN_POINT('',(-58.8612781647,32.612586440743,
    19.84652159252));
#2847 = CARTESIAN_POINT('',(-58.9420142487,32.727340563425,
    19.493344718335));
#2848 = CARTESIAN_POINT('',(-58.99799562738,32.842297058677,
    19.139545005397));
#2849 = CARTESIAN_POINT('',(-59.04110457789,32.955899091079,
    18.789913900487));
#2850 = CARTESIAN_POINT('',(-59.06841311169,33.073163759907,
    18.42901035974));
#2851 = CARTESIAN_POINT('',(-59.07855499641,33.194828104722,
    18.054566008644));
#2852 = CARTESIAN_POINT('',(-59.0678199553,33.322656934432,
    17.661149323869));
#2853 = CARTESIAN_POINT('',(-57.0528127949,31.520655777032,
    23.207138619969));
#2854 = CARTESIAN_POINT('',(-57.58270744728,31.61939152391,
    22.903261237273));
#2855 = CARTESIAN_POINT('',(-58.04057157516,31.74099183886,
    22.529013949836));
#2856 = CARTESIAN_POINT('',(-58.41684787385,31.874017721813,
    22.119602379849));
#2857 = CARTESIAN_POINT('',(-58.72411699881,32.007884693922,
    21.707602203635));
#2858 = CARTESIAN_POINT('',(-58.98956219316,32.144540524749,
    21.2870188028));
#2859 = CARTESIAN_POINT('',(-59.19316327348,32.273793506736,
    20.889219028074));
#2860 = CARTESIAN_POINT('',(-59.39018947115,32.407230299274,
    20.478542808343));
#2861 = CARTESIAN_POINT('',(-59.52975738401,32.533059442756,
    20.091280525029));
#2862 = CARTESIAN_POINT('',(-59.66882242043,32.659217504136,
    19.703005936383));
#2863 = CARTESIAN_POINT('',(-59.77643313756,32.787298506167,
    19.308813145037));
#2864 = CARTESIAN_POINT('',(-59.87110808756,32.916026910343,
    18.912627854727));
#2865 = CARTESIAN_POINT('',(-59.94728857296,33.049171555445,
    18.502850772435));
#2866 = CARTESIAN_POINT('',(-60.00572648079,33.187031470859,
    18.078561580329));
#2867 = CARTESIAN_POINT('',(-60.04440524869,33.330488521978,
    17.63704617581));
#2868 = CARTESIAN_POINT('',(-57.20707920619,31.148734442668,
    23.351190646156));
#2869 = CARTESIAN_POINT('',(-57.76015292,31.218810116416,23.02862297146)
  );
#2870 = CARTESIAN_POINT('',(-58.23630619205,31.304546046,22.633320088718
    ));
#2871 = CARTESIAN_POINT('',(-58.62711230355,31.397878793372,
    22.199753920722));
#2872 = CARTESIAN_POINT('',(-58.94607520941,31.491600095366,
    21.757796217266));
#2873 = CARTESIAN_POINT('',(-59.21653617178,31.586430303489,
    21.305796607691));
#2874 = CARTESIAN_POINT('',(-59.42314151143,31.676497293086,
    20.869023825418));
#2875 = CARTESIAN_POINT('',(-59.61516343532,31.767673656788,
    20.421844033065));
#2876 = CARTESIAN_POINT('',(-59.74512463766,31.8560728615,
    19.989868942895));
#2877 = CARTESIAN_POINT('',(-59.86816590059,31.942622838989,
    19.564479279494));
#2878 = CARTESIAN_POINT('',(-59.95331266713,32.031950602471,
    19.130652561984));
#2879 = CARTESIAN_POINT('',(-60.019820615,32.120597995253,
    18.699876157245));
#2880 = CARTESIAN_POINT('',(-60.06139608839,32.211728285352,
    18.258036580283));
#2881 = CARTESIAN_POINT('',(-60.07833078881,32.305224378314,
    17.804237307507));
#2882 = CARTESIAN_POINT('',(-60.06721078232,32.40182426886,
    17.334682581143));
#2883 = ADVANCED_FACE('',(#2884),#2889,.F.);
#2884 = FACE_BOUND('',#2885,.F.);
#2885 = EDGE_LOOP('',(#2886,#2887,#2888));
#2886 = ORIENTED_EDGE('',*,*,#2809,.F.);
#2887 = ORIENTED_EDGE('',*,*,#836,.F.);
#2888 = ORIENTED_EDGE('',*,*,#1775,.F.);
#2889 = B_SPLINE_SURFACE_WITH_KNOTS('',8,8,(
    (#2890,#2891,#2892,#2893,#2894,#2895,#2896,#2897,#2898)
    ,(#2899,#2900,#2901,#2902,#2903,#2904,#2905,#2906,#2907)
    ,(#2908,#2909,#2910,#2911,#2912,#2913,#2914,#2915,#2916)
    ,(#2917,#2918,#2919,#2920,#2921,#2922,#2923,#2924,#2925)
    ,(#2926,#2927,#2928,#2929,#2930,#2931,#2932,#2933,#2934)
    ,(#2935,#2936,#2937,#2938,#2939,#2940,#2941,#2942,#2943)
    ,(#2944,#2945,#2946,#2947,#2948,#2949,#2950,#2951,#2952)
    ,(#2953,#2954,#2955,#2956,#2957,#2958,#2959,#2960,#2961)
    ,(#2962,#2963,#2964,#2965,#2966,#2967,#2968,#2969,#2970
  )),.UNSPECIFIED.,.F.,.F.,.F.,(9,9),(9,9),(-1.497934585199,
    2.930443693021),(-0.516342837537,0.378871568085),
  .PIECEWISE_BEZIER_KNOTS.);
#2890 = CARTESIAN_POINT('',(-57.20579933218,31.692487331626,
    22.659981456627));
#2891 = CARTESIAN_POINT('',(-57.22663350459,31.647392320213,
    22.760693765082));
#2892 = CARTESIAN_POINT('',(-57.24759261621,31.603274345325,
    22.861979037583));
#2893 = CARTESIAN_POINT('',(-57.2642490844,31.524164801466,
    22.944600704096));
#2894 = CARTESIAN_POINT('',(-57.28955980753,31.515382135826,
    23.064955533621));
#2895 = CARTESIAN_POINT('',(-57.30048702534,31.390052756905,
    23.122606796927));
#2896 = CARTESIAN_POINT('',(-57.31335642456,31.280338696875,
    23.188953244932));
#2897 = CARTESIAN_POINT('',(-57.32791345275,31.184516851305,
    23.262585906909));
#2898 = CARTESIAN_POINT('',(-57.34088445563,31.075725983127,
    23.329351812708));
#2899 = CARTESIAN_POINT('',(-56.6630258045,31.688100155627,
    22.769284429858));
#2900 = CARTESIAN_POINT('',(-56.68528113181,31.65452462416,
    22.876093875062));
#2901 = CARTESIAN_POINT('',(-56.70842775599,31.628100388124,
    22.986778037257));
#2902 = CARTESIAN_POINT('',(-56.72417535639,31.541727602207,
    23.065452916599));
#2903 = CARTESIAN_POINT('',(-56.75813947535,31.602792147489,
    23.223201771606));
#2904 = CARTESIAN_POINT('',(-56.76793758973,31.468731724456,
    23.276098512951));
#2905 = CARTESIAN_POINT('',(-56.78369764835,31.382127035601,
    23.354841494055));
#2906 = CARTESIAN_POINT('',(-56.80298069382,31.324706797088,
    23.448964064945));
#2907 = CARTESIAN_POINT('',(-56.81773963468,31.230310046333,
    23.5234206076));
#2908 = CARTESIAN_POINT('',(-56.11564952238,31.646444006517,
    22.85867517928));
#2909 = CARTESIAN_POINT('',(-56.13875060105,31.619716418332,
    22.969073640653));
#2910 = CARTESIAN_POINT('',(-56.16416720208,31.611630405888,
    23.089472850636));
#2911 = CARTESIAN_POINT('',(-56.17403563483,31.477592607577,
    23.142614201594));
#2912 = CARTESIAN_POINT('',(-56.22513487714,31.677953040901,
    23.374940290001));
#2913 = CARTESIAN_POINT('',(-56.22103537001,31.429901132586,
    23.366840234293));
#2914 = CARTESIAN_POINT('',(-56.25309865139,31.477650998835,
    23.517273472607));
#2915 = CARTESIAN_POINT('',(-56.26785599123,31.381336181861,
    23.590760882582));
#2916 = CARTESIAN_POINT('',(-56.28530242831,31.309013602438,
    23.676992450933));
#2917 = CARTESIAN_POINT('',(-55.56395211666,31.569759617767,
    22.929379630957));
#2918 = CARTESIAN_POINT('',(-55.58673304582,31.540456915559,
    23.038329232438));
#2919 = CARTESIAN_POINT('',(-55.60455370006,31.471019316838,
    23.125963669492));
#2920 = CARTESIAN_POINT('',(-55.65195163042,31.641778156415,
    23.341747294243));
#2921 = CARTESIAN_POINT('',(-55.61542575932,31.13132394927,
    23.193394726873));
#2922 = CARTESIAN_POINT('',(-55.70587623593,31.651569895505,
    23.597471753883));
#2923 = CARTESIAN_POINT('',(-55.69297254983,31.330812670291,
    23.55039854391));
#2924 = CARTESIAN_POINT('',(-55.71587593734,31.305089056477,
    23.661482558097));
#2925 = CARTESIAN_POINT('',(-55.73781211224,31.268080377862,
    23.766603290933));
#2926 = CARTESIAN_POINT('',(-55.01289921215,31.498398222326,
    23.002984711447));
#2927 = CARTESIAN_POINT('',(-55.03716446695,31.481171086162,
    23.118365787772));
#2928 = CARTESIAN_POINT('',(-55.06751794998,31.51363138156,
    23.260383959067));
#2929 = CARTESIAN_POINT('',(-55.06323483906,31.262262246372,
    23.250662477277));
#2930 = CARTESIAN_POINT('',(-55.14986254642,31.755446184852,
    23.640923124259));
#2931 = CARTESIAN_POINT('',(-55.11718657587,31.271302785391,
    23.504400479579));
#2932 = CARTESIAN_POINT('',(-55.15831881152,31.394208963089,
    23.695743137084));
#2933 = CARTESIAN_POINT('',(-55.18208999849,31.370596209425,
    23.807978930988));
#2934 = CARTESIAN_POINT('',(-55.20269692472,31.324294598162,
    23.908112328102));
#2935 = CARTESIAN_POINT('',(-54.46184470829,31.426912396131,
    23.076535143099));
#2936 = CARTESIAN_POINT('',(-54.48641645129,31.412142285638,
    23.193121219529));
#2937 = CARTESIAN_POINT('',(-54.50861357212,31.377684324006,
    23.29909599817));
#2938 = CARTESIAN_POINT('',(-54.54736066908,31.480797020586,
    23.478870823182));
#2939 = CARTESIAN_POINT('',(-54.55445956138,31.318447181431,
    23.515227728409));
#2940 = CARTESIAN_POINT('',(-54.58909719631,31.389967505386,
    23.680665302459));
#2941 = CARTESIAN_POINT('',(-54.60836964033,31.329614605716,
    23.772826075873));
#2942 = CARTESIAN_POINT('',(-54.62981416363,31.290829242509,
    23.876974676114));
#2943 = CARTESIAN_POINT('',(-54.65531635948,31.283263964029,
    23.997777087212));
#2944 = CARTESIAN_POINT('',(-53.91302070224,31.37356234871,
    23.159797975753));
#2945 = CARTESIAN_POINT('',(-53.93836921423,31.365069091914,
    23.279794762807));
#2946 = CARTESIAN_POINT('',(-53.96479577592,31.365524377873,
    23.404731014634));
#2947 = CARTESIAN_POINT('',(-53.9838258985,31.304410447311,
    23.496282298529));
#2948 = CARTESIAN_POINT('',(-54.02135730232,31.398275531505,
    23.671381166949));
#2949 = CARTESIAN_POINT('',(-54.03769537419,31.313337962589,
    23.751367957151));
#2950 = CARTESIAN_POINT('',(-54.0655047017,31.326085770934,
    23.882394800592));
#2951 = CARTESIAN_POINT('',(-54.0915196563,31.322427443551,
    24.005370284302));
#2952 = CARTESIAN_POINT('',(-54.11729586727,31.31738762582,
    24.127450643549));
#2953 = CARTESIAN_POINT('',(-53.36663514605,31.340050435054,
    23.253412054799));
#2954 = CARTESIAN_POINT('',(-53.39339295528,31.342963178945,
    23.379467412089));
#2955 = CARTESIAN_POINT('',(-53.42032193189,31.347321775373,
    23.506336398318));
#2956 = CARTESIAN_POINT('',(-53.44548794802,31.337098964143,
    23.625519647628));
#2957 = CARTESIAN_POINT('',(-53.47660437903,31.375658174962,
    23.770060191875));
#2958 = CARTESIAN_POINT('',(-53.49790423201,31.334458491365,
    23.874030851176));
#2959 = CARTESIAN_POINT('',(-53.52548276263,31.343737243312,
    24.003143561504));
#2960 = CARTESIAN_POINT('',(-53.55177617956,31.342874569605,
    24.127574246352));
#2961 = CARTESIAN_POINT('',(-53.5789488328,31.349087248168,
    24.255643719841));
#2962 = CARTESIAN_POINT('',(-52.82159687167,31.317539489911,
    23.352719377819));
#2963 = CARTESIAN_POINT('',(-52.8499005893,31.332975767358,
    23.485421800734));
#2964 = CARTESIAN_POINT('',(-52.87809724573,31.347561155833,
    23.617707110465));
#2965 = CARTESIAN_POINT('',(-52.9059898208,31.359624593809,
    23.748682241346));
#2966 = CARTESIAN_POINT('',(-52.9359726574,31.388690978295,
    23.888309268048));
#2967 = CARTESIAN_POINT('',(-52.95905843579,31.362068754872,
    23.999749583653));
#2968 = CARTESIAN_POINT('',(-52.98732780119,31.377028990724,
    24.132072006444));
#2969 = CARTESIAN_POINT('',(-53.01454973824,31.383677823186,
    24.260462631091));
#2970 = CARTESIAN_POINT('',(-53.04269689283,31.39778868265,
    24.392737352205));
#2971 = ADVANCED_FACE('',(#2972),#2994,.F.);
#2972 = FACE_BOUND('',#2973,.F.);
#2973 = EDGE_LOOP('',(#2974,#2985,#2986,#2987));
#2974 = ORIENTED_EDGE('',*,*,#2975,.F.);
#2975 = EDGE_CURVE('',#1849,#2976,#2978,.T.);
#2976 = VERTEX_POINT('',#2977);
#2977 = CARTESIAN_POINT('',(60.088237530772,32.151445661292,
    18.105268699721));
#2978 = B_SPLINE_CURVE_WITH_KNOTS('',3,(#2979,#2980,#2981,#2982,#2983,
    #2984),.UNSPECIFIED.,.F.,.F.,(4,1,1,4),(1.221968255066E-03,
    0.461517551761,0.921813135267,1.612256510526),.UNSPECIFIED.);
#2979 = CARTESIAN_POINT('',(55.499729943962,30.929439863744,
    24.269618017434));
#2980 = CARTESIAN_POINT('',(56.19728858139,30.929270559699,
    24.269723810343));
#2981 = CARTESIAN_POINT('',(57.590185472442,31.015097899785,
    23.845532091503));
#2982 = CARTESIAN_POINT('',(59.540474003988,31.432094650795,
    21.774232663638));
#2983 = CARTESIAN_POINT('',(60.120212303648,31.88565867704,
    19.476187528483));
#2984 = CARTESIAN_POINT('',(60.088237530772,32.151445661292,
    18.105268699721));
#2985 = ORIENTED_EDGE('',*,*,#1857,.T.);
#2986 = ORIENTED_EDGE('',*,*,#859,.F.);
#2987 = ORIENTED_EDGE('',*,*,#2988,.F.);
#2988 = EDGE_CURVE('',#2976,#860,#2989,.T.);
#2989 = CIRCLE('',#2990,1.);
#2990 = AXIS2_PLACEMENT_3D('',#2991,#2992,#2993);
#2991 = CARTESIAN_POINT('',(59.088846703753,32.121221810568,
    18.122718448072));
#2992 = DIRECTION('',(2.594245496219E-02,-0.30891299096,0.950736426696)
  );
#2993 = DIRECTION('',(0.999390827019,3.022385072364E-02,
    -1.744974835124E-02));
#2994 = B_SPLINE_SURFACE_WITH_KNOTS('',3,3,(
    (#2995,#2996,#2997,#2998,#2999,#3000)
    ,(#3001,#3002,#3003,#3004,#3005,#3006)
    ,(#3007,#3008,#3009,#3010,#3011,#3012)
    ,(#3013,#3014,#3015,#3016,#3017,#3018)
    ,(#3019,#3020,#3021,#3022,#3023,#3024
    )),.UNSPECIFIED.,.F.,.F.,.F.,(4,1,4),(4,1,1,4),(0.,0.571428571429,1.
    ),(-1.612256510526,-0.921813135267,-0.461517551761,
    -1.221968255066E-03),.UNSPECIFIED.);
#2995 = CARTESIAN_POINT('',(59.088846703753,33.072278326863,
    18.431735442447));
#2996 = CARTESIAN_POINT('',(59.120810587586,32.691664426908,
    19.603144576359));
#2997 = CARTESIAN_POINT('',(58.67852020348,32.050673430685,
    21.575912012913));
#2998 = CARTESIAN_POINT('',(57.148765993937,31.469807468147,
    23.363633623122));
#2999 = CARTESIAN_POINT('',(56.049999632925,31.350577115806,
    23.730586915653));
#3000 = CARTESIAN_POINT('',(55.499729943962,31.350577115806,
    23.730586915653));
#3001 = CARTESIAN_POINT('',(59.383498336534,33.074641243931,
    18.424463131489));
#3002 = CARTESIAN_POINT('',(59.383439759284,32.678434889109,
    19.639696664097));
#3003 = CARTESIAN_POINT('',(58.87353199322,32.022251158901,
    21.662040607072));
#3004 = CARTESIAN_POINT('',(57.240009952685,31.429881015091,
    23.483811281175));
#3005 = CARTESIAN_POINT('',(56.080475347765,31.309473200091,
    23.857092244126));
#3006 = CARTESIAN_POINT('',(55.499729943962,31.30948481869,
    23.857056001991));
#3007 = CARTESIAN_POINT('',(59.893788843777,32.847231418946,
    18.336649058769));
#3008 = CARTESIAN_POINT('',(59.84260992008,32.482028874678,
    19.645919596338));
#3009 = CARTESIAN_POINT('',(59.214983090276,31.867183801738,
    21.777988854139));
#3010 = CARTESIAN_POINT('',(57.400671930429,31.307805839797,
    23.67689461648));
#3011 = CARTESIAN_POINT('',(56.133769070201,31.192765691611,
    24.063821940913));
#3012 = CARTESIAN_POINT('',(55.499729943962,31.19282396554,
    24.063731082157));
#3013 = CARTESIAN_POINT('',(60.083076931052,32.36159046918,
    18.173689702576));
#3014 = CARTESIAN_POINT('',(60.077497742143,32.071967035809,
    19.537174744902));
#3015 = CARTESIAN_POINT('',(59.461798993822,31.572127237301,
    21.790150929705));
#3016 = CARTESIAN_POINT('',(57.537890529243,31.10947417188,
    23.805385559731));
#3017 = CARTESIAN_POINT('',(56.179786705248,31.013883758115,
    24.216875118332));
#3018 = CARTESIAN_POINT('',(55.499729943962,31.014018329419,
    24.216767526402));
#3019 = CARTESIAN_POINT('',(60.088237530772,32.151445661292,
    18.105268699721));
#3020 = CARTESIAN_POINT('',(60.120212303648,31.88565867704,
    19.476187528483));
#3021 = CARTESIAN_POINT('',(59.540474003988,31.432094650795,
    21.774232663638));
#3022 = CARTESIAN_POINT('',(57.590185472442,31.015097899785,
    23.845532091503));
#3023 = CARTESIAN_POINT('',(56.19728858139,30.929270559699,
    24.269723810343));
#3024 = CARTESIAN_POINT('',(55.499729943962,30.929439863744,
    24.269618017434));
#3025 = ADVANCED_FACE('',(#3026),#3045,.T.);
#3026 = FACE_BOUND('',#3027,.T.);
#3027 = EDGE_LOOP('',(#3028,#3037,#3038,#3039));
#3028 = ORIENTED_EDGE('',*,*,#3029,.T.);
#3029 = EDGE_CURVE('',#3030,#871,#3032,.T.);
#3030 = VERTEX_POINT('',#3031);
#3031 = CARTESIAN_POINT('',(59.427791642303,40.015786760511,
    -6.098684432076));
#3032 = CIRCLE('',#3033,1.);
#3033 = AXIS2_PLACEMENT_3D('',#3034,#3035,#3036);
#3034 = CARTESIAN_POINT('',(58.428400815284,39.985562909787,
    -6.081234683725));
#3035 = DIRECTION('',(2.59424549622E-02,-0.30891299096,0.950736426696));
#3036 = DIRECTION('',(0.999390827019,3.022385072366E-02,
    -1.744974835124E-02));
#3037 = ORIENTED_EDGE('',*,*,#870,.T.);
#3038 = ORIENTED_EDGE('',*,*,#2988,.F.);
#3039 = ORIENTED_EDGE('',*,*,#3040,.T.);
#3040 = EDGE_CURVE('',#2976,#3030,#3041,.T.);
#3041 = LINE('',#3042,#3043);
#3042 = CARTESIAN_POINT('',(60.150477465311,31.410315943094,
    20.386231432329));
#3043 = VECTOR('',#3044,1.);
#3044 = DIRECTION('',(-2.59424549622E-02,0.30891299096,-0.950736426696)
  );
#3045 = CYLINDRICAL_SURFACE('',#3046,1.);
#3046 = AXIS2_PLACEMENT_3D('',#3047,#3048,#3049);
#3047 = CARTESIAN_POINT('',(59.151086638292,31.380092092371,
    20.40368118068));
#3048 = DIRECTION('',(-2.59424549622E-02,0.30891299096,-0.950736426696)
  );
#3049 = DIRECTION('',(0.698566526542,0.68590745384,0.203803269754));
#3050 = ADVANCED_FACE('',(#3051),#3078,.T.);
#3051 = FACE_BOUND('',#3052,.T.);
#3052 = EDGE_LOOP('',(#3053,#3062,#3070,#3077));
#3053 = ORIENTED_EDGE('',*,*,#3054,.F.);
#3054 = EDGE_CURVE('',#3055,#871,#3057,.T.);
#3055 = VERTEX_POINT('',#3056);
#3056 = CARTESIAN_POINT('',(58.416846601457,40.766557201061,
    -7.3902516781));
#3057 = ELLIPSE('',#3058,2.000304841803,2.);
#3058 = AXIS2_PLACEMENT_3D('',#3059,#3060,#3061);
#3059 = CARTESIAN_POINT('',(58.451767370949,39.034506393492,
    -6.3902516781));
#3060 = DIRECTION('',(0.999847602327,1.511883232372E-02,
    -8.72886191193E-03));
#3061 = DIRECTION('',(-1.745772382386E-02,0.865893423528,-0.499923801163
    ));
#3062 = ORIENTED_EDGE('',*,*,#3063,.T.);
#3063 = EDGE_CURVE('',#3055,#3064,#3066,.T.);
#3064 = VERTEX_POINT('',#3065);
#3065 = CARTESIAN_POINT('',(57.212697220143,40.766557201061,
    -7.3902516781));
#3066 = LINE('',#3067,#3068);
#3067 = CARTESIAN_POINT('',(-15.125,40.766557201061,-7.3902516781));
#3068 = VECTOR('',#3069,1.);
#3069 = DIRECTION('',(-1.,0.,0.));
#3070 = ORIENTED_EDGE('',*,*,#3071,.F.);
#3071 = EDGE_CURVE('',#879,#3064,#3072,.T.);
#3072 = ELLIPSE('',#3073,2.002759820915,2.);
#3073 = AXIS2_PLACEMENT_3D('',#3074,#3075,#3076);
#3074 = CARTESIAN_POINT('',(57.107592984877,39.034506393492,
    -6.3902516781));
#3075 = DIRECTION('',(-0.998621991072,4.544875368216E-02,
    -2.623985017274E-02));
#3076 = DIRECTION('',(5.247970034546E-02,0.864832013046,-0.499310995536)
  );
#3077 = ORIENTED_EDGE('',*,*,#878,.T.);
#3078 = CYLINDRICAL_SURFACE('',#3079,2.);
#3079 = AXIS2_PLACEMENT_3D('',#3080,#3081,#3082);
#3080 = CARTESIAN_POINT('',(-15.125,39.034506393492,-6.3902516781));
#3081 = DIRECTION('',(-1.,0.,0.));
#3082 = DIRECTION('',(0.,0.994521895368,-0.104528463268));
#3083 = ADVANCED_FACE('',(#3084),#3111,.T.);
#3084 = FACE_BOUND('',#3085,.T.);
#3085 = EDGE_LOOP('',(#3086,#3095,#3096,#3105));
#3086 = ORIENTED_EDGE('',*,*,#3087,.T.);
#3087 = EDGE_CURVE('',#3088,#887,#3090,.T.);
#3088 = VERTEX_POINT('',#3089);
#3089 = CARTESIAN_POINT('',(55.910424609693,38.996117767215,
    -2.80969472712));
#3090 = CIRCLE('',#3091,1.);
#3091 = AXIS2_PLACEMENT_3D('',#3092,#3093,#3094);
#3092 = CARTESIAN_POINT('',(56.904946505062,38.905593462607,
    -2.757430495486));
#3093 = DIRECTION('',(7.787049330355E-02,0.308078658993,-0.948168616938)
  );
#3094 = DIRECTION('',(-0.994521895368,9.052430460837E-02,
    -5.226423163376E-02));
#3095 = ORIENTED_EDGE('',*,*,#886,.T.);
#3096 = ORIENTED_EDGE('',*,*,#3097,.F.);
#3097 = EDGE_CURVE('',#3098,#879,#3100,.T.);
#3098 = VERTEX_POINT('',#3099);
#3099 = CARTESIAN_POINT('',(56.183399550183,40.076087214395,
    -6.133498915359));
#3100 = CIRCLE('',#3101,1.);
#3101 = AXIS2_PLACEMENT_3D('',#3102,#3103,#3104);
#3102 = CARTESIAN_POINT('',(57.177921445551,39.985562909787,
    -6.081234683725));
#3103 = DIRECTION('',(7.787049330355E-02,0.308078658993,-0.948168616938)
  );
#3104 = DIRECTION('',(-0.994521895368,9.052430460836E-02,
    -5.226423163376E-02));
#3105 = ORIENTED_EDGE('',*,*,#3106,.T.);
#3106 = EDGE_CURVE('',#3098,#3088,#3107,.T.);
#3107 = LINE('',#3108,#3109);
#3108 = CARTESIAN_POINT('',(54.979721263708,35.313980585502,
    8.522758258659));
#3109 = VECTOR('',#3110,1.);
#3110 = DIRECTION('',(-7.787049330355E-02,-0.308078658993,0.948168616938
    ));
#3111 = CYLINDRICAL_SURFACE('',#3112,1.);
#3112 = AXIS2_PLACEMENT_3D('',#3113,#3114,#3115);
#3113 = CARTESIAN_POINT('',(55.974243159076,35.223456280894,
    8.575022490293));
#3114 = DIRECTION('',(7.787049330355E-02,0.308078658993,-0.948168616938)
  );
#3115 = DIRECTION('',(-0.679859218796,0.712028891984,0.175517234476));
#3116 = ADVANCED_FACE('',(#3117),#3137,.F.);
#3117 = FACE_BOUND('',#3118,.F.);
#3118 = EDGE_LOOP('',(#3119,#3128,#3129,#3130));
#3119 = ORIENTED_EDGE('',*,*,#3120,.F.);
#3120 = EDGE_CURVE('',#3088,#3121,#3123,.T.);
#3121 = VERTEX_POINT('',#3122);
#3122 = CARTESIAN_POINT('',(53.865216861282,38.185164469206,
    -1.046410605688));
#3123 = ELLIPSE('',#3124,2.070585314399,2.);
#3124 = AXIS2_PLACEMENT_3D('',#3125,#3126,#3127);
#3125 = CARTESIAN_POINT('',(53.904028017428,38.967336794408,
    -2.9474569313));
#3126 = DIRECTION('',(3.931748426228E-02,-0.924349908879,-0.379514665575
    ));
#3127 = DIRECTION('',(-0.461175177703,-0.353723413454,0.813755001364));
#3128 = ORIENTED_EDGE('',*,*,#3087,.T.);
#3129 = ORIENTED_EDGE('',*,*,#894,.F.);
#3130 = ORIENTED_EDGE('',*,*,#3131,.F.);
#3131 = EDGE_CURVE('',#3121,#895,#3132,.T.);
#3132 = CIRCLE('',#3133,1.);
#3133 = AXIS2_PLACEMENT_3D('',#3134,#3135,#3136);
#3134 = CARTESIAN_POINT('',(53.865216861282,38.028730004166,
    -5.872226509283E-02));
#3135 = DIRECTION('',(1.,-8.88E-15,-1.41E-15));
#3136 = DIRECTION('',(-3.50251068375E-18,0.15643446504,-0.987688340595)
  );
#3137 = B_SPLINE_SURFACE_WITH_KNOTS('',3,3,(
    (#3138,#3139,#3140,#3141,#3142)
    ,(#3143,#3144,#3145,#3146,#3147)
    ,(#3148,#3149,#3150,#3151,#3152)
    ,(#3153,#3154,#3155,#3156,#3157)
    ,(#3158,#3159,#3160,#3161,#3162)
    ,(#3163,#3164,#3165,#3166,#3167
    )),.UNSPECIFIED.,.F.,.F.,.F.,(4,1,1,4),(4,1,4),(0.,0.285714285714,
    0.571428571429,1.),(0.474787790257,1.119773603798,1.979754688519),
  .UNSPECIFIED.);
#3138 = CARTESIAN_POINT('',(53.865216861282,38.979786520461,
    0.250294729282));
#3139 = CARTESIAN_POINT('',(54.512350719,38.979786520461,0.250294729282)
  );
#3140 = CARTESIAN_POINT('',(56.030992320977,39.136762909876,
    -0.232828920146));
#3141 = CARTESIAN_POINT('',(56.837085395576,39.588171397077,
    -1.622121389743));
#3142 = CARTESIAN_POINT('',(56.904946505062,39.856649978902,
    -2.448413501111));
#3143 = CARTESIAN_POINT('',(53.865216861282,39.030638238142,
    9.378923493851E-02));
#3144 = CARTESIAN_POINT('',(54.476630811845,39.03011481872,
    9.537511309014E-02));
#3145 = CARTESIAN_POINT('',(55.916153364502,39.176271629307,
    -0.354443297652));
#3146 = CARTESIAN_POINT('',(56.69333436345,39.604223301158,
    -1.671474762276));
#3147 = CARTESIAN_POINT('',(56.762447573,39.860089418195,-2.458999006801
    ));
#3148 = CARTESIAN_POINT('',(53.865216861282,39.053034469737,
    -0.244142894341));
#3149 = CARTESIAN_POINT('',(54.405318068554,39.053122901569,
    -0.238872036672));
#3150 = CARTESIAN_POINT('',(55.686911631909,39.183928798727,
    -0.620324190222));
#3151 = CARTESIAN_POINT('',(56.406296878134,39.573156130325,
    -1.790572639877));
#3152 = CARTESIAN_POINT('',(56.477878100603,39.807585711828,
    -2.499429407006));
#3153 = CARTESIAN_POINT('',(53.865216861282,38.808111999299,
    -0.785785942685));
#3154 = CARTESIAN_POINT('',(54.310100429348,38.814886598779,
    -0.776522644144));
#3155 = CARTESIAN_POINT('',(55.374947403751,38.947699459244,
    -1.070303680058));
#3156 = CARTESIAN_POINT('',(55.999191540509,39.310123785694,
    -2.032077358934));
#3157 = CARTESIAN_POINT('',(56.068880906034,39.525736411487,
    -2.624597616191));
#3158 = CARTESIAN_POINT('',(53.865216861282,38.428964889088,
    -1.007796412634));
#3159 = CARTESIAN_POINT('',(54.289326559289,38.443100884628,
    -1.001108803286));
#3160 = CARTESIAN_POINT('',(55.297096162361,38.599583817485,
    -1.290456121018));
#3161 = CARTESIAN_POINT('',(55.866445871877,38.979861912954,
    -2.193625634733));
#3162 = CARTESIAN_POINT('',(55.92537485537,39.19916351935,
    -2.742493340257));
#3163 = CARTESIAN_POINT('',(53.865216861282,38.185164469206,
    -1.046410605688));
#3164 = CARTESIAN_POINT('',(54.298069085863,38.202451789792,
    -1.043672563092));
#3165 = CARTESIAN_POINT('',(55.316001119458,38.373660542178,
    -1.355213272007));
#3166 = CARTESIAN_POINT('',(55.861357968933,38.770869358788,
    -2.266160609363));
#3167 = CARTESIAN_POINT('',(55.910424609693,38.996117767215,
    -2.80969472712));
#3168 = ADVANCED_FACE('',(#3169),#3180,.T.);
#3169 = FACE_BOUND('',#3170,.T.);
#3170 = EDGE_LOOP('',(#3171,#3172,#3173,#3174));
#3171 = ORIENTED_EDGE('',*,*,#2744,.T.);
#3172 = ORIENTED_EDGE('',*,*,#903,.T.);
#3173 = ORIENTED_EDGE('',*,*,#3131,.F.);
#3174 = ORIENTED_EDGE('',*,*,#3175,.T.);
#3175 = EDGE_CURVE('',#3121,#1248,#3176,.T.);
#3176 = LINE('',#3177,#3178);
#3177 = CARTESIAN_POINT('',(-12.125,38.185164469206,-1.046410605688));
#3178 = VECTOR('',#3179,1.);
#3179 = DIRECTION('',(-1.,0.,0.));
#3180 = CYLINDRICAL_SURFACE('',#3181,1.);
#3181 = AXIS2_PLACEMENT_3D('',#3182,#3183,#3184);
#3182 = CARTESIAN_POINT('',(-12.125,38.028730004166,-5.872226509283E-02)
  );
#3183 = DIRECTION('',(1.,0.,0.));
#3184 = DIRECTION('',(0.,0.852640164354,-0.522498564716));
#3185 = ADVANCED_FACE('',(#3186),#3205,.F.);
#3186 = FACE_BOUND('',#3187,.F.);
#3187 = EDGE_LOOP('',(#3188,#3196,#3197,#3198));
#3188 = ORIENTED_EDGE('',*,*,#3189,.T.);
#3189 = EDGE_CURVE('',#3190,#923,#3192,.T.);
#3190 = VERTEX_POINT('',#3191);
#3191 = CARTESIAN_POINT('',(56.5,24.161087062764,19.248230358803));
#3192 = LINE('',#3193,#3194);
#3193 = CARTESIAN_POINT('',(56.5,24.161087062764,19.248230358803));
#3194 = VECTOR('',#3195,1.);
#3195 = DIRECTION('',(1.745240643728E-02,0.865893503921,-0.499923847578)
  );
#3196 = ORIENTED_EDGE('',*,*,#922,.T.);
#3197 = ORIENTED_EDGE('',*,*,#3189,.F.);
#3198 = ORIENTED_EDGE('',*,*,#3199,.F.);
#3199 = EDGE_CURVE('',#3190,#3190,#3200,.T.);
#3200 = CIRCLE('',#3201,3.);
#3201 = AXIS2_PLACEMENT_3D('',#3202,#3203,#3204);
#3202 = CARTESIAN_POINT('',(53.5,24.161087062764,19.248230358803));
#3203 = DIRECTION('',(0.,-0.866025403784,0.5));
#3204 = DIRECTION('',(-1.,0.,0.));
#3205 = CONICAL_SURFACE('',#3206,3.,1.745329251994E-02);
#3206 = AXIS2_PLACEMENT_3D('',#3207,#3208,#3209);
#3207 = CARTESIAN_POINT('',(53.5,24.161087062764,19.248230358803));
#3208 = DIRECTION('',(0.,0.866025403784,-0.5));
#3209 = DIRECTION('',(-1.,0.,0.));
#3210 = ADVANCED_FACE('',(#3211),#3229,.F.);
#3211 = FACE_BOUND('',#3212,.F.);
#3212 = EDGE_LOOP('',(#3213,#3220,#3227,#3228));
#3213 = ORIENTED_EDGE('',*,*,#3214,.F.);
#3214 = EDGE_CURVE('',#3215,#934,#3217,.T.);
#3215 = VERTEX_POINT('',#3216);
#3216 = CARTESIAN_POINT('',(-50.4,24.161087062774,19.248230358797));
#3217 = B_SPLINE_CURVE_WITH_KNOTS('',1,(#3218,#3219),.UNSPECIFIED.,.F.,
  .F.,(2,2),(-17.69999999999,-5.411314298652),.PIECEWISE_BEZIER_KNOTS.);
#3218 = CARTESIAN_POINT('',(-50.4,24.161087062774,19.248230358797));
#3219 = CARTESIAN_POINT('',(-50.4,34.803401059258,13.103887508123));
#3220 = ORIENTED_EDGE('',*,*,#3221,.T.);
#3221 = EDGE_CURVE('',#3215,#3215,#3222,.T.);
#3222 = CIRCLE('',#3223,3.1);
#3223 = AXIS2_PLACEMENT_3D('',#3224,#3225,#3226);
#3224 = CARTESIAN_POINT('',(-53.5,24.161087062774,19.248230358797));
#3225 = DIRECTION('',(0.,0.866025403784,-0.5));
#3226 = DIRECTION('',(1.,0.,0.));
#3227 = ORIENTED_EDGE('',*,*,#3214,.T.);
#3228 = ORIENTED_EDGE('',*,*,#933,.F.);
#3229 = CYLINDRICAL_SURFACE('',#3230,3.1);
#3230 = AXIS2_PLACEMENT_3D('',#3231,#3232,#3233);
#3231 = CARTESIAN_POINT('',(-53.5,39.489736709752,10.398230358796));
#3232 = DIRECTION('',(0.,0.866025403784,-0.5));
#3233 = DIRECTION('',(1.,0.,0.));
#3234 = ADVANCED_FACE('',(#3235),#3262,.T.);
#3235 = FACE_BOUND('',#3236,.T.);
#3236 = EDGE_LOOP('',(#3237,#3238,#3246,#3255,#3261));
#3237 = ORIENTED_EDGE('',*,*,#950,.T.);
#3238 = ORIENTED_EDGE('',*,*,#3239,.T.);
#3239 = EDGE_CURVE('',#953,#3240,#3242,.T.);
#3240 = VERTEX_POINT('',#3241);
#3241 = CARTESIAN_POINT('',(-48.45869972322,-2.126271164346,
    -31.68280968731));
#3242 = LINE('',#3243,#3244);
#3243 = CARTESIAN_POINT('',(-48.45869972322,-0.39422035678,
    -32.68280968731));
#3244 = VECTOR('',#3245,1.);
#3245 = DIRECTION('',(0.,-0.866025403784,0.5));
#3246 = ORIENTED_EDGE('',*,*,#3247,.F.);
#3247 = EDGE_CURVE('',#3248,#3240,#3250,.T.);
#3248 = VERTEX_POINT('',#3249);
#3249 = CARTESIAN_POINT('',(-57.97650449538,-3.416565735624,
    -33.9176654415));
#3250 = CIRCLE('',#3251,5.047433331394);
#3251 = AXIS2_PLACEMENT_3D('',#3252,#3253,#3254);
#3252 = CARTESIAN_POINT('',(-53.5,-2.250644347018,-31.8982303588));
#3253 = DIRECTION('',(0.,-0.866025403784,0.5));
#3254 = DIRECTION('',(-1.,0.,0.));
#3255 = ORIENTED_EDGE('',*,*,#3256,.T.);
#3256 = EDGE_CURVE('',#3248,#962,#3257,.T.);
#3257 = LINE('',#3258,#3259);
#3258 = CARTESIAN_POINT('',(-57.97650449538,-3.416565735624,
    -33.9176654415));
#3259 = VECTOR('',#3260,1.);
#3260 = DIRECTION('',(0.,0.866025403784,-0.5));
#3261 = ORIENTED_EDGE('',*,*,#961,.F.);
#3262 = CYLINDRICAL_SURFACE('',#3263,5.047433331394);
#3263 = AXIS2_PLACEMENT_3D('',#3264,#3265,#3266);
#3264 = CARTESIAN_POINT('',(-53.5,-0.518593539452,-32.89823035879));
#3265 = DIRECTION('',(0.,-0.866025403784,0.5));
#3266 = DIRECTION('',(-1.,0.,0.));
#3267 = ADVANCED_FACE('',(#3268),#3324,.T.);
#3268 = FACE_BOUND('',#3269,.T.);
#3269 = EDGE_LOOP('',(#3270,#3279,#3285,#3286,#3294,#3304,#3313,#3321,
    #3322,#3323));
#3270 = ORIENTED_EDGE('',*,*,#3271,.F.);
#3271 = EDGE_CURVE('',#3272,#3272,#3274,.T.);
#3272 = VERTEX_POINT('',#3273);
#3273 = CARTESIAN_POINT('',(-42.2,-6.278014552379,-25.47384017536));
#3274 = CIRCLE('',#3275,4.);
#3275 = AXIS2_PLACEMENT_3D('',#3276,#3277,#3278);
#3276 = CARTESIAN_POINT('',(-46.2,-6.278014552379,-25.47384017536));
#3277 = DIRECTION('',(0.,-0.866025403784,0.5));
#3278 = DIRECTION('',(1.,0.,0.));
#3279 = ORIENTED_EDGE('',*,*,#3280,.T.);
#3280 = EDGE_CURVE('',#3272,#1189,#3281,.T.);
#3281 = LINE('',#3282,#3283);
#3282 = CARTESIAN_POINT('',(-42.2,-6.451219633136,-25.37384017536));
#3283 = VECTOR('',#3284,1.);
#3284 = DIRECTION('',(0.,0.866025403784,-0.5));
#3285 = ORIENTED_EDGE('',*,*,#1188,.T.);
#3286 = ORIENTED_EDGE('',*,*,#3287,.T.);
#3287 = EDGE_CURVE('',#1180,#3288,#3290,.T.);
#3288 = VERTEX_POINT('',#3289);
#3289 = CARTESIAN_POINT('',(-50.1914227093,-0.344739080067,
    -28.59710560203));
#3290 = LINE('',#3291,#3292);
#3291 = CARTESIAN_POINT('',(-50.1914227093,1.387311727499,
    -29.59710560202));
#3292 = VECTOR('',#3293,1.);
#3293 = DIRECTION('',(0.,-0.866025403784,0.5));
#3294 = ORIENTED_EDGE('',*,*,#3295,.F.);
#3295 = EDGE_CURVE('',#3296,#3288,#3298,.T.);
#3296 = VERTEX_POINT('',#3297);
#3297 = CARTESIAN_POINT('',(-50.1971639441,-4.730471292989,
    -26.1934166232));
#3298 = B_SPLINE_CURVE_WITH_KNOTS('',4,(#3299,#3300,#3301,#3302,#3303),
  .UNSPECIFIED.,.F.,.F.,(5,5),(0.,1.),.PIECEWISE_BEZIER_KNOTS.);
#3299 = CARTESIAN_POINT('',(-50.1971639441,-4.730471293027,
    -26.19341662317));
#3300 = CARTESIAN_POINT('',(-50.19609792976,-3.633796091806,
    -26.79391160478));
#3301 = CARTESIAN_POINT('',(-50.19477749431,-2.537290613518,
    -27.39470616722));
#3302 = CARTESIAN_POINT('',(-50.19321572333,-1.440941669391,
    -27.99577686039));
#3303 = CARTESIAN_POINT('',(-50.1914227093,-0.344739080064,
    -28.59710560203));
#3304 = ORIENTED_EDGE('',*,*,#3305,.T.);
#3305 = EDGE_CURVE('',#3296,#3306,#3308,.T.);
#3306 = VERTEX_POINT('',#3307);
#3307 = CARTESIAN_POINT('',(-48.54972117333,-6.424320902379,
    -29.12725020704));
#3308 = CIRCLE('',#3309,4.);
#3309 = AXIS2_PLACEMENT_3D('',#3310,#3311,#3312);
#3310 = CARTESIAN_POINT('',(-46.2,-4.805771365946,-26.32384017536));
#3311 = DIRECTION('',(0.,-0.866025403784,0.5));
#3312 = DIRECTION('',(1.,0.,0.));
#3313 = ORIENTED_EDGE('',*,*,#3314,.F.);
#3314 = EDGE_CURVE('',#3240,#3306,#3315,.T.);
#3315 = B_SPLINE_CURVE_WITH_KNOTS('',4,(#3316,#3317,#3318,#3319,#3320),
  .UNSPECIFIED.,.F.,.F.,(5,5),(0.,1.),.PIECEWISE_BEZIER_KNOTS.);
#3316 = CARTESIAN_POINT('',(-48.45869972322,-2.126271164344,
    -31.68280968731));
#3317 = CARTESIAN_POINT('',(-48.4813084166,-3.201071717165,
    -31.04441153105));
#3318 = CARTESIAN_POINT('',(-48.50400766461,-4.275687762313,
    -30.40569835278));
#3319 = CARTESIAN_POINT('',(-48.52680755646,-5.350108729133,
    -29.76665229432));
#3320 = CARTESIAN_POINT('',(-48.54972117333,-6.424320902417,
    -29.12725020702));
#3321 = ORIENTED_EDGE('',*,*,#3239,.F.);
#3322 = ORIENTED_EDGE('',*,*,#1197,.T.);
#3323 = ORIENTED_EDGE('',*,*,#3280,.F.);
#3324 = CYLINDRICAL_SURFACE('',#3325,4.);
#3325 = AXIS2_PLACEMENT_3D('',#3326,#3327,#3328);
#3326 = CARTESIAN_POINT('',(-46.2,-6.451219633136,-25.37384017536));
#3327 = DIRECTION('',(0.,-0.866025403784,0.5));
#3328 = DIRECTION('',(1.,0.,0.));
#3329 = ADVANCED_FACE('',(#3330),#3349,.T.);
#3330 = FACE_BOUND('',#3331,.T.);
#3331 = EDGE_LOOP('',(#3332,#3333,#3334,#3342));
#3332 = ORIENTED_EDGE('',*,*,#3287,.F.);
#3333 = ORIENTED_EDGE('',*,*,#1179,.T.);
#3334 = ORIENTED_EDGE('',*,*,#3335,.F.);
#3335 = EDGE_CURVE('',#3336,#1172,#3338,.T.);
#3336 = VERTEX_POINT('',#3337);
#3337 = CARTESIAN_POINT('',(-57.97650449538,-1.084722958411,
    -29.8787952761));
#3338 = LINE('',#3339,#3340);
#3339 = CARTESIAN_POINT('',(-57.97650449538,-1.084722958411,
    -29.8787952761));
#3340 = VECTOR('',#3341,1.);
#3341 = DIRECTION('',(0.,0.866025403784,-0.5));
#3342 = ORIENTED_EDGE('',*,*,#3343,.F.);
#3343 = EDGE_CURVE('',#3288,#3336,#3344,.T.);
#3344 = CIRCLE('',#3345,5.047433331394);
#3345 = AXIS2_PLACEMENT_3D('',#3346,#3347,#3348);
#3346 = CARTESIAN_POINT('',(-53.5,-2.250644347018,-31.8982303588));
#3347 = DIRECTION('',(0.,-0.866025403784,0.5));
#3348 = DIRECTION('',(-1.,0.,0.));
#3349 = CYLINDRICAL_SURFACE('',#3350,5.047433331394);
#3350 = AXIS2_PLACEMENT_3D('',#3351,#3352,#3353);
#3351 = CARTESIAN_POINT('',(-53.5,-0.518593539452,-32.89823035879));
#3352 = DIRECTION('',(0.,-0.866025403784,0.5));
#3353 = DIRECTION('',(-1.,0.,0.));
#3354 = ADVANCED_FACE('',(#3355),#3381,.T.);
#3355 = FACE_BOUND('',#3356,.T.);
#3356 = EDGE_LOOP('',(#3357,#3367,#3373,#3374,#3375));
#3357 = ORIENTED_EDGE('',*,*,#3358,.F.);
#3358 = EDGE_CURVE('',#3359,#3361,#3363,.T.);
#3359 = VERTEX_POINT('',#3360);
#3360 = CARTESIAN_POINT('',(-57.97650449538,25.333434264376,
    15.878795276105));
#3361 = VERTEX_POINT('',#3362);
#3362 = CARTESIAN_POINT('',(-57.97650449537,32.261637494656,
    11.878795276101));
#3363 = LINE('',#3364,#3365);
#3364 = CARTESIAN_POINT('',(-57.97650449538,30.529586687087,
    12.878795276101));
#3365 = VECTOR('',#3366,1.);
#3366 = DIRECTION('',(9.697E-14,0.866025403784,-0.5));
#3367 = ORIENTED_EDGE('',*,*,#3368,.F.);
#3368 = EDGE_CURVE('',#3336,#3359,#3369,.T.);
#3369 = LINE('',#3370,#3371);
#3370 = CARTESIAN_POINT('',(-57.97650449538,7.530605652982,
    -14.95660839727));
#3371 = VECTOR('',#3372,1.);
#3372 = DIRECTION('',(1.1E-16,0.5,0.866025403784));
#3373 = ORIENTED_EDGE('',*,*,#3335,.T.);
#3374 = ORIENTED_EDGE('',*,*,#1171,.T.);
#3375 = ORIENTED_EDGE('',*,*,#3376,.T.);
#3376 = EDGE_CURVE('',#1164,#3361,#3377,.T.);
#3377 = LINE('',#3378,#3379);
#3378 = CARTESIAN_POINT('',(-57.97650449537,12.542591235656,
    -22.27559472127));
#3379 = VECTOR('',#3380,1.);
#3380 = DIRECTION('',(1.1E-16,0.5,0.866025403784));
#3381 = PLANE('',#3382);
#3382 = AXIS2_PLACEMENT_3D('',#3383,#3384,#3385);
#3383 = CARTESIAN_POINT('',(-57.97650449538,15.773686793912,
    -8.372313133117));
#3384 = DIRECTION('',(1.,-6.364E-14,3.65E-14));
#3385 = DIRECTION('',(6.364E-14,1.,0.));
#3386 = ADVANCED_FACE('',(#3387),#3407,.T.);
#3387 = FACE_BOUND('',#3388,.T.);
#3388 = EDGE_LOOP('',(#3389,#3398,#3399,#3400,#3401));
#3389 = ORIENTED_EDGE('',*,*,#3390,.F.);
#3390 = EDGE_CURVE('',#3361,#3391,#3393,.T.);
#3391 = VERTEX_POINT('',#3392);
#3392 = CARTESIAN_POINT('',(-57.93005345046,33.331997524291,
    11.160265989235));
#3393 = ELLIPSE('',#3394,144.62768258261,5.047433331394);
#3394 = AXIS2_PLACEMENT_3D('',#3395,#3396,#3397);
#3395 = CARTESIAN_POINT('',(-53.49999999999,144.40555882781,
    -50.17494778334));
#3396 = DIRECTION('',(0.999390827019,-3.022385072373E-02,
    1.744974835129E-02));
#3397 = DIRECTION('',(-3.489949670259E-02,-0.865497844508,0.49969541351)
  );
#3398 = ORIENTED_EDGE('',*,*,#3376,.F.);
#3399 = ORIENTED_EDGE('',*,*,#1163,.T.);
#3400 = ORIENTED_EDGE('',*,*,#1338,.F.);
#3401 = ORIENTED_EDGE('',*,*,#3402,.T.);
#3402 = EDGE_CURVE('',#1331,#3391,#3403,.T.);
#3403 = LINE('',#3404,#3405);
#3404 = CARTESIAN_POINT('',(-57.69374847659,36.145828226175,
    2.500185561648));
#3405 = VECTOR('',#3406,1.);
#3406 = DIRECTION('',(-2.594245496226E-02,-0.30891299096,0.950736426696)
  );
#3407 = PLANE('',#3408);
#3408 = AXIS2_PLACEMENT_3D('',#3409,#3410,#3411);
#3409 = CARTESIAN_POINT('',(-57.96278066646,19.967379585077,
    -10.11356161192));
#3410 = DIRECTION('',(0.999390827019,-3.022385072373E-02,
    1.744974835129E-02));
#3411 = DIRECTION('',(3.022845326117E-02,0.999543015889,
    -1.698944804285E-16));
#3412 = ADVANCED_FACE('',(#3413),#3424,.F.);
#3413 = FACE_BOUND('',#3414,.F.);
#3414 = EDGE_LOOP('',(#3415,#3416,#3417,#3418));
#3415 = ORIENTED_EDGE('',*,*,#1107,.F.);
#3416 = ORIENTED_EDGE('',*,*,#1212,.T.);
#3417 = ORIENTED_EDGE('',*,*,#1430,.T.);
#3418 = ORIENTED_EDGE('',*,*,#3419,.T.);
#3419 = EDGE_CURVE('',#1431,#1099,#3420,.T.);
#3420 = LINE('',#3421,#3422);
#3421 = CARTESIAN_POINT('',(51.921670901656,6.156392037054,
    -21.63783028654));
#3422 = VECTOR('',#3423,1.);
#3423 = DIRECTION('',(-0.103962051184,-0.804633145357,0.584600199544));
#3424 = PLANE('',#3425);
#3425 = AXIS2_PLACEMENT_3D('',#3426,#3427,#3428);
#3426 = CARTESIAN_POINT('',(54.,6.847431864335,-22.1399001096));
#3427 = DIRECTION('',(0.,-0.587785252292,-0.809016994375));
#3428 = DIRECTION('',(-1.,0.,0.));
#3429 = ADVANCED_FACE('',(#3430),#3441,.F.);
#3430 = FACE_BOUND('',#3431,.F.);
#3431 = EDGE_LOOP('',(#3432,#3438,#3439,#3440));
#3432 = ORIENTED_EDGE('',*,*,#3433,.F.);
#3433 = EDGE_CURVE('',#1091,#1456,#3434,.T.);
#3434 = LINE('',#3435,#3436);
#3435 = CARTESIAN_POINT('',(53.910714692393,7.150913932423,
    -19.91526783452));
#3436 = VECTOR('',#3437,1.);
#3437 = DIRECTION('',(0.103962051184,0.804633145357,-0.584600199544));
#3438 = ORIENTED_EDGE('',*,*,#1098,.T.);
#3439 = ORIENTED_EDGE('',*,*,#3419,.F.);
#3440 = ORIENTED_EDGE('',*,*,#1464,.T.);
#3441 = CYLINDRICAL_SURFACE('',#3442,2.);
#3442 = AXIS2_PLACEMENT_3D('',#3443,#3444,#3445);
#3443 = CARTESIAN_POINT('',(51.921670901656,7.331962541639,
    -20.01979629779));
#3444 = DIRECTION('',(0.103962051184,0.804633145357,-0.584600199544));
#3445 = DIRECTION('',(0.699422541754,-0.477038259884,-0.53220541776));
#3446 = ADVANCED_FACE('',(#3447),#3484,.T.);
#3447 = FACE_BOUND('',#3448,.T.);
#3448 = EDGE_LOOP('',(#3449,#3450,#3451,#3457,#3458,#3467,#3475,#3482,
    #3483));
#3449 = ORIENTED_EDGE('',*,*,#1090,.T.);
#3450 = ORIENTED_EDGE('',*,*,#1281,.F.);
#3451 = ORIENTED_EDGE('',*,*,#3452,.F.);
#3452 = EDGE_CURVE('',#3088,#1271,#3453,.T.);
#3453 = LINE('',#3454,#3455);
#3454 = CARTESIAN_POINT('',(53.963704289754,15.456431084103,
    -6.538014827839));
#3455 = VECTOR('',#3456,1.);
#3456 = DIRECTION('',(-8.141020551246E-02,-0.984409887207,
    -0.155915209035));
#3457 = ORIENTED_EDGE('',*,*,#3106,.F.);
#3458 = ORIENTED_EDGE('',*,*,#3459,.F.);
#3459 = EDGE_CURVE('',#3460,#3098,#3462,.T.);
#3460 = VERTEX_POINT('',#3461);
#3461 = CARTESIAN_POINT('',(56.218175324774,39.991056101885,
    -6.942515909734));
#3462 = ELLIPSE('',#3463,1.005508279564,1.);
#3463 = AXIS2_PLACEMENT_3D('',#3464,#3465,#3466);
#3464 = CARTESIAN_POINT('',(56.113071089509,39.1250306981,
    -6.442515909734));
#3465 = DIRECTION('',(0.994521895368,-9.05243046084E-02,
    5.226423163386E-02));
#3466 = DIRECTION('',(0.104528463268,0.861281226009,-0.497260947684));
#3467 = ORIENTED_EDGE('',*,*,#3468,.F.);
#3468 = EDGE_CURVE('',#3469,#3460,#3471,.T.);
#3469 = VERTEX_POINT('',#3470);
#3470 = CARTESIAN_POINT('',(56.218175324774,36.658430921683,
    -12.71479204442));
#3471 = LINE('',#3472,#3473);
#3472 = CARTESIAN_POINT('',(56.218175324774,34.186989648417,
    -16.99545389764));
#3473 = VECTOR('',#3474,1.);
#3474 = DIRECTION('',(-1.E-17,0.5,0.866025403784));
#3475 = ORIENTED_EDGE('',*,*,#3476,.F.);
#3476 = EDGE_CURVE('',#1514,#3469,#3477,.T.);
#3477 = ELLIPSE('',#3478,1.005508279564,1.);
#3478 = AXIS2_PLACEMENT_3D('',#3479,#3480,#3481);
#3479 = CARTESIAN_POINT('',(56.113071089509,35.792405517898,
    -12.21479204442));
#3480 = DIRECTION('',(0.994521895368,-9.05243046084E-02,
    5.226423163386E-02));
#3481 = DIRECTION('',(0.104528463268,0.861281226009,-0.497260947684));
#3482 = ORIENTED_EDGE('',*,*,#1513,.F.);
#3483 = ORIENTED_EDGE('',*,*,#3433,.F.);
#3484 = PLANE('',#3485);
#3485 = AXIS2_PLACEMENT_3D('',#3486,#3487,#3488);
#3486 = CARTESIAN_POINT('',(55.444844401669,27.417763898504,
    -14.0045923321));
#3487 = DIRECTION('',(-0.994521895368,9.052430460829E-02,
    -5.226423163385E-02));
#3488 = DIRECTION('',(-9.064819430228E-02,-0.995882977498,
    8.673617379884E-19));
#3489 = ADVANCED_FACE('',(#3490),#3526,.F.);
#3490 = FACE_BOUND('',#3491,.F.);
#3491 = EDGE_LOOP('',(#3492,#3493,#3494,#3502,#3511,#3519));
#3492 = ORIENTED_EDGE('',*,*,#1074,.T.);
#3493 = ORIENTED_EDGE('',*,*,#1288,.T.);
#3494 = ORIENTED_EDGE('',*,*,#3495,.T.);
#3495 = EDGE_CURVE('',#1289,#3496,#3498,.T.);
#3496 = VERTEX_POINT('',#3497);
#3497 = CARTESIAN_POINT('',(57.916187299142,33.497110436127,
    10.652100698702));
#3498 = LINE('',#3499,#3500);
#3499 = CARTESIAN_POINT('',(58.174501344908,30.42120398853,
    20.118767334364));
#3500 = VECTOR('',#3501,1.);
#3501 = DIRECTION('',(2.59424549622E-02,-0.30891299096,0.950736426696));
#3502 = ORIENTED_EDGE('',*,*,#3503,.T.);
#3503 = EDGE_CURVE('',#3496,#3504,#3506,.T.);
#3504 = VERTEX_POINT('',#3505);
#3505 = CARTESIAN_POINT('',(58.428939372419,21.891413895892,
    19.917041117205));
#3506 = ELLIPSE('',#3507,283.57121154135,8.5714842199);
#3507 = AXIS2_PLACEMENT_3D('',#3508,#3509,#3510);
#3508 = CARTESIAN_POINT('',(48.553261347116,267.08330624421,
    -121.0029782777));
#3509 = DIRECTION('',(-0.999390827019,-3.022385072366E-02,
    1.744974835125E-02));
#3510 = DIRECTION('',(-3.489949670251E-02,0.865497844508,-0.49969541351)
  );
#3511 = ORIENTED_EDGE('',*,*,#3512,.T.);
#3512 = EDGE_CURVE('',#3504,#3513,#3515,.T.);
#3513 = VERTEX_POINT('',#3514);
#3514 = CARTESIAN_POINT('',(58.428939372419,-6.302956627771,
    -28.9170411172));
#3515 = LINE('',#3516,#3517);
#3516 = CARTESIAN_POINT('',(58.428939372419,16.98172863406,
    11.413216794539));
#3517 = VECTOR('',#3518,1.);
#3518 = DIRECTION('',(0.,-0.5,-0.866025403784));
#3519 = ORIENTED_EDGE('',*,*,#3520,.T.);
#3520 = EDGE_CURVE('',#3513,#1066,#3521,.T.);
#3521 = ELLIPSE('',#3522,283.57121154135,8.5714842199);
#3522 = AXIS2_PLACEMENT_3D('',#3523,#3524,#3525);
#3523 = CARTESIAN_POINT('',(48.553261347116,238.3333062442,
    -170.7994389953));
#3524 = DIRECTION('',(-0.999390827019,-3.022385072366E-02,
    1.744974835125E-02));
#3525 = DIRECTION('',(-3.489949670251E-02,0.865497844508,-0.49969541351)
  );
#3526 = PLANE('',#3527);
#3527 = AXIS2_PLACEMENT_3D('',#3528,#3529,#3530);
#3528 = CARTESIAN_POINT('',(58.745514822879,18.31824521349,
    31.859200980347));
#3529 = DIRECTION('',(0.999390827019,3.022385072366E-02,
    -1.744974835125E-02));
#3530 = DIRECTION('',(9.528836053541E-15,-0.5,-0.866025403784));
#3531 = ADVANCED_FACE('',(#3532),#3554,.T.);
#3532 = FACE_BOUND('',#3533,.T.);
#3533 = EDGE_LOOP('',(#3534,#3543,#3544,#3545));
#3534 = ORIENTED_EDGE('',*,*,#3535,.F.);
#3535 = EDGE_CURVE('',#3513,#3536,#3538,.T.);
#3536 = VERTEX_POINT('',#3537);
#3537 = CARTESIAN_POINT('',(50.197163944105,-4.730471292989,
    -26.1934166232));
#3538 = CIRCLE('',#3539,4.960158006753);
#3539 = AXIS2_PLACEMENT_3D('',#3540,#3541,#3542);
#3540 = CARTESIAN_POINT('',(53.5,-6.58077136594,-29.3982303588));
#3541 = DIRECTION('',(0.,-0.866025403784,0.5));
#3542 = DIRECTION('',(-1.,0.,0.));
#3543 = ORIENTED_EDGE('',*,*,#3520,.T.);
#3544 = ORIENTED_EDGE('',*,*,#1065,.F.);
#3545 = ORIENTED_EDGE('',*,*,#3546,.T.);
#3546 = EDGE_CURVE('',#1057,#3536,#3547,.T.);
#3547 = B_SPLINE_CURVE_WITH_KNOTS('',5,(#3548,#3549,#3550,#3551,#3552,
    #3553),.UNSPECIFIED.,.F.,.F.,(6,6),(0.,1.),
  .PIECEWISE_BEZIER_KNOTS.);
#3548 = CARTESIAN_POINT('',(50.181143871119,4.805375796851,
    -31.42488995281));
#3549 = CARTESIAN_POINT('',(50.185614346178,2.898990630891,
    -30.37721309982));
#3550 = CARTESIAN_POINT('',(50.189487875978,0.992249952601,-29.330162339
    ));
#3551 = CARTESIAN_POINT('',(50.192732530068,-0.914878480979,
    -28.28379485825));
#3552 = CARTESIAN_POINT('',(50.195309251788,-2.82243404964,
    -27.2381806409));
#3553 = CARTESIAN_POINT('',(50.197163944105,-4.730471293026,
    -26.19341662317));
#3554 = CONICAL_SURFACE('',#3555,4.999695390313,1.745329251994E-02);
#3555 = AXIS2_PLACEMENT_3D('',#3556,#3557,#3558);
#3556 = CARTESIAN_POINT('',(53.5,-4.619141391899,-30.53077795236));
#3557 = DIRECTION('',(0.,0.866025403784,-0.5));
#3558 = DIRECTION('',(-1.,0.,0.));
#3559 = ADVANCED_FACE('',(#3560),#3615,.T.);
#3560 = FACE_BOUND('',#3561,.T.);
#3561 = EDGE_LOOP('',(#3562,#3572,#3579,#3580,#3587,#3588,#3589,#3596,
    #3597,#3608));
#3562 = ORIENTED_EDGE('',*,*,#3563,.F.);
#3563 = EDGE_CURVE('',#3564,#3566,#3568,.T.);
#3564 = VERTEX_POINT('',#3565);
#3565 = CARTESIAN_POINT('',(50.2,-6.278014552379,-25.47384017536));
#3566 = VERTEX_POINT('',#3567);
#3567 = CARTESIAN_POINT('',(50.2,-4.805771365946,-26.32384017536));
#3568 = LINE('',#3569,#3570);
#3569 = CARTESIAN_POINT('',(50.2,-6.451219633136,-25.37384017536));
#3570 = VECTOR('',#3571,1.);
#3571 = DIRECTION('',(0.,0.866025403784,-0.5));
#3572 = ORIENTED_EDGE('',*,*,#3573,.F.);
#3573 = EDGE_CURVE('',#3564,#3564,#3574,.T.);
#3574 = CIRCLE('',#3575,4.);
#3575 = AXIS2_PLACEMENT_3D('',#3576,#3577,#3578);
#3576 = CARTESIAN_POINT('',(46.2,-6.278014552379,-25.47384017536));
#3577 = DIRECTION('',(0.,-0.866025403784,0.5));
#3578 = DIRECTION('',(1.,0.,0.));
#3579 = ORIENTED_EDGE('',*,*,#3563,.T.);
#3580 = ORIENTED_EDGE('',*,*,#3581,.T.);
#3581 = EDGE_CURVE('',#3566,#3536,#3582,.T.);
#3582 = CIRCLE('',#3583,4.);
#3583 = AXIS2_PLACEMENT_3D('',#3584,#3585,#3586);
#3584 = CARTESIAN_POINT('',(46.2,-4.805771365946,-26.32384017536));
#3585 = DIRECTION('',(0.,-0.866025403784,0.5));
#3586 = DIRECTION('',(1.,0.,0.));
#3587 = ORIENTED_EDGE('',*,*,#3546,.F.);
#3588 = ORIENTED_EDGE('',*,*,#1056,.T.);
#3589 = ORIENTED_EDGE('',*,*,#3590,.T.);
#3590 = EDGE_CURVE('',#1049,#1040,#3591,.T.);
#3591 = CIRCLE('',#3592,4.);
#3592 = AXIS2_PLACEMENT_3D('',#3593,#3594,#3595);
#3593 = CARTESIAN_POINT('',(46.2,5.571586747022,-32.31521067536));
#3594 = DIRECTION('',(0.,-0.866025403784,0.5));
#3595 = DIRECTION('',(1.,0.,0.));
#3596 = ORIENTED_EDGE('',*,*,#1039,.T.);
#3597 = ORIENTED_EDGE('',*,*,#3598,.F.);
#3598 = EDGE_CURVE('',#3599,#1031,#3601,.T.);
#3599 = VERTEX_POINT('',#3600);
#3600 = CARTESIAN_POINT('',(48.549721173332,-6.424320902379,
    -29.12725020704));
#3601 = B_SPLINE_CURVE_WITH_KNOTS('',5,(#3602,#3603,#3604,#3605,#3606,
    #3607),.UNSPECIFIED.,.F.,.F.,(6,6),(0.,1.),
  .PIECEWISE_BEZIER_KNOTS.);
#3602 = CARTESIAN_POINT('',(48.549721173332,-6.424320902416,
    -29.12725020702));
#3603 = CARTESIAN_POINT('',(48.509855190852,-4.555365689775,
    -30.23970628762));
#3604 = CARTESIAN_POINT('',(48.470311963948,-2.685817936219,
    -31.35115197202));
#3605 = CARTESIAN_POINT('',(48.431037413467,-0.81573432597,
    -32.46168296829));
#3606 = CARTESIAN_POINT('',(48.391992495686,1.054844221239,
    -33.57136837796));
#3607 = CARTESIAN_POINT('',(48.353145289725,2.925884297667,
    -34.68026472179));
#3608 = ORIENTED_EDGE('',*,*,#3609,.T.);
#3609 = EDGE_CURVE('',#3599,#3566,#3610,.T.);
#3610 = CIRCLE('',#3611,4.);
#3611 = AXIS2_PLACEMENT_3D('',#3612,#3613,#3614);
#3612 = CARTESIAN_POINT('',(46.2,-4.805771365946,-26.32384017536));
#3613 = DIRECTION('',(0.,-0.866025403784,0.5));
#3614 = DIRECTION('',(1.,0.,0.));
#3615 = CYLINDRICAL_SURFACE('',#3616,4.);
#3616 = AXIS2_PLACEMENT_3D('',#3617,#3618,#3619);
#3617 = CARTESIAN_POINT('',(46.2,-6.451219633136,-25.37384017536));
#3618 = DIRECTION('',(0.,-0.866025403784,0.5));
#3619 = DIRECTION('',(1.,0.,0.));
#3620 = ADVANCED_FACE('',(#3621),#3625,.F.);
#3621 = FACE_BOUND('',#3622,.F.);
#3622 = EDGE_LOOP('',(#3623,#3624));
#3623 = ORIENTED_EDGE('',*,*,#3590,.T.);
#3624 = ORIENTED_EDGE('',*,*,#1048,.T.);
#3625 = PLANE('',#3626);
#3626 = AXIS2_PLACEMENT_3D('',#3627,#3628,#3629);
#3627 = CARTESIAN_POINT('',(0.,7.382578247022,-29.17848138529));
#3628 = DIRECTION('',(0.,-0.866025403784,0.5));
#3629 = DIRECTION('',(0.,0.5,0.866025403784));
#3630 = ADVANCED_FACE('',(#3631),#3651,.T.);
#3631 = FACE_BOUND('',#3632,.T.);
#3632 = EDGE_LOOP('',(#3633,#3642,#3643,#3644));
#3633 = ORIENTED_EDGE('',*,*,#3634,.F.);
#3634 = EDGE_CURVE('',#3599,#3635,#3637,.T.);
#3635 = VERTEX_POINT('',#3636);
#3636 = CARTESIAN_POINT('',(58.428939372419,-6.858586104109,
    -29.8794196004));
#3637 = CIRCLE('',#3638,4.960158006753);
#3638 = AXIS2_PLACEMENT_3D('',#3639,#3640,#3641);
#3639 = CARTESIAN_POINT('',(53.5,-6.58077136594,-29.3982303588));
#3640 = DIRECTION('',(0.,-0.866025403784,0.5));
#3641 = DIRECTION('',(-1.,0.,0.));
#3642 = ORIENTED_EDGE('',*,*,#3598,.T.);
#3643 = ORIENTED_EDGE('',*,*,#1030,.F.);
#3644 = ORIENTED_EDGE('',*,*,#3645,.T.);
#3645 = EDGE_CURVE('',#1023,#3635,#3646,.T.);
#3646 = ELLIPSE('',#3647,283.57121154135,8.5714842199);
#3647 = AXIS2_PLACEMENT_3D('',#3648,#3649,#3650);
#3648 = CARTESIAN_POINT('',(48.553261347116,238.3333062442,
    -170.7994389953));
#3649 = DIRECTION('',(-0.999390827019,-3.022385072366E-02,
    1.744974835125E-02));
#3650 = DIRECTION('',(-3.489949670251E-02,0.865497844508,-0.49969541351)
  );
#3651 = CONICAL_SURFACE('',#3652,4.999695390313,1.745329251994E-02);
#3652 = AXIS2_PLACEMENT_3D('',#3653,#3654,#3655);
#3653 = CARTESIAN_POINT('',(53.5,-4.619141391899,-30.53077795236));
#3654 = DIRECTION('',(0.,0.866025403784,-0.5));
#3655 = DIRECTION('',(-1.,0.,0.));
#3656 = ADVANCED_FACE('',(#3657),#3675,.F.);
#3657 = FACE_BOUND('',#3658,.T.);
#3658 = EDGE_LOOP('',(#3659,#3660,#3661,#3669));
#3659 = ORIENTED_EDGE('',*,*,#3645,.F.);
#3660 = ORIENTED_EDGE('',*,*,#1022,.F.);
#3661 = ORIENTED_EDGE('',*,*,#3662,.T.);
#3662 = EDGE_CURVE('',#1014,#3663,#3665,.T.);
#3663 = VERTEX_POINT('',#3664);
#3664 = CARTESIAN_POINT('',(58.428939372419,-8.076851659274,
    -31.98951743906));
#3665 = LINE('',#3666,#3667);
#3666 = CARTESIAN_POINT('',(58.706866815981,-14.9639781402,
    -28.00076908592));
#3667 = VECTOR('',#3668,1.);
#3668 = DIRECTION('',(3.489946464412E-02,-0.864819335722,0.500868789134)
  );
#3669 = ORIENTED_EDGE('',*,*,#3670,.F.);
#3670 = EDGE_CURVE('',#3635,#3663,#3671,.T.);
#3671 = LINE('',#3672,#3673);
#3672 = CARTESIAN_POINT('',(58.428939372419,16.98172863406,
    11.413216794539));
#3673 = VECTOR('',#3674,1.);
#3674 = DIRECTION('',(0.,-0.5,-0.866025403784));
#3675 = PLANE('',#3676);
#3676 = AXIS2_PLACEMENT_3D('',#3677,#3678,#3679);
#3677 = CARTESIAN_POINT('',(58.745514822879,18.31824521349,
    31.859200980347));
#3678 = DIRECTION('',(0.999390827019,3.022385072366E-02,
    -1.744974835125E-02));
#3679 = DIRECTION('',(9.528836053541E-15,-0.5,-0.866025403784));
#3680 = ADVANCED_FACE('',(#3681),#3700,.F.);
#3681 = FACE_BOUND('',#3682,.F.);
#3682 = EDGE_LOOP('',(#3683,#3691,#3692,#3693));
#3683 = ORIENTED_EDGE('',*,*,#3684,.T.);
#3684 = EDGE_CURVE('',#3685,#1006,#3687,.T.);
#3685 = VERTEX_POINT('',#3686);
#3686 = CARTESIAN_POINT('',(55.492160586668,-9.545241052149,
    -34.53284247281));
#3687 = LINE('',#3688,#3689);
#3688 = CARTESIAN_POINT('',(55.481366424017,-16.57672833618,
    -30.79413436528));
#3689 = VECTOR('',#3690,1.);
#3690 = DIRECTION('',(1.355427492057E-03,0.88294678179,-0.469471131533)
  );
#3691 = ORIENTED_EDGE('',*,*,#1013,.T.);
#3692 = ORIENTED_EDGE('',*,*,#3662,.T.);
#3693 = ORIENTED_EDGE('',*,*,#3694,.T.);
#3694 = EDGE_CURVE('',#3663,#3685,#3695,.T.);
#3695 = ELLIPSE('',#3696,2.936786878883,2.936781483461);
#3696 = AXIS2_PLACEMENT_3D('',#3697,#3698,#3699);
#3697 = CARTESIAN_POINT('',(55.492155191246,-8.076848961563,
    -31.98951276648));
#3698 = DIRECTION('',(0.,0.866025403784,-0.5));
#3699 = DIRECTION('',(-0.70710678129,0.353553390542,0.612372435606));
#3700 = CONICAL_SURFACE('',#3701,3.225344865821,3.626108990323E-02);
#3701 = AXIS2_PLACEMENT_3D('',#3702,#3703,#3704);
#3702 = CARTESIAN_POINT('',(55.481524912652,-14.96027403422,
    -28.00309065942));
#3703 = DIRECTION('',(-1.354536486496E-03,-0.865346546583,0.501172145622
    ));
#3704 = DIRECTION('',(0.999999081496,-1.148437185796E-03,
    7.19790780083E-04));
#3705 = ADVANCED_FACE('',(#3706),#3724,.F.);
#3706 = FACE_BOUND('',#3707,.T.);
#3707 = EDGE_LOOP('',(#3708,#3716,#3717,#3718));
#3708 = ORIENTED_EDGE('',*,*,#3709,.F.);
#3709 = EDGE_CURVE('',#3685,#3710,#3712,.T.);
#3710 = VERTEX_POINT('',#3711);
#3711 = CARTESIAN_POINT('',(-55.49262757419,-9.545241052149,
    -34.53284247281));
#3712 = LINE('',#3713,#3714);
#3713 = CARTESIAN_POINT('',(30.25,-9.545241052149,-34.53284247281));
#3714 = VECTOR('',#3715,1.);
#3715 = DIRECTION('',(-1.,0.,0.));
#3716 = ORIENTED_EDGE('',*,*,#3684,.T.);
#3717 = ORIENTED_EDGE('',*,*,#1005,.F.);
#3718 = ORIENTED_EDGE('',*,*,#3719,.T.);
#3719 = EDGE_CURVE('',#997,#3710,#3720,.T.);
#3720 = LINE('',#3721,#3722);
#3721 = CARTESIAN_POINT('',(-55.48124416272,-15.84488947171,
    -31.18325999197));
#3722 = VECTOR('',#3723,1.);
#3723 = DIRECTION('',(1.595476809789E-03,-0.882946469066,0.469470965255)
  );
#3724 = PLANE('',#3725);
#3725 = AXIS2_PLACEMENT_3D('',#3726,#3727,#3728);
#3726 = CARTESIAN_POINT('',(60.5,-17.55451219795,-30.27423746385));
#3727 = DIRECTION('',(0.,-0.469471562786,-0.882947592859));
#3728 = DIRECTION('',(-1.,0.,0.));
#3729 = ADVANCED_FACE('',(#3730),#3765,.F.);
#3730 = FACE_BOUND('',#3731,.F.);
#3731 = EDGE_LOOP('',(#3732,#3742,#3756,#3757,#3758));
#3732 = ORIENTED_EDGE('',*,*,#3733,.T.);
#3733 = EDGE_CURVE('',#3734,#3736,#3738,.T.);
#3734 = VERTEX_POINT('',#3735);
#3735 = CARTESIAN_POINT('',(-58.42893937241,-8.077085153039,
    -31.98992186212));
#3736 = VERTEX_POINT('',#3737);
#3737 = CARTESIAN_POINT('',(-58.26004700196,-3.89246175505,
    -34.41483092196));
#3738 = LINE('',#3739,#3740);
#3739 = CARTESIAN_POINT('',(-58.67794006172,-14.24654152221,
    -28.41484013527));
#3740 = VECTOR('',#3741,1.);
#3741 = DIRECTION('',(3.489945228327E-02,0.86469900452,-0.501076500959)
  );
#3742 = ORIENTED_EDGE('',*,*,#3743,.T.);
#3743 = EDGE_CURVE('',#3736,#988,#3744,.T.);
#3744 = B_SPLINE_CURVE_WITH_KNOTS('',3,(#3745,#3746,#3747,#3748,#3749,
    #3750,#3751,#3752,#3753,#3754,#3755),.UNSPECIFIED.,.F.,.F.,(4,2,3,2,
    4),(1.455357553182,1.559294515051,1.663266220315,1.767237989896,
    1.825431215314),.UNSPECIFIED.);
#3745 = CARTESIAN_POINT('',(-58.26004700196,-3.89246175505,
    -34.41483092196));
#3746 = CARTESIAN_POINT('',(-58.26004790187,-4.06572005595,
    -34.71487156177));
#3747 = CARTESIAN_POINT('',(-58.19081787396,-4.250511714114,
    -35.03489524369));
#3748 = CARTESIAN_POINT('',(-57.9092272984,-4.590509528211,
    -35.62372914518));
#3749 = CARTESIAN_POINT('',(-57.69681624308,-4.745705763831,
    -35.89252221283));
#3750 = CARTESIAN_POINT('',(-57.4517525836,-4.868237593571,
    -36.10475356748));
#3751 = CARTESIAN_POINT('',(-57.20668877252,-4.990769499109,
    -36.31698505342));
#3752 = CARTESIAN_POINT('',(-56.89630881832,-5.09696870813,
    -36.50094217677));
#3753 = CARTESIAN_POINT('',(-56.36596476477,-5.206766291511,
    -36.69116364654));
#3754 = CARTESIAN_POINT('',(-56.1665062149,-5.235371510796,
    -36.7407305968));
#3755 = CARTESIAN_POINT('',(-55.96684327367,-5.252482296347,
    -36.77039202307));
#3756 = ORIENTED_EDGE('',*,*,#996,.T.);
#3757 = ORIENTED_EDGE('',*,*,#3719,.T.);
#3758 = ORIENTED_EDGE('',*,*,#3759,.T.);
#3759 = EDGE_CURVE('',#3710,#3734,#3760,.T.);
#3760 = ELLIPSE('',#3761,2.936323010053,2.936315535497);
#3761 = AXIS2_PLACEMENT_3D('',#3762,#3763,#3764);
#3762 = CARTESIAN_POINT('',(-55.49262009964,-8.077081415761,
    -31.98991538896));
#3763 = DIRECTION('',(0.,0.866025403784,-0.5));
#3764 = DIRECTION('',(0.707106781027,0.353553390673,0.612372435834));
#3765 = CONICAL_SURFACE('',#3766,3.196513854762,3.650095541095E-02);
#3766 = AXIS2_PLACEMENT_3D('',#3767,#3768,#3769);
#3767 = CARTESIAN_POINT('',(-55.48143027494,-14.24222107346,
    -28.41754945139));
#3768 = DIRECTION('',(1.594414085159E-03,-0.865225995167,0.501379532022)
  );
#3769 = DIRECTION('',(-0.999998727371,-1.351612710904E-03,
    8.475846660019E-04));
#3770 = ADVANCED_FACE('',(#3771),#3798,.F.);
#3771 = FACE_BOUND('',#3772,.F.);
#3772 = EDGE_LOOP('',(#3773,#3781,#3789,#3796,#3797));
#3773 = ORIENTED_EDGE('',*,*,#3774,.T.);
#3774 = EDGE_CURVE('',#3736,#3775,#3777,.T.);
#3775 = VERTEX_POINT('',#3776);
#3776 = CARTESIAN_POINT('',(-58.26004700151,-3.892287382373,
    -34.41452892556));
#3777 = ( BOUNDED_CURVE() B_SPLINE_CURVE(2,(#3778,#3779,#3780),
.UNSPECIFIED.,.F.,.F.) B_SPLINE_CURVE_WITH_KNOTS((3,3),(25.509589400141,
25.511254023775),.PIECEWISE_BEZIER_KNOTS.) CURVE() 
GEOMETRIC_REPRESENTATION_ITEM() RATIONAL_B_SPLINE_CURVE((41.46572419114,
41.465724363428,41.465724363428)) REPRESENTATION_ITEM('') );
#3778 = CARTESIAN_POINT('',(-58.26004700196,-3.89246175505,
    -34.41483092196));
#3779 = CARTESIAN_POINT('',(-58.26004700151,-3.892374563095,
    -34.414679927));
#3780 = CARTESIAN_POINT('',(-58.26004700151,-3.892287382373,
    -34.41452892556));
#3781 = ORIENTED_EDGE('',*,*,#3782,.F.);
#3782 = EDGE_CURVE('',#3783,#3775,#3785,.T.);
#3783 = VERTEX_POINT('',#3784);
#3784 = CARTESIAN_POINT('',(-57.97650449538,-3.750644347018,
    -34.49630657015));
#3785 = LINE('',#3786,#3787);
#3786 = CARTESIAN_POINT('',(-57.5126616035,-3.518932650481,
    -34.63008538052));
#3787 = VECTOR('',#3788,1.);
#3788 = DIRECTION('',(-0.86622118963,-0.432718890247,0.249830367768));
#3789 = ORIENTED_EDGE('',*,*,#3790,.F.);
#3790 = EDGE_CURVE('',#979,#3783,#3791,.T.);
#3791 = CIRCLE('',#3792,2.476504495388);
#3792 = AXIS2_PLACEMENT_3D('',#3793,#3794,#3795);
#3793 = CARTESIAN_POINT('',(-55.5,-3.750644347018,-34.49630657015));
#3794 = DIRECTION('',(2.775557561563E-17,0.866025403784,-0.5));
#3795 = DIRECTION('',(-0.707106781187,-0.353553390593,-0.612372435696));
#3796 = ORIENTED_EDGE('',*,*,#987,.T.);
#3797 = ORIENTED_EDGE('',*,*,#3743,.F.);
#3798 = CONICAL_SURFACE('',#3799,2.866730350805,1.047589255774);
#3799 = AXIS2_PLACEMENT_3D('',#3800,#3801,#3802);
#3800 = CARTESIAN_POINT('',(-55.5,-3.945580814889,-34.38375994795));
#3801 = DIRECTION('',(9.01E-15,-0.866025403784,0.5));
#3802 = DIRECTION('',(-0.707106781187,-0.353553390593,-0.612372435696));
#3803 = ADVANCED_FACE('',(#3804),#3814,.F.);
#3804 = FACE_BOUND('',#3805,.F.);
#3805 = EDGE_LOOP('',(#3806,#3812,#3813));
#3806 = ORIENTED_EDGE('',*,*,#3807,.T.);
#3807 = EDGE_CURVE('',#3783,#971,#3808,.T.);
#3808 = LINE('',#3809,#3810);
#3809 = CARTESIAN_POINT('',(-57.97650449538,-3.750644347018,
    -34.49630657015));
#3810 = VECTOR('',#3811,1.);
#3811 = DIRECTION('',(0.,0.866025403784,-0.5));
#3812 = ORIENTED_EDGE('',*,*,#978,.F.);
#3813 = ORIENTED_EDGE('',*,*,#3790,.T.);
#3814 = CYLINDRICAL_SURFACE('',#3815,2.476504495388);
#3815 = AXIS2_PLACEMENT_3D('',#3816,#3817,#3818);
#3816 = CARTESIAN_POINT('',(-55.5,-3.750644347018,-34.49630657015));
#3817 = DIRECTION('',(0.,-0.866025403784,0.5));
#3818 = DIRECTION('',(-0.707106781187,-0.353553390593,-0.612372435696));
#3819 = ADVANCED_FACE('',(#3820),#3831,.T.);
#3820 = FACE_BOUND('',#3821,.T.);
#3821 = EDGE_LOOP('',(#3822,#3828,#3829,#3830));
#3822 = ORIENTED_EDGE('',*,*,#3823,.F.);
#3823 = EDGE_CURVE('',#3783,#3248,#3824,.T.);
#3824 = LINE('',#3825,#3826);
#3825 = CARTESIAN_POINT('',(-57.97650449538,7.530605652982,
    -14.95660839727));
#3826 = VECTOR('',#3827,1.);
#3827 = DIRECTION('',(1.1E-16,0.5,0.866025403784));
#3828 = ORIENTED_EDGE('',*,*,#3807,.T.);
#3829 = ORIENTED_EDGE('',*,*,#970,.T.);
#3830 = ORIENTED_EDGE('',*,*,#3256,.F.);
#3831 = PLANE('',#3832);
#3832 = AXIS2_PLACEMENT_3D('',#3833,#3834,#3835);
#3833 = CARTESIAN_POINT('',(-57.97650449538,-3.75064434702,
    -34.49630657014));
#3834 = DIRECTION('',(1.,-6.E-17,-1.E-16));
#3835 = DIRECTION('',(1.166025403784E-16,0.5,0.866025403784));
#3836 = ADVANCED_FACE('',(#3837),#3848,.F.);
#3837 = FACE_BOUND('',#3838,.F.);
#3838 = EDGE_LOOP('',(#3839,#3840,#3846,#3847));
#3839 = ORIENTED_EDGE('',*,*,#1354,.T.);
#3840 = ORIENTED_EDGE('',*,*,#3841,.T.);
#3841 = EDGE_CURVE('',#1273,#3121,#3842,.T.);
#3842 = LINE('',#3843,#3844);
#3843 = CARTESIAN_POINT('',(51.974660499018,15.324610763239,
    -4.667166609917));
#3844 = VECTOR('',#3845,1.);
#3845 = DIRECTION('',(8.141020551246E-02,0.984409887207,0.155915209035)
  );
#3846 = ORIENTED_EDGE('',*,*,#3175,.T.);
#3847 = ORIENTED_EDGE('',*,*,#1247,.T.);
#3848 = PLANE('',#3849);
#3849 = AXIS2_PLACEMENT_3D('',#3850,#3851,#3852);
#3850 = CARTESIAN_POINT('',(6.,17.097431864336,-4.386379332024));
#3851 = DIRECTION('',(0.,-0.15643446504,0.987688340595));
#3852 = DIRECTION('',(1.,0.,0.));
#3853 = ADVANCED_FACE('',(#3854),#3860,.F.);
#3854 = FACE_BOUND('',#3855,.F.);
#3855 = EDGE_LOOP('',(#3856,#3857,#3858,#3859));
#3856 = ORIENTED_EDGE('',*,*,#3841,.F.);
#3857 = ORIENTED_EDGE('',*,*,#1270,.F.);
#3858 = ORIENTED_EDGE('',*,*,#3452,.F.);
#3859 = ORIENTED_EDGE('',*,*,#3120,.T.);
#3860 = CYLINDRICAL_SURFACE('',#3861,2.);
#3861 = AXIS2_PLACEMENT_3D('',#3862,#3863,#3864);
#3862 = CARTESIAN_POINT('',(51.974660499018,15.63747969332,
    -6.642543291107));
#3863 = DIRECTION('',(8.141020551246E-02,0.984409887207,0.155915209035)
  );
#3864 = DIRECTION('',(0.68118516666,-0.169151279066,0.712302332941));
#3865 = ADVANCED_FACE('',(#3866),#3913,.T.);
#3866 = FACE_BOUND('',#3867,.T.);
#3867 = EDGE_LOOP('',(#3868,#3869,#3870,#3879,#3888,#3897,#3906));
#3868 = ORIENTED_EDGE('',*,*,#3402,.F.);
#3869 = ORIENTED_EDGE('',*,*,#1330,.T.);
#3870 = ORIENTED_EDGE('',*,*,#3871,.F.);
#3871 = EDGE_CURVE('',#3872,#1322,#3874,.T.);
#3872 = VERTEX_POINT('',#3873);
#3873 = CARTESIAN_POINT('',(-50.1914227093,33.975256945105,
    9.180517059664));
#3874 = ELLIPSE('',#3875,5.97790619946,4.);
#3875 = AXIS2_PLACEMENT_3D('',#3876,#3877,#3878);
#3876 = CARTESIAN_POINT('',(-46.2,33.854347957365,9.552636660727));
#3877 = DIRECTION('',(9.89E-15,-0.951056516295,-0.309016994375));
#3878 = DIRECTION('',(-8.9E-15,-0.309016994375,0.951056516295));
#3879 = ORIENTED_EDGE('',*,*,#3880,.F.);
#3880 = EDGE_CURVE('',#3881,#3872,#3883,.T.);
#3881 = VERTEX_POINT('',#3882);
#3882 = CARTESIAN_POINT('',(-53.27696962516,34.54361387183,
    7.431294303041));
#3883 = ELLIPSE('',#3884,7.543270750775,5.047433331394);
#3884 = AXIS2_PLACEMENT_3D('',#3885,#3886,#3887);
#3885 = CARTESIAN_POINT('',(-53.49999999999,32.214891744172,
    14.59836405799));
#3886 = DIRECTION('',(9.89E-15,-0.951056516295,-0.309016994375));
#3887 = DIRECTION('',(-8.91E-15,-0.309016994375,0.951056516295));
#3888 = ORIENTED_EDGE('',*,*,#3889,.F.);
#3889 = EDGE_CURVE('',#3890,#3881,#3892,.T.);
#3890 = VERTEX_POINT('',#3891);
#3891 = CARTESIAN_POINT('',(-53.72303037483,34.54361387183,
    7.431294303041));
#3892 = CIRCLE('',#3893,5.047433331394);
#3893 = AXIS2_PLACEMENT_3D('',#3894,#3895,#3896);
#3894 = CARTESIAN_POINT('',(-53.49999999999,37.064865579157,
    11.798230358798));
#3895 = DIRECTION('',(0.,-0.866025403784,0.5));
#3896 = DIRECTION('',(-1.,0.,0.));
#3897 = ORIENTED_EDGE('',*,*,#3898,.F.);
#3898 = EDGE_CURVE('',#3899,#3890,#3901,.T.);
#3899 = VERTEX_POINT('',#3900);
#3900 = CARTESIAN_POINT('',(-57.51286677862,33.628802432232,
    10.246794410311));
#3901 = ELLIPSE('',#3902,7.543270750775,5.047433331394);
#3902 = AXIS2_PLACEMENT_3D('',#3903,#3904,#3905);
#3903 = CARTESIAN_POINT('',(-53.49999999999,32.214891744172,
    14.59836405799));
#3904 = DIRECTION('',(9.89E-15,-0.951056516295,-0.309016994375));
#3905 = DIRECTION('',(-8.91E-15,-0.309016994375,0.951056516295));
#3906 = ORIENTED_EDGE('',*,*,#3907,.F.);
#3907 = EDGE_CURVE('',#3391,#3899,#3908,.T.);
#3908 = ELLIPSE('',#3909,7.543270750775,5.047433331394);
#3909 = AXIS2_PLACEMENT_3D('',#3910,#3911,#3912);
#3910 = CARTESIAN_POINT('',(-53.49999999999,32.214891744172,
    14.59836405799));
#3911 = DIRECTION('',(9.89E-15,-0.951056516295,-0.309016994375));
#3912 = DIRECTION('',(-8.91E-15,-0.309016994375,0.951056516295));
#3913 = PLANE('',#3914);
#3914 = AXIS2_PLACEMENT_3D('',#3915,#3916,#3917);
#3915 = CARTESIAN_POINT('',(2.634245917415,33.77459718341,9.798084304805
    ));
#3916 = DIRECTION('',(9.89E-15,-0.951056516295,-0.309016994375));
#3917 = DIRECTION('',(0.,0.309016994375,-0.951056516295));
#3918 = ADVANCED_FACE('',(#3919),#4000,.T.);
#3919 = FACE_BOUND('',#3920,.T.);
#3920 = EDGE_LOOP('',(#3921,#3931,#3938,#3939,#3948,#3956,#3966,#3975,
    #3985,#3991,#3992,#3993));
#3921 = ORIENTED_EDGE('',*,*,#3922,.F.);
#3922 = EDGE_CURVE('',#3923,#3925,#3927,.T.);
#3923 = VERTEX_POINT('',#3924);
#3924 = CARTESIAN_POINT('',(-42.2,18.92198544763,18.173840175364));
#3925 = VERTEX_POINT('',#3926);
#3926 = CARTESIAN_POINT('',(-42.2,33.854347957365,9.552636660727));
#3927 = LINE('',#3928,#3929);
#3928 = CARTESIAN_POINT('',(-42.2,18.748780366874,18.273840175364));
#3929 = VECTOR('',#3930,1.);
#3930 = DIRECTION('',(0.,0.866025403784,-0.5));
#3931 = ORIENTED_EDGE('',*,*,#3932,.F.);
#3932 = EDGE_CURVE('',#3923,#3923,#3933,.T.);
#3933 = CIRCLE('',#3934,4.);
#3934 = AXIS2_PLACEMENT_3D('',#3935,#3936,#3937);
#3935 = CARTESIAN_POINT('',(-46.2,18.92198544763,18.173840175364));
#3936 = DIRECTION('',(0.,-0.866025403784,0.5));
#3937 = DIRECTION('',(1.,0.,0.));
#3938 = ORIENTED_EDGE('',*,*,#3922,.T.);
#3939 = ORIENTED_EDGE('',*,*,#3940,.T.);
#3940 = EDGE_CURVE('',#3925,#3941,#3943,.T.);
#3941 = VERTEX_POINT('',#3942);
#3942 = CARTESIAN_POINT('',(-48.45869972322,32.32976745521,
    14.244812973306));
#3943 = ELLIPSE('',#3944,5.97790619946,4.);
#3944 = AXIS2_PLACEMENT_3D('',#3945,#3946,#3947);
#3945 = CARTESIAN_POINT('',(-46.2,33.854347957365,9.552636660727));
#3946 = DIRECTION('',(9.89E-15,-0.951056516295,-0.309016994375));
#3947 = DIRECTION('',(-8.9E-15,-0.309016994375,0.951056516295));
#3948 = ORIENTED_EDGE('',*,*,#3949,.T.);
#3949 = EDGE_CURVE('',#3941,#3950,#3952,.T.);
#3950 = VERTEX_POINT('',#3951);
#3951 = CARTESIAN_POINT('',(-48.45869972322,26.374982470306,
    17.682809687309));
#3952 = LINE('',#3953,#3954);
#3953 = CARTESIAN_POINT('',(-48.45869972322,31.571134893017,
    14.682809687304));
#3954 = VECTOR('',#3955,1.);
#3955 = DIRECTION('',(0.,-0.866025403784,0.5));
#3956 = ORIENTED_EDGE('',*,*,#3957,.F.);
#3957 = EDGE_CURVE('',#3958,#3950,#3960,.T.);
#3958 = VERTEX_POINT('',#3959);
#3959 = CARTESIAN_POINT('',(-48.54972117333,22.012778170495,
    20.127250207041));
#3960 = B_SPLINE_CURVE_WITH_KNOTS('',4,(#3961,#3962,#3963,#3964,#3965),
  .UNSPECIFIED.,.F.,.F.,(5,5),(0.,1.),.PIECEWISE_BEZIER_KNOTS.);
#3961 = CARTESIAN_POINT('',(-48.54972117333,22.012778170457,
    20.127250207063));
#3962 = CARTESIAN_POINT('',(-48.52680755646,23.103622707925,
    19.516656219598));
#3963 = CARTESIAN_POINT('',(-48.50400766461,24.194263312108,
    18.905703397231));
#3964 = CARTESIAN_POINT('',(-48.4813084166,25.284713172851,
    18.294415191916));
#3965 = CARTESIAN_POINT('',(-48.45869972322,26.374982470307,
    17.682809687308));
#3966 = ORIENTED_EDGE('',*,*,#3967,.T.);
#3967 = EDGE_CURVE('',#3958,#3968,#3970,.T.);
#3968 = VERTEX_POINT('',#3969);
#3969 = CARTESIAN_POINT('',(-50.1971639441,20.318928561109,
    17.193416623205));
#3970 = CIRCLE('',#3971,4.);
#3971 = AXIS2_PLACEMENT_3D('',#3972,#3973,#3974);
#3972 = CARTESIAN_POINT('',(-46.2,20.394228634064,17.323840175363));
#3973 = DIRECTION('',(0.,-0.866025403784,0.5));
#3974 = DIRECTION('',(1.,0.,0.));
#3975 = ORIENTED_EDGE('',*,*,#3976,.F.);
#3976 = EDGE_CURVE('',#3977,#3968,#3979,.T.);
#3977 = VERTEX_POINT('',#3978);
#3978 = CARTESIAN_POINT('',(-50.1914227093,24.593450386031,
    14.597105602033));
#3979 = B_SPLINE_CURVE_WITH_KNOTS('',4,(#3980,#3981,#3982,#3983,#3984),
  .UNSPECIFIED.,.F.,.F.,(5,5),(0.,1.),.PIECEWISE_BEZIER_KNOTS.);
#3980 = CARTESIAN_POINT('',(-50.1914227093,24.593450386032,
    14.597105602031));
#3981 = CARTESIAN_POINT('',(-50.19321572333,23.524583125082,
    15.245780521271));
#3982 = CARTESIAN_POINT('',(-50.19477749431,22.455866163317,
    15.894711211673));
#3983 = CARTESIAN_POINT('',(-50.19609792976,21.387310070603,
    16.543915530067));
#3984 = CARTESIAN_POINT('',(-50.1971639441,20.318928561072,
    17.193416623228));
#3985 = ORIENTED_EDGE('',*,*,#3986,.F.);
#3986 = EDGE_CURVE('',#3872,#3977,#3987,.T.);
#3987 = LINE('',#3988,#3989);
#3988 = CARTESIAN_POINT('',(-50.1914227093,29.789602808743,
    11.597105602028));
#3989 = VECTOR('',#3990,1.);
#3990 = DIRECTION('',(0.,-0.866025403784,0.5));
#3991 = ORIENTED_EDGE('',*,*,#3871,.T.);
#3992 = ORIENTED_EDGE('',*,*,#1321,.T.);
#3993 = ORIENTED_EDGE('',*,*,#3994,.T.);
#3994 = EDGE_CURVE('',#1314,#3925,#3995,.T.);
#3995 = ELLIPSE('',#3996,5.97790619946,4.);
#3996 = AXIS2_PLACEMENT_3D('',#3997,#3998,#3999);
#3997 = CARTESIAN_POINT('',(-46.2,33.854347957365,9.552636660727));
#3998 = DIRECTION('',(9.89E-15,-0.951056516295,-0.309016994375));
#3999 = DIRECTION('',(-8.9E-15,-0.309016994375,0.951056516295));
#4000 = CYLINDRICAL_SURFACE('',#4001,4.);
#4001 = AXIS2_PLACEMENT_3D('',#4002,#4003,#4004);
#4002 = CARTESIAN_POINT('',(-46.2,18.748780366874,18.273840175364));
#4003 = DIRECTION('',(0.,-0.866025403784,0.5));
#4004 = DIRECTION('',(1.,0.,0.));
#4005 = ADVANCED_FACE('',(#4006),#4325,.T.);
#4006 = FACE_BOUND('',#4007,.T.);
#4007 = EDGE_LOOP('',(#4008,#4009,#4010,#4019,#4028,#4036,#4045,#4053,
    #4061,#4069,#4097,#4182,#4273,#4281,#4290,#4299,#4308,#4317,#4324));
#4008 = ORIENTED_EDGE('',*,*,#3994,.F.);
#4009 = ORIENTED_EDGE('',*,*,#1313,.T.);
#4010 = ORIENTED_EDGE('',*,*,#4011,.F.);
#4011 = EDGE_CURVE('',#4012,#1305,#4014,.T.);
#4012 = VERTEX_POINT('',#4013);
#4013 = CARTESIAN_POINT('',(48.336851500323,32.292754388941,
    14.358727478026));
#4014 = ELLIPSE('',#4015,5.97790619946,4.);
#4015 = AXIS2_PLACEMENT_3D('',#4016,#4017,#4018);
#4016 = CARTESIAN_POINT('',(46.2,33.854347957366,9.552636660726));
#4017 = DIRECTION('',(9.89E-15,-0.951056516295,-0.309016994375));
#4018 = DIRECTION('',(-8.9E-15,-0.309016994375,0.951056516295));
#4019 = ORIENTED_EDGE('',*,*,#4020,.T.);
#4020 = EDGE_CURVE('',#4012,#4021,#4023,.T.);
#4021 = VERTEX_POINT('',#4022);
#4022 = CARTESIAN_POINT('',(58.110200120386,31.186878772147,
    17.762262657996));
#4023 = ELLIPSE('',#4024,7.718333222778,5.163602449758);
#4024 = AXIS2_PLACEMENT_3D('',#4025,#4026,#4027);
#4025 = CARTESIAN_POINT('',(53.5,32.261128773142,14.456061115124));
#4026 = DIRECTION('',(0.,0.951056516295,0.309016994375));
#4027 = DIRECTION('',(2.3E-15,0.309016994375,-0.951056516295));
#4028 = ORIENTED_EDGE('',*,*,#4029,.T.);
#4029 = EDGE_CURVE('',#4021,#4030,#4032,.T.);
#4030 = VERTEX_POINT('',#4031);
#4031 = CARTESIAN_POINT('',(58.140348771933,30.827879975137,
    18.867147345417));
#4032 = LINE('',#4033,#4034);
#4033 = CARTESIAN_POINT('',(58.174501344908,30.42120398853,
    20.118767334364));
#4034 = VECTOR('',#4035,1.);
#4035 = DIRECTION('',(2.59424549622E-02,-0.30891299096,0.950736426696));
#4036 = ORIENTED_EDGE('',*,*,#4037,.T.);
#4037 = EDGE_CURVE('',#4030,#4038,#4040,.T.);
#4038 = VERTEX_POINT('',#4039);
#4039 = CARTESIAN_POINT('',(55.499236608248,29.56093707105,
    22.766396663867));
#4040 = ELLIPSE('',#4041,3.941366371439,2.639118537209);
#4041 = AXIS2_PLACEMENT_3D('',#4042,#4043,#4044);
#4042 = CARTESIAN_POINT('',(55.503204426186,30.778885142084,
    19.017937936511));
#4043 = DIRECTION('',(0.,-0.951056516295,-0.309016994375));
#4044 = DIRECTION('',(1.82493468819E-03,0.309016479802,-0.951054932601)
  );
#4045 = ORIENTED_EDGE('',*,*,#4046,.F.);
#4046 = EDGE_CURVE('',#4047,#4038,#4049,.T.);
#4047 = VERTEX_POINT('',#4048);
#4048 = CARTESIAN_POINT('',(-39.9656887748,29.56093707105,
    22.766396663867));
#4049 = LINE('',#4050,#4051);
#4050 = CARTESIAN_POINT('',(-45.375,29.56093707105,22.766396663867));
#4051 = VECTOR('',#4052,1.);
#4052 = DIRECTION('',(1.,0.,0.));
#4053 = ORIENTED_EDGE('',*,*,#4054,.T.);
#4054 = EDGE_CURVE('',#4047,#4055,#4057,.T.);
#4055 = VERTEX_POINT('',#4056);
#4056 = CARTESIAN_POINT('',(-55.50098726187,29.562834352523,
    22.769682851775));
#4057 = LINE('',#4058,#4059);
#4058 = CARTESIAN_POINT('',(-39.9656887748,29.56093707105,
    22.766396663867));
#4059 = VECTOR('',#4060,1.);
#4060 = DIRECTION('',(-1.,0.,0.));
#4061 = ORIENTED_EDGE('',*,*,#4062,.T.);
#4062 = EDGE_CURVE('',#4055,#4063,#4065,.T.);
#4063 = VERTEX_POINT('',#4064);
#4064 = CARTESIAN_POINT('',(-55.705275107,29.56093707105,22.766396663867
    ));
#4065 = LINE('',#4066,#4067);
#4066 = CARTESIAN_POINT('',(-39.9656887748,29.56093707105,
    22.766396663867));
#4067 = VECTOR('',#4068,1.);
#4068 = DIRECTION('',(-1.,0.,0.));
#4069 = ORIENTED_EDGE('',*,*,#4070,.T.);
#4070 = EDGE_CURVE('',#4063,#4071,#4073,.T.);
#4071 = VERTEX_POINT('',#4072);
#4072 = CARTESIAN_POINT('',(-56.68626123797,29.681283424066,
    22.396008674429));
#4073 = B_SPLINE_CURVE_WITH_KNOTS('',8,(#4074,#4075,#4076,#4077,#4078,
    #4079,#4080,#4081,#4082,#4083,#4084,#4085,#4086,#4087,#4088,#4089,
    #4090,#4091,#4092,#4093,#4094,#4095,#4096),.UNSPECIFIED.,.F.,.F.,(9,
    7,7,9),(0.,1.167598717404E-02,0.444142145752,1.),.UNSPECIFIED.);
#4074 = CARTESIAN_POINT('',(-55.70527510699,29.560937071049,
    22.766396663868));
#4075 = CARTESIAN_POINT('',(-55.70836096189,29.561043100016,
    22.766070340262));
#4076 = CARTESIAN_POINT('',(-55.71026991594,29.561110532577,
    22.76586280418));
#4077 = CARTESIAN_POINT('',(-55.71175027981,29.561162624353,
    22.765702482178));
#4078 = CARTESIAN_POINT('',(-55.71328057034,29.561217153411,
    22.765534658995));
#4079 = CARTESIAN_POINT('',(-55.7150974197,29.561281916739,
    22.765335337965));
#4080 = CARTESIAN_POINT('',(-55.71717631424,29.561357323901,
    22.765103258584));
#4081 = CARTESIAN_POINT('',(-55.71925842803,29.561433863105,
    22.764867695136));
#4082 = CARTESIAN_POINT('',(-55.7795905232,29.563665828348,
    22.757998412451));
#4083 = CARTESIAN_POINT('',(-55.83797778512,29.566493817071,
    22.749294758115));
#4084 = CARTESIAN_POINT('',(-55.8958797289,29.569961964818,
    22.738620896892));
#4085 = CARTESIAN_POINT('',(-55.9531862459,29.574050484072,
    22.72603772849));
#4086 = CARTESIAN_POINT('',(-56.0098025418,29.578735485004,
    22.711618778251));
#4087 = CARTESIAN_POINT('',(-56.06564801313,29.583990120405,
    22.695446673384));
#4088 = CARTESIAN_POINT('',(-56.12065512378,29.589785730628,
    22.677609619213));
#4089 = CARTESIAN_POINT('',(-56.24432106205,29.604199839829,
    22.633247552623));
#4090 = CARTESIAN_POINT('',(-56.31239709109,29.613151901988,
    22.60569593829));
#4091 = CARTESIAN_POINT('',(-56.37889537847,29.622888500819,
    22.57572976836));
#4092 = CARTESIAN_POINT('',(-56.4437488206,29.633348112178,
    22.543538394678));
#4093 = CARTESIAN_POINT('',(-56.50691833431,29.644470900316,
    22.509305972735));
#4094 = CARTESIAN_POINT('',(-56.56838812096,29.656200714266,
    22.473205317448));
#4095 = CARTESIAN_POINT('',(-56.62816206084,29.66848654224,
    22.435393426952));
#4096 = CARTESIAN_POINT('',(-56.68626123797,29.681283424067,
    22.396008674427));
#4097 = ORIENTED_EDGE('',*,*,#4098,.F.);
#4098 = EDGE_CURVE('',#4099,#4071,#4101,.T.);
#4099 = VERTEX_POINT('',#4100);
#4100 = CARTESIAN_POINT('',(-57.76551551351,30.302215379148,
    20.484976618565));
#4101 = B_SPLINE_CURVE_WITH_KNOTS('',4,(#4102,#4103,#4104,#4105,#4106,
    #4107,#4108,#4109,#4110,#4111,#4112,#4113,#4114,#4115,#4116,#4117,
    #4118,#4119,#4120,#4121,#4122,#4123,#4124,#4125,#4126,#4127,#4128,
    #4129,#4130,#4131,#4132,#4133,#4134,#4135,#4136,#4137,#4138,#4139,
    #4140,#4141,#4142,#4143,#4144,#4145,#4146,#4147,#4148,#4149,#4150,
    #4151,#4152,#4153,#4154,#4155,#4156,#4157,#4158,#4159,#4160,#4161,
    #4162,#4163,#4164,#4165,#4166,#4167,#4168,#4169,#4170,#4171,#4172,
    #4173,#4174,#4175,#4176,#4177,#4178,#4179,#4180,#4181),
  .UNSPECIFIED.,.F.,.F.,(5,3,3,3,3,3,3,3,3,3,3,3,3,3,3,3,3,3,3,3,3,3,3,3
    ,3,3,5),(0.,3.492976760634E-02,6.958099452078E-02,0.125552827433,
    0.181413116462,0.237571843162,0.294062769185,0.32790030397,
    0.361360336139,0.394971035197,0.428744155614,0.462825071185,
    0.496963971544,0.5313086675,0.565877248263,0.598515258113,
    0.631113153011,0.663961697439,0.697084662189,0.733603022672,
    0.769955173725,0.806744967394,0.844028430049,0.881873148999,
    0.920362060528,0.959598658661,1.),.UNSPECIFIED.);
#4102 = CARTESIAN_POINT('',(-57.76551551349,30.302215379149,
    20.484976618564));
#4103 = CARTESIAN_POINT('',(-57.76045105925,30.296389206477,
    20.502907734281));
#4104 = CARTESIAN_POINT('',(-57.75530161882,30.290567612716,
    20.520824757562));
#4105 = CARTESIAN_POINT('',(-57.7500667984,30.28475073872,
    20.538727254897));
#4106 = CARTESIAN_POINT('',(-57.73946794184,30.273173073018,
    20.574359646024));
#4107 = CARTESIAN_POINT('',(-57.73410526892,30.267412204028,
    20.592089777677));
#4108 = CARTESIAN_POINT('',(-57.72865770554,30.261656270036,
    20.609804720964));
#4109 = CARTESIAN_POINT('',(-57.71418746875,30.246616129396,
    20.656093514209));
#4110 = CARTESIAN_POINT('',(-57.70502748382,30.23734009912,
    20.68464219988));
#4111 = CARTESIAN_POINT('',(-57.6956422703,30.228078052407,
    20.713147848569));
#4112 = CARTESIAN_POINT('',(-57.67643476357,30.209601936213,
    20.770011487209));
#4113 = CARTESIAN_POINT('',(-57.66661337831,30.200387808416,
    20.79836965664));
#4114 = CARTESIAN_POINT('',(-57.65656191119,30.191189182309,
    20.826680116774));
#4115 = CARTESIAN_POINT('',(-57.6359373927,30.172775611652,
    20.883351260045));
#4116 = CARTESIAN_POINT('',(-57.62536186225,30.16356083878,
    20.911711414813));
#4117 = CARTESIAN_POINT('',(-57.61454724357,30.154363489289,
    20.940017945925));
#4118 = CARTESIAN_POINT('',(-57.59236594557,30.135951487409,
    20.996684261001));
#4119 = CARTESIAN_POINT('',(-57.58099642916,30.126737048254,
    21.025043388691));
#4120 = CARTESIAN_POINT('',(-57.56937666521,30.117542377493,
    21.053341675522));
#4121 = CARTESIAN_POINT('',(-57.55038945975,30.102873681834,
    21.098487278662));
#4122 = CARTESIAN_POINT('',(-57.54318713576,30.097385932351,
    21.115376834902));
#4123 = CARTESIAN_POINT('',(-57.5358945001,30.091905603599,
    21.132243552483));
#4124 = CARTESIAN_POINT('',(-57.5212089614,30.081021344866,
    21.165741856398));
#4125 = CARTESIAN_POINT('',(-57.51381810777,30.075617241515,
    21.182373976315));
#4126 = CARTESIAN_POINT('',(-57.5063370988,30.070220865506,
    21.19898231392));
#4127 = CARTESIAN_POINT('',(-57.49115878978,30.059419795741,
    21.232224588519));
#4128 = CARTESIAN_POINT('',(-57.48346066428,30.054015174337,
    21.248858302839));
#4129 = CARTESIAN_POINT('',(-57.47566967462,30.04861884573,
    21.265466494552));
#4130 = CARTESIAN_POINT('',(-57.45986178176,30.037817277038,
    21.298710304692));
#4131 = CARTESIAN_POINT('',(-57.45184394342,30.032412121809,
    21.315345661957));
#4132 = CARTESIAN_POINT('',(-57.44373026993,30.027015882763,
    21.33195357803));
#4133 = CARTESIAN_POINT('',(-57.42723429145,30.016192722231,
    21.36526384102));
#4134 = CARTESIAN_POINT('',(-57.41885021207,30.010765969429,
    21.38196566878));
#4135 = CARTESIAN_POINT('',(-57.41036636052,30.00534888999,
    21.398637724987));
#4136 = CARTESIAN_POINT('',(-57.39318215728,29.994525523704,
    21.431948621225));
#4137 = CARTESIAN_POINT('',(-57.38448146169,29.989119271026,
    21.448587356087));
#4138 = CARTESIAN_POINT('',(-57.37567829428,29.983723372895,
    21.465194222934));
#4139 = CARTESIAN_POINT('',(-57.35781079326,29.972920526348,
    21.498441965908));
#4140 = CARTESIAN_POINT('',(-57.34874520509,29.967513707548,
    21.515082443116));
#4141 = CARTESIAN_POINT('',(-57.33957333744,29.96211808282,
    21.531688468514));
#4142 = CARTESIAN_POINT('',(-57.3209537935,29.951314903357,
    21.564937236097));
#4143 = CARTESIAN_POINT('',(-57.31150470894,29.945907500308,
    21.581579511438));
#4144 = CARTESIAN_POINT('',(-57.30194515078,29.940512229751,
    21.598184446812));
#4145 = CARTESIAN_POINT('',(-57.28314220781,29.930047431108,
    21.630391785313));
#4146 = CARTESIAN_POINT('',(-57.27391101733,29.92497653791,
    21.64599838983));
#4147 = CARTESIAN_POINT('',(-57.26457880365,29.919917210241,
    21.661569399303));
#4148 = CARTESIAN_POINT('',(-57.24572127389,29.909828683662,
    21.69261869147));
#4149 = CARTESIAN_POINT('',(-57.23619620947,29.90479945553,
    21.708097064099));
#4150 = CARTESIAN_POINT('',(-57.22656772773,29.899782556222,
    21.723537492504));
#4151 = CARTESIAN_POINT('',(-57.20702627199,29.889735800151,
    21.754458228268));
#4152 = CARTESIAN_POINT('',(-57.19711167969,29.884706140565,
    21.769937928772));
#4153 = CARTESIAN_POINT('',(-57.18708920208,29.879689879326,
    21.785376393407));
#4154 = CARTESIAN_POINT('',(-57.16674075848,29.869643327861,
    21.816296499456));
#4155 = CARTESIAN_POINT('',(-57.15641295654,29.864613270759,
    21.831777423389));
#4156 = CARTESIAN_POINT('',(-57.1459723197,29.859597821996,
    21.847213387479));
#4157 = CARTESIAN_POINT('',(-57.12378001898,29.849084651211,
    21.879569600128));
#4158 = CARTESIAN_POINT('',(-57.11200425067,29.843590042603,
    21.896480266582));
#4159 = CARTESIAN_POINT('',(-57.10008766961,29.838114401989,
    21.913332555556));
#4160 = CARTESIAN_POINT('',(-57.07602277891,29.827227522285,
    21.946838925991));
#4161 = CARTESIAN_POINT('',(-57.06387574945,29.821816107415,
    21.963493548451));
#4162 = CARTESIAN_POINT('',(-57.05158437313,29.816425077629,
    21.980085432072));
#4163 = CARTESIAN_POINT('',(-57.02655823737,29.805620865158,
    22.013337378926));
#4164 = CARTESIAN_POINT('',(-57.01381992175,29.800208197694,
    22.029995856472));
#4165 = CARTESIAN_POINT('',(-57.00092866615,29.794818185447,
    22.046584608431));
#4166 = CARTESIAN_POINT('',(-56.97465974264,29.784013453405,
    22.07983815436));
#4167 = CARTESIAN_POINT('',(-56.96127786935,29.778599373281,
    22.096500979626));
#4168 = CARTESIAN_POINT('',(-56.94773327859,29.773210619704,
    22.113085857796));
#4169 = CARTESIAN_POINT('',(-56.92010623359,29.762405362338,
    22.146341020505));
#4170 = CARTESIAN_POINT('',(-56.90601875333,29.756989661335,
    22.163008834324));
#4171 = CARTESIAN_POINT('',(-56.89175735081,29.751602468449,
    22.179588909181));
#4172 = CARTESIAN_POINT('',(-56.86263425672,29.740796603945,
    22.21284594047));
#4173 = CARTESIAN_POINT('',(-56.84776648289,29.735378957509,
    22.229519741716));
#4174 = CARTESIAN_POINT('',(-56.83271187081,29.729993610851,
    22.246094134468));
#4175 = CARTESIAN_POINT('',(-56.80192545322,29.719186759567,
    22.279354202753));
#4176 = CARTESIAN_POINT('',(-56.78618615699,29.713766593602,
    22.296035758312));
#4177 = CARTESIAN_POINT('',(-56.77024504591,29.708383325138,
    22.31260375504));
#4178 = CARTESIAN_POINT('',(-56.73747126742,29.69753592234,
    22.345988628052));
#4179 = CARTESIAN_POINT('',(-56.72062618366,29.692074134907,
    22.362798281321));
#4180 = CARTESIAN_POINT('',(-56.70355791799,29.686655754172,
    22.379474342506));
#4181 = CARTESIAN_POINT('',(-56.68626151043,29.681283288471,
    22.396009091747));
#4182 = ORIENTED_EDGE('',*,*,#4183,.T.);
#4183 = EDGE_CURVE('',#4099,#4184,#4186,.T.);
#4184 = VERTEX_POINT('',#4185);
#4185 = CARTESIAN_POINT('',(-57.97650449538,30.829435789362,
    18.862359041588));
#4186 = B_SPLINE_CURVE_WITH_KNOTS('',8,(#4187,#4188,#4189,#4190,#4191,
    #4192,#4193,#4194,#4195,#4196,#4197,#4198,#4199,#4200,#4201,#4202,
    #4203,#4204,#4205,#4206,#4207,#4208,#4209,#4210,#4211,#4212,#4213,
    #4214,#4215,#4216,#4217,#4218,#4219,#4220,#4221,#4222,#4223,#4224,
    #4225,#4226,#4227,#4228,#4229,#4230,#4231,#4232,#4233,#4234,#4235,
    #4236,#4237,#4238,#4239,#4240,#4241,#4242,#4243,#4244,#4245,#4246,
    #4247,#4248,#4249,#4250,#4251,#4252,#4253,#4254,#4255,#4256,#4257,
    #4258,#4259,#4260,#4261,#4262,#4263,#4264,#4265,#4266,#4267,#4268,
    #4269,#4270,#4271,#4272),.UNSPECIFIED.,.F.,.F.,(9,7,7,7,7,7,7,7,7,7,
    7,7,9),(0.,0.131706902494,0.197633060116,0.26597544334,
    0.372197327046,0.426584121845,0.529417091568,0.729428191868,
    0.830342696494,0.880617242504,0.930680624655,0.965229286176,1.),
  .UNSPECIFIED.);
#4187 = CARTESIAN_POINT('',(-57.75584848241,30.291231197266,
    20.518782454314));
#4188 = CARTESIAN_POINT('',(-57.76360515025,30.299937284145,
    20.491987874053));
#4189 = CARTESIAN_POINT('',(-57.7711987262,30.308652995668,
    20.465163672185));
#4190 = CARTESIAN_POINT('',(-57.77862934552,30.31737817592,
    20.438310328565));
#4191 = CARTESIAN_POINT('',(-57.78589853391,30.326112407099,
    20.411429129056));
#4192 = CARTESIAN_POINT('',(-57.79300732261,30.334855309587,20.384521242
    ));
#4193 = CARTESIAN_POINT('',(-57.79995561988,30.343606656823,
    20.357587364685));
#4194 = CARTESIAN_POINT('',(-57.80674283888,30.352366304966,
    20.330627939804));
#4195 = CARTESIAN_POINT('',(-57.81668691195,30.36552259358,
    20.290137046925));
#4196 = CARTESIAN_POINT('',(-57.81996383818,30.369913253641,
    20.276623984739));
#4197 = CARTESIAN_POINT('',(-57.82320059971,30.374305885995,
    20.263104852458));
#4198 = CARTESIAN_POINT('',(-57.82639722789,30.378700459496,
    20.24957974594));
#4199 = CARTESIAN_POINT('',(-57.82955374646,30.383096943407,
    20.236048759786));
#4200 = CARTESIAN_POINT('',(-57.83267017157,30.387495307399,
    20.222511987339));
#4201 = CARTESIAN_POINT('',(-57.83574651176,30.391895521552,
    20.208969520679));
#4202 = CARTESIAN_POINT('',(-57.84193030449,30.400860927867,
    20.181376837259));
#4203 = CARTESIAN_POINT('',(-57.84503458188,30.405426262267,
    20.167326182735));
#4204 = CARTESIAN_POINT('',(-57.84809658697,30.409993492389,
    20.153269693777));
#4205 = CARTESIAN_POINT('',(-57.85111425763,30.414562661467,
    20.139207237326));
#4206 = CARTESIAN_POINT('',(-57.85408933971,30.419133668218,
    20.125139125102));
#4207 = CARTESIAN_POINT('',(-57.85702261704,30.423706451316,
    20.111065545841));
#4208 = CARTESIAN_POINT('',(-57.85991064687,30.428281112406,
    20.096986186717));
#4209 = CARTESIAN_POINT('',(-57.8671813152,30.439970340259,
    20.061010442591));
#4210 = CARTESIAN_POINT('',(-57.87150650183,30.4470872483,
    20.039106851877));
#4211 = CARTESIAN_POINT('',(-57.87573260794,30.454208093859,
    20.017191142729));
#4212 = CARTESIAN_POINT('',(-57.87985952727,30.461332770252,
    19.995263643488));
#4213 = CARTESIAN_POINT('',(-57.88388713251,30.468461171138,
    19.973324681434));
#4214 = CARTESIAN_POINT('',(-57.88781527525,30.475593190523,
    19.951374582788));
#4215 = CARTESIAN_POINT('',(-57.891643786,30.482728722755,
    19.929413672707));
#4216 = CARTESIAN_POINT('',(-57.89728160431,30.493522879694,
    19.896192673597));
#4217 = CARTESIAN_POINT('',(-57.8991645728,30.497178989901,
    19.884940323406));
#4218 = CARTESIAN_POINT('',(-57.90102134291,30.500835979313,
    19.873685267295));
#4219 = CARTESIAN_POINT('',(-57.90285188054,30.504493833968,
    19.862427548241));
#4220 = CARTESIAN_POINT('',(-57.90465615423,30.508152539776,
    19.851167209611));
#4221 = CARTESIAN_POINT('',(-57.9064341351,30.511812082515,
    19.839904295167));
#4222 = CARTESIAN_POINT('',(-57.90818579693,30.515472447841,
    19.828638849065));
#4223 = CARTESIAN_POINT('',(-57.91317329945,30.526056061521,
    19.796065835478));
#4224 = CARTESIAN_POINT('',(-57.91634132703,30.532981389881,
    19.774751866396));
#4225 = CARTESIAN_POINT('',(-57.91941507428,30.539909507649,
    19.753429312396));
#4226 = CARTESIAN_POINT('',(-57.92239440711,30.546840315709,
    19.732098478531));
#4227 = CARTESIAN_POINT('',(-57.92527918203,30.553773714531,
    19.710759671119));
#4228 = CARTESIAN_POINT('',(-57.92806924604,30.560709604177,
    19.68941319774));
#4229 = CARTESIAN_POINT('',(-57.93076443673,30.567647884296,
    19.668059367241));
#4230 = CARTESIAN_POINT('',(-57.93842188976,30.5880879282,
    19.605151380619));
#4231 = CARTESIAN_POINT('',(-57.94311945801,30.601596143089,
    19.56357737004));
#4232 = CARTESIAN_POINT('',(-57.94745812743,30.61511219391,
    19.52197924294));
#4233 = CARTESIAN_POINT('',(-57.95143455483,30.628635471687,
    19.480358873556));
#4234 = CARTESIAN_POINT('',(-57.95506511455,30.642164679375,
    19.438720253785));
#4235 = CARTESIAN_POINT('',(-57.9583221363,30.655699787818,
    19.397063473356));
#4236 = CARTESIAN_POINT('',(-57.96123931407,30.669239328879,
    19.355393050731));
#4237 = CARTESIAN_POINT('',(-57.965119209,30.689615774286,
    19.292680800155));
#4238 = CARTESIAN_POINT('',(-57.96633435409,30.696449899522,
    19.271647525427));
#4239 = CARTESIAN_POINT('',(-57.96746509595,30.70328485876,
    19.250611683902));
#4240 = CARTESIAN_POINT('',(-57.96851297321,30.710120543629,
    19.229573609116));
#4241 = CARTESIAN_POINT('',(-57.96947950021,30.716956848385,
    19.208533626512));
#4242 = CARTESIAN_POINT('',(-57.97036616704,30.723793669916,
    19.187492053441));
#4243 = CARTESIAN_POINT('',(-57.97117443949,30.730630907736,
    19.166449199162));
#4244 = CARTESIAN_POINT('',(-57.97227009487,30.740874862685,
    19.134921547661));
#4245 = CARTESIAN_POINT('',(-57.97261557366,30.744281338771,
    19.124437492289));
#4246 = CARTESIAN_POINT('',(-57.97294181778,30.747687883012,
    19.11395322716));
#4247 = CARTESIAN_POINT('',(-57.97324919064,30.751094482391,
    19.103468792333));
#4248 = CARTESIAN_POINT('',(-57.97353845205,30.754501121823,
    19.092984234238));
#4249 = CARTESIAN_POINT('',(-57.97381041355,30.757907785856,
    19.082499600427));
#4250 = CARTESIAN_POINT('',(-57.97406559375,30.761314460381,
    19.072014934325));
#4251 = CARTESIAN_POINT('',(-57.97454115275,30.768113499525,
    19.051089643483));
#4252 = CARTESIAN_POINT('',(-57.97476176913,30.771505864025,
    19.040649019107));
#4253 = CARTESIAN_POINT('',(-57.97496607219,30.774898217207,
    19.030208429568));
#4254 = CARTESIAN_POINT('',(-57.97515442544,30.778290547584,
    19.019767910214));
#4255 = CARTESIAN_POINT('',(-57.97532720652,30.781682842815,
    19.009327499029));
#4256 = CARTESIAN_POINT('',(-57.97548480718,30.7850750897,
    18.998887236637));
#4257 = CARTESIAN_POINT('',(-57.97562763329,30.788467274183,
    18.988447166298));
#4258 = CARTESIAN_POINT('',(-57.97584476285,30.794200269188,
    18.970802821953));
#4259 = CARTESIAN_POINT('',(-57.97592692263,30.79654128821,
    18.963597906248));
#4260 = CARTESIAN_POINT('',(-57.97600278087,30.798882628369,
    18.956392002185));
#4261 = CARTESIAN_POINT('',(-57.9760718627,30.801224065992,
    18.94918579816));
#4262 = CARTESIAN_POINT('',(-57.97613430591,30.803565636208,
    18.941979186055));
#4263 = CARTESIAN_POINT('',(-57.97619040965,30.805907428422,
    18.934771890711));
#4264 = CARTESIAN_POINT('',(-57.97624003444,30.808249299716,
    18.927564351981));
#4265 = CARTESIAN_POINT('',(-57.97632712517,30.812948355006,
    18.913102146875));
#4266 = CARTESIAN_POINT('',(-57.97636448116,30.81530552803,
    18.905847514266));
#4267 = CARTESIAN_POINT('',(-57.97639565648,30.817662809127,
    18.898592549041));
#4268 = CARTESIAN_POINT('',(-57.97642080599,30.820020188283,
    18.891337282022));
#4269 = CARTESIAN_POINT('',(-57.97644009121,30.82237765648,
    18.884081740962));
#4270 = CARTESIAN_POINT('',(-57.97645368032,30.824735205698,
    18.876825950547));
#4271 = CARTESIAN_POINT('',(-57.97646174817,30.827092828911,
    18.869569932398));
#4272 = CARTESIAN_POINT('',(-57.97646447627,30.829450520091,
    18.862313705065));
#4273 = ORIENTED_EDGE('',*,*,#4274,.F.);
#4274 = EDGE_CURVE('',#4275,#4184,#4277,.T.);
#4275 = VERTEX_POINT('',#4276);
#4276 = CARTESIAN_POINT('',(-57.97650449538,31.129378656732,
    17.917665441496));
#4277 = LINE('',#4278,#4279);
#4278 = CARTESIAN_POINT('',(-57.97650449538,32.225512345131,
    14.565677209262));
#4279 = VECTOR('',#4280,1.);
#4280 = DIRECTION('',(-7.199E-14,-0.309016994375,0.951056516295));
#4281 = ORIENTED_EDGE('',*,*,#4282,.F.);
#4282 = EDGE_CURVE('',#4283,#4275,#4285,.T.);
#4283 = VERTEX_POINT('',#4284);
#4284 = CARTESIAN_POINT('',(-56.38506237811,30.302215379148,
    20.484976618565));
#4285 = ELLIPSE('',#4286,7.543270750775,5.047433331394);
#4286 = AXIS2_PLACEMENT_3D('',#4287,#4288,#4289);
#4287 = CARTESIAN_POINT('',(-53.5,32.214891744172,14.59836405799));
#4288 = DIRECTION('',(9.89E-15,-0.951056516295,-0.309016994375));
#4289 = DIRECTION('',(-8.91E-15,-0.309016994375,0.951056516295));
#4290 = ORIENTED_EDGE('',*,*,#4291,.T.);
#4291 = EDGE_CURVE('',#4283,#4292,#4294,.T.);
#4292 = VERTEX_POINT('',#4293);
#4293 = CARTESIAN_POINT('',(-50.61493762188,30.302215379148,
    20.484976618566));
#4294 = ELLIPSE('',#4295,7.543270750775,5.047433331394);
#4295 = AXIS2_PLACEMENT_3D('',#4296,#4297,#4298);
#4296 = CARTESIAN_POINT('',(-53.5,32.214891744172,14.59836405799));
#4297 = DIRECTION('',(-0.,0.951056516295,0.309016994375));
#4298 = DIRECTION('',(0.,-0.309016994375,0.951056516295));
#4299 = ORIENTED_EDGE('',*,*,#4300,.F.);
#4300 = EDGE_CURVE('',#4301,#4292,#4303,.T.);
#4301 = VERTEX_POINT('',#4302);
#4302 = CARTESIAN_POINT('',(-49.02817789309,31.133862142419,
    17.925431066502));
#4303 = ELLIPSE('',#4304,7.543270750775,5.047433331394);
#4304 = AXIS2_PLACEMENT_3D('',#4305,#4306,#4307);
#4305 = CARTESIAN_POINT('',(-53.5,32.214891744172,14.59836405799));
#4306 = DIRECTION('',(9.89E-15,-0.951056516295,-0.309016994375));
#4307 = DIRECTION('',(-8.91E-15,-0.309016994375,0.951056516295));
#4308 = ORIENTED_EDGE('',*,*,#4309,.F.);
#4309 = EDGE_CURVE('',#4310,#4301,#4312,.T.);
#4310 = VERTEX_POINT('',#4311);
#4311 = CARTESIAN_POINT('',(-48.48153594791,31.96550890569,
    15.365885514438));
#4312 = ELLIPSE('',#4313,7.543270750775,5.047433331394);
#4313 = AXIS2_PLACEMENT_3D('',#4314,#4315,#4316);
#4314 = CARTESIAN_POINT('',(-53.5,32.214891744172,14.59836405799));
#4315 = DIRECTION('',(9.89E-15,-0.951056516295,-0.309016994375));
#4316 = DIRECTION('',(-8.91E-15,-0.309016994375,0.951056516295));
#4317 = ORIENTED_EDGE('',*,*,#4318,.F.);
#4318 = EDGE_CURVE('',#3941,#4310,#4319,.T.);
#4319 = ELLIPSE('',#4320,7.543270750775,5.047433331394);
#4320 = AXIS2_PLACEMENT_3D('',#4321,#4322,#4323);
#4321 = CARTESIAN_POINT('',(-53.5,32.214891744172,14.59836405799));
#4322 = DIRECTION('',(9.89E-15,-0.951056516295,-0.309016994375));
#4323 = DIRECTION('',(-8.91E-15,-0.309016994375,0.951056516295));
#4324 = ORIENTED_EDGE('',*,*,#3940,.F.);
#4325 = PLANE('',#4326);
#4326 = AXIS2_PLACEMENT_3D('',#4327,#4328,#4329);
#4327 = CARTESIAN_POINT('',(2.634245917415,33.77459718341,9.798084304805
    ));
#4328 = DIRECTION('',(9.89E-15,-0.951056516295,-0.309016994375));
#4329 = DIRECTION('',(0.,0.309016994375,-0.951056516295));
#4330 = ADVANCED_FACE('',(#4331),#4398,.T.);
#4331 = FACE_BOUND('',#4332,.T.);
#4332 = EDGE_LOOP('',(#4333,#4343,#4350,#4351,#4360,#4369,#4370,#4371,
    #4380,#4391));
#4333 = ORIENTED_EDGE('',*,*,#4334,.F.);
#4334 = EDGE_CURVE('',#4335,#4337,#4339,.T.);
#4335 = VERTEX_POINT('',#4336);
#4336 = CARTESIAN_POINT('',(50.2,18.92198544763,18.173840175364));
#4337 = VERTEX_POINT('',#4338);
#4338 = CARTESIAN_POINT('',(50.2,20.394228634064,17.323840175363));
#4339 = LINE('',#4340,#4341);
#4340 = CARTESIAN_POINT('',(50.2,18.748780366874,18.273840175364));
#4341 = VECTOR('',#4342,1.);
#4342 = DIRECTION('',(0.,0.866025403784,-0.5));
#4343 = ORIENTED_EDGE('',*,*,#4344,.F.);
#4344 = EDGE_CURVE('',#4335,#4335,#4345,.T.);
#4345 = CIRCLE('',#4346,4.);
#4346 = AXIS2_PLACEMENT_3D('',#4347,#4348,#4349);
#4347 = CARTESIAN_POINT('',(46.2,18.92198544763,18.173840175364));
#4348 = DIRECTION('',(0.,-0.866025403784,0.5));
#4349 = DIRECTION('',(1.,0.,0.));
#4350 = ORIENTED_EDGE('',*,*,#4334,.T.);
#4351 = ORIENTED_EDGE('',*,*,#4352,.T.);
#4352 = EDGE_CURVE('',#4337,#4353,#4355,.T.);
#4353 = VERTEX_POINT('',#4354);
#4354 = CARTESIAN_POINT('',(48.549721173332,22.012778170495,
    20.127250207041));
#4355 = CIRCLE('',#4356,4.);
#4356 = AXIS2_PLACEMENT_3D('',#4357,#4358,#4359);
#4357 = CARTESIAN_POINT('',(46.2,20.394228634064,17.323840175363));
#4358 = DIRECTION('',(0.,-0.866025403784,0.5));
#4359 = DIRECTION('',(1.,0.,0.));
#4360 = ORIENTED_EDGE('',*,*,#4361,.F.);
#4361 = EDGE_CURVE('',#4012,#4353,#4362,.T.);
#4362 = B_SPLINE_CURVE_WITH_KNOTS('',5,(#4363,#4364,#4365,#4366,#4367,
    #4368),.UNSPECIFIED.,.F.,.F.,(6,6),(0.,1.),
  .PIECEWISE_BEZIER_KNOTS.);
#4363 = CARTESIAN_POINT('',(48.235657811496,37.261503372142,
    11.561458440108));
#4364 = CARTESIAN_POINT('',(48.297464858822,34.214082292798,
    13.278694737185));
#4365 = CARTESIAN_POINT('',(48.359652929363,31.165622256919,
    14.994110271401));
#4366 = CARTESIAN_POINT('',(48.422323266588,28.11602085039,
    16.707523733597));
#4367 = CARTESIAN_POINT('',(48.485604951724,25.065147882253,
    18.41870372814));
#4368 = CARTESIAN_POINT('',(48.549721173333,22.012778170457,
    20.127250207063));
#4369 = ORIENTED_EDGE('',*,*,#4011,.T.);
#4370 = ORIENTED_EDGE('',*,*,#1304,.T.);
#4371 = ORIENTED_EDGE('',*,*,#4372,.T.);
#4372 = EDGE_CURVE('',#1297,#4373,#4375,.T.);
#4373 = VERTEX_POINT('',#4374);
#4374 = CARTESIAN_POINT('',(50.169072025885,34.083619990145,
    8.847009899908));
#4375 = ELLIPSE('',#4376,5.97790619946,4.);
#4376 = AXIS2_PLACEMENT_3D('',#4377,#4378,#4379);
#4377 = CARTESIAN_POINT('',(46.2,33.854347957366,9.552636660726));
#4378 = DIRECTION('',(9.89E-15,-0.951056516295,-0.309016994375));
#4379 = DIRECTION('',(-8.9E-15,-0.309016994375,0.951056516295));
#4380 = ORIENTED_EDGE('',*,*,#4381,.F.);
#4381 = EDGE_CURVE('',#4382,#4373,#4384,.T.);
#4382 = VERTEX_POINT('',#4383);
#4383 = CARTESIAN_POINT('',(50.197163944105,20.318928561109,
    17.193416623205));
#4384 = B_SPLINE_CURVE_WITH_KNOTS('',5,(#4385,#4386,#4387,#4388,#4389,
    #4390),.UNSPECIFIED.,.F.,.F.,(6,6),(0.,1.),
  .PIECEWISE_BEZIER_KNOTS.);
#4385 = CARTESIAN_POINT('',(50.197163944105,20.318928561072,
    17.193416623228));
#4386 = CARTESIAN_POINT('',(50.194181053526,23.308442876198,
    15.376001403691));
#4387 = CARTESIAN_POINT('',(50.189330861827,26.299238393201,
    13.560764211712));
#4388 = CARTESIAN_POINT('',(50.182836629278,29.291081270039,
    11.747310040421));
#4389 = CARTESIAN_POINT('',(50.174827481038,32.283836216409,
    9.93541046183));
#4390 = CARTESIAN_POINT('',(50.1654046876,35.277397429106,8.124886139172
    ));
#4391 = ORIENTED_EDGE('',*,*,#4392,.T.);
#4392 = EDGE_CURVE('',#4382,#4337,#4393,.T.);
#4393 = CIRCLE('',#4394,4.);
#4394 = AXIS2_PLACEMENT_3D('',#4395,#4396,#4397);
#4395 = CARTESIAN_POINT('',(46.2,20.394228634064,17.323840175363));
#4396 = DIRECTION('',(0.,-0.866025403784,0.5));
#4397 = DIRECTION('',(1.,0.,0.));
#4398 = CYLINDRICAL_SURFACE('',#4399,4.);
#4399 = AXIS2_PLACEMENT_3D('',#4400,#4401,#4402);
#4400 = CARTESIAN_POINT('',(46.2,18.748780366874,18.273840175364));
#4401 = DIRECTION('',(0.,-0.866025403784,0.5));
#4402 = DIRECTION('',(1.,0.,0.));
#4403 = ADVANCED_FACE('',(#4404),#4416,.T.);
#4404 = FACE_BOUND('',#4405,.T.);
#4405 = EDGE_LOOP('',(#4406,#4407,#4408,#4409));
#4406 = ORIENTED_EDGE('',*,*,#4372,.F.);
#4407 = ORIENTED_EDGE('',*,*,#1296,.T.);
#4408 = ORIENTED_EDGE('',*,*,#3495,.T.);
#4409 = ORIENTED_EDGE('',*,*,#4410,.T.);
#4410 = EDGE_CURVE('',#3496,#4373,#4411,.T.);
#4411 = ELLIPSE('',#4412,7.718333222778,5.163602449758);
#4412 = AXIS2_PLACEMENT_3D('',#4413,#4414,#4415);
#4413 = CARTESIAN_POINT('',(53.5,32.261128773142,14.456061115124));
#4414 = DIRECTION('',(0.,0.951056516295,0.309016994375));
#4415 = DIRECTION('',(2.3E-15,0.309016994375,-0.951056516295));
#4416 = PLANE('',#4417);
#4417 = AXIS2_PLACEMENT_3D('',#4418,#4419,#4420);
#4418 = CARTESIAN_POINT('',(2.634245917415,33.77459718341,9.798084304805
    ));
#4419 = DIRECTION('',(9.89E-15,-0.951056516295,-0.309016994375));
#4420 = DIRECTION('',(0.,0.309016994375,-0.951056516295));
#4421 = ADVANCED_FACE('',(#4422),#4434,.F.);
#4422 = FACE_BOUND('',#4423,.F.);
#4423 = EDGE_LOOP('',(#4424,#4425,#4432,#4433));
#4424 = ORIENTED_EDGE('',*,*,#1547,.F.);
#4425 = ORIENTED_EDGE('',*,*,#4426,.T.);
#4426 = EDGE_CURVE('',#1548,#3469,#4427,.T.);
#4427 = CIRCLE('',#4428,1.);
#4428 = AXIS2_PLACEMENT_3D('',#4429,#4430,#4431);
#4429 = CARTESIAN_POINT('',(57.212697220143,36.567906617074,
    -12.66252781279));
#4430 = DIRECTION('',(4.E-17,0.5,0.866025403784));
#4431 = DIRECTION('',(3.08148791102E-33,0.866025403784,-0.5));
#4432 = ORIENTED_EDGE('',*,*,#3476,.F.);
#4433 = ORIENTED_EDGE('',*,*,#1521,.F.);
#4434 = B_SPLINE_SURFACE_WITH_KNOTS('',3,3,(
    (#4435,#4436,#4437,#4438)
    ,(#4439,#4440,#4441,#4442)
    ,(#4443,#4444,#4445,#4446)
    ,(#4447,#4448,#4449,#4450)
    ,(#4451,#4452,#4453,#4454
  )),.UNSPECIFIED.,.F.,.F.,.F.,(4,1,4),(4,4),(0.,0.571428571429,1.),(
    -0.506145483078,-1.06E-15),.UNSPECIFIED.);
#4435 = CARTESIAN_POINT('',(56.204997324976,36.307443592808,
    -13.07195934512));
#4436 = CARTESIAN_POINT('',(56.213594297852,36.452060711973,
    -12.98506461338));
#4437 = CARTESIAN_POINT('',(56.218175324774,36.57407334117,
    -12.86090365987));
#4438 = CARTESIAN_POINT('',(56.218175324774,36.658430921683,
    -12.71479204442));
#4439 = CARTESIAN_POINT('',(56.230723296939,36.450829922514,
    -13.31313948335));
#4440 = CARTESIAN_POINT('',(56.241659543671,36.635547373393,
    -13.20021165556));
#4441 = CARTESIAN_POINT('',(56.247365178312,36.790823729515,
    -13.04092678454));
#4442 = CARTESIAN_POINT('',(56.247365178312,36.898946012554,
    -12.85365349688));
#4443 = CARTESIAN_POINT('',(56.495430515617,36.679549738089,
    -13.71998211804));
#4444 = CARTESIAN_POINT('',(56.507552668691,36.933767383539,
    -13.56245126671));
#4445 = CARTESIAN_POINT('',(56.513985040089,37.147543383561,
    -13.34157503859));
#4446 = CARTESIAN_POINT('',(56.513985040089,37.296670265896,
    -13.08327970161));
#4447 = CARTESIAN_POINT('',(56.988472197069,36.741175353944,
    -13.87132368651));
#4448 = CARTESIAN_POINT('',(56.99811912452,37.026708159959,
    -13.69762490487));
#4449 = CARTESIAN_POINT('',(57.003257709903,37.267022119718,
    -13.45162424185));
#4450 = CARTESIAN_POINT('',(57.003257709903,37.433932020859,
    -13.16252781279));
#4451 = CARTESIAN_POINT('',(57.199519220344,36.73195736311,
    -13.87686241419));
#4452 = CARTESIAN_POINT('',(57.20811619322,37.021191601439,
    -13.70307295071));
#4453 = CARTESIAN_POINT('',(57.212697220143,37.265216859833,
    -13.45475104369));
#4454 = CARTESIAN_POINT('',(57.212697220143,37.433932020859,
    -13.16252781279));
#4455 = ADVANCED_FACE('',(#4456),#4476,.F.);
#4456 = FACE_BOUND('',#4457,.F.);
#4457 = EDGE_LOOP('',(#4458,#4467,#4474,#4475));
#4458 = ORIENTED_EDGE('',*,*,#4459,.F.);
#4459 = EDGE_CURVE('',#4460,#1581,#4462,.T.);
#4460 = VERTEX_POINT('',#4461);
#4461 = CARTESIAN_POINT('',(59.416237428476,36.598130467798,
    -12.67997756114));
#4462 = ELLIPSE('',#4463,1.000609544299,1.);
#4463 = AXIS2_PLACEMENT_3D('',#4464,#4465,#4466);
#4464 = CARTESIAN_POINT('',(59.451158197968,35.732105064014,
    -12.17997756114));
#4465 = DIRECTION('',(-0.999390827019,-3.022385072366E-02,
    1.744974835125E-02));
#4466 = DIRECTION('',(-3.489949670251E-02,0.865497844508,-0.49969541351)
  );
#4467 = ORIENTED_EDGE('',*,*,#4468,.T.);
#4468 = EDGE_CURVE('',#4460,#1538,#4469,.T.);
#4469 = CIRCLE('',#4470,1.);
#4470 = AXIS2_PLACEMENT_3D('',#4471,#4472,#4473);
#4471 = CARTESIAN_POINT('',(58.416846601457,36.567906617074,
    -12.66252781279));
#4472 = DIRECTION('',(2.480654570647E-16,0.5,0.866025403784));
#4473 = DIRECTION('',(0.999390827019,3.022385072366E-02,
    -1.744974835126E-02));
#4474 = ORIENTED_EDGE('',*,*,#1537,.F.);
#4475 = ORIENTED_EDGE('',*,*,#1580,.F.);
#4476 = B_SPLINE_SURFACE_WITH_KNOTS('',3,3,(
    (#4477,#4478,#4479,#4480)
    ,(#4481,#4482,#4483,#4484)
    ,(#4485,#4486,#4487,#4488)
    ,(#4489,#4490,#4491,#4492)
    ,(#4493,#4494,#4495,#4496
  )),.UNSPECIFIED.,.F.,.F.,.F.,(4,1,4),(4,4),(0.,0.571428571429,1.),(
    1.414E-14,0.506145483078),.UNSPECIFIED.);
#4477 = CARTESIAN_POINT('',(59.416237428476,36.598130467798,
    -12.67997756114));
#4478 = CARTESIAN_POINT('',(59.416237428476,36.513772887285,
    -12.82608917659));
#4479 = CARTESIAN_POINT('',(59.41775946976,36.391760258088,
    -12.9502501301));
#4480 = CARTESIAN_POINT('',(59.420615804782,36.247143138924,
    -13.03714486184));
#4481 = CARTESIAN_POINT('',(59.406027565814,36.851332231777,
    -12.82616366773));
#4482 = CARTESIAN_POINT('',(59.406027565814,36.74218297275,
    -13.01521572998));
#4483 = CARTESIAN_POINT('',(59.407959760244,36.584983958621,
    -13.17561430175));
#4484 = CARTESIAN_POINT('',(59.41166188654,36.398046900172,
    -13.28858522163));
#4485 = CARTESIAN_POINT('',(59.148904720294,37.282734155099,
    -13.07523368429));
#4486 = CARTESIAN_POINT('',(59.148904720294,37.130931813734,
    -13.33816305224));
#4487 = CARTESIAN_POINT('',(59.151118865328,36.911951621196,
    -13.56216830209));
#4488 = CARTESIAN_POINT('',(59.155269271763,36.652155215062,
    -13.71992041202));
#4489 = CARTESIAN_POINT('',(58.636259421708,37.433932020859,
    -13.16252781279));
#4490 = CARTESIAN_POINT('',(58.636259421708,37.265800679095,
    -13.45373983907));
#4491 = CARTESIAN_POINT('',(58.637989936678,37.023188861831,
    -13.70113322552));
#4492 = CARTESIAN_POINT('',(58.641231707366,36.735150051953,
    -13.8749440532));
#4493 = CARTESIAN_POINT('',(58.416846601457,37.433932020859,
    -13.16252781279));
#4494 = CARTESIAN_POINT('',(58.416846601457,37.265216859833,
    -13.45475104369));
#4495 = CARTESIAN_POINT('',(58.418368642741,37.021191601439,
    -13.70307295071));
#4496 = CARTESIAN_POINT('',(58.421224977763,36.73195736311,
    -13.87686241419));
#4497 = ADVANCED_FACE('',(#4498),#4514,.T.);
#4498 = FACE_BOUND('',#4499,.T.);
#4499 = EDGE_LOOP('',(#4500,#4506,#4507,#4513));
#4500 = ORIENTED_EDGE('',*,*,#4501,.F.);
#4501 = EDGE_CURVE('',#1538,#3055,#4502,.T.);
#4502 = LINE('',#4503,#4504);
#4503 = CARTESIAN_POINT('',(58.416846601457,42.962490747593,
    -3.586783205461));
#4504 = VECTOR('',#4505,1.);
#4505 = DIRECTION('',(0.,0.5,0.866025403784));
#4506 = ORIENTED_EDGE('',*,*,#1556,.F.);
#4507 = ORIENTED_EDGE('',*,*,#4508,.F.);
#4508 = EDGE_CURVE('',#3064,#1548,#4509,.T.);
#4509 = LINE('',#4510,#4511);
#4510 = CARTESIAN_POINT('',(57.212697220143,34.962490747593,
    -17.44318966601));
#4511 = VECTOR('',#4512,1.);
#4512 = DIRECTION('',(1.E-17,-0.5,-0.866025403784));
#4513 = ORIENTED_EDGE('',*,*,#3063,.F.);
#4514 = PLANE('',#4515);
#4515 = AXIS2_PLACEMENT_3D('',#4516,#4517,#4518);
#4516 = CARTESIAN_POINT('',(0.,33.774990747593,-19.5));
#4517 = DIRECTION('',(0.,0.866025403784,-0.5));
#4518 = DIRECTION('',(-1.,0.,0.));
#4519 = ADVANCED_FACE('',(#4520),#4553,.T.);
#4520 = FACE_BOUND('',#4521,.T.);
#4521 = EDGE_LOOP('',(#4522,#4523,#4524,#4532,#4539,#4540,#4546,#4547));
#4522 = ORIENTED_EDGE('',*,*,#1589,.F.);
#4523 = ORIENTED_EDGE('',*,*,#4459,.F.);
#4524 = ORIENTED_EDGE('',*,*,#4525,.F.);
#4525 = EDGE_CURVE('',#4526,#4460,#4528,.T.);
#4526 = VERTEX_POINT('',#4527);
#4527 = CARTESIAN_POINT('',(59.416237428476,39.930755648,-6.907701426451
    ));
#4528 = LINE('',#4529,#4530);
#4529 = CARTESIAN_POINT('',(59.416237428476,42.126689194532,
    -3.104232953812));
#4530 = VECTOR('',#4531,1.);
#4531 = DIRECTION('',(-0.,-0.5,-0.866025403784));
#4532 = ORIENTED_EDGE('',*,*,#4533,.F.);
#4533 = EDGE_CURVE('',#3030,#4526,#4534,.T.);
#4534 = ELLIPSE('',#4535,1.000609544299,1.);
#4535 = AXIS2_PLACEMENT_3D('',#4536,#4537,#4538);
#4536 = CARTESIAN_POINT('',(59.451158197968,39.064730244215,
    -6.407701426451));
#4537 = DIRECTION('',(-0.999390827019,-3.022385072366E-02,
    1.744974835125E-02));
#4538 = DIRECTION('',(-3.489949670251E-02,0.865497844508,-0.49969541351)
  );
#4539 = ORIENTED_EDGE('',*,*,#3040,.F.);
#4540 = ORIENTED_EDGE('',*,*,#4541,.F.);
#4541 = EDGE_CURVE('',#1841,#2976,#4542,.T.);
#4542 = LINE('',#4543,#4544);
#4543 = CARTESIAN_POINT('',(60.676720198438,17.545810860881,
    26.511444596411));
#4544 = VECTOR('',#4545,1.);
#4545 = DIRECTION('',(-3.489946464409E-02,0.866174763214,-0.498521119852
    ));
#4546 = ORIENTED_EDGE('',*,*,#1840,.F.);
#4547 = ORIENTED_EDGE('',*,*,#4548,.F.);
#4548 = EDGE_CURVE('',#1571,#1832,#4549,.T.);
#4549 = LINE('',#4550,#4551);
#4550 = CARTESIAN_POINT('',(60.705648470019,-14.90353043875,
    -28.03566858263));
#4551 = VECTOR('',#4552,1.);
#4552 = DIRECTION('',(3.489946464412E-02,-0.864819335722,0.500868789134)
  );
#4553 = PLANE('',#4554);
#4554 = AXIS2_PLACEMENT_3D('',#4555,#4556,#4557);
#4555 = CARTESIAN_POINT('',(60.744296476917,18.378692914937,
    31.824301483645));
#4556 = DIRECTION('',(0.999390827019,3.022385072366E-02,
    -1.744974835125E-02));
#4557 = DIRECTION('',(9.528836053541E-15,-0.5,-0.866025403784));
#4558 = ADVANCED_FACE('',(#4559),#4564,.T.);
#4559 = FACE_BOUND('',#4560,.T.);
#4560 = EDGE_LOOP('',(#4561,#4562,#4563));
#4561 = ORIENTED_EDGE('',*,*,#1603,.F.);
#4562 = ORIENTED_EDGE('',*,*,#4548,.T.);
#4563 = ORIENTED_EDGE('',*,*,#1831,.T.);
#4564 = CONICAL_SURFACE('',#4565,5.224030143247,3.626108990323E-02);
#4565 = AXIS2_PLACEMENT_3D('',#4566,#4567,#4568);
#4566 = CARTESIAN_POINT('',(55.481623125064,-14.89753096828,
    -28.03942879136));
#4567 = DIRECTION('',(-1.354536486496E-03,-0.865346546583,0.501172145622
    ));
#4568 = DIRECTION('',(0.999999081496,-1.148437185796E-03,
    7.19790780083E-04));
#4569 = ADVANCED_FACE('',(#4570),#4595,.T.);
#4570 = FACE_BOUND('',#4571,.T.);
#4571 = EDGE_LOOP('',(#4572,#4582,#4588,#4589));
#4572 = ORIENTED_EDGE('',*,*,#4573,.F.);
#4573 = EDGE_CURVE('',#4574,#4576,#4578,.T.);
#4574 = VERTEX_POINT('',#4575);
#4575 = CARTESIAN_POINT('',(-60.7,22.221985447631,23.88960784034));
#4576 = VERTEX_POINT('',#4577);
#4577 = CARTESIAN_POINT('',(-60.7,-9.578014552381,-31.18960784034));
#4578 = LINE('',#4579,#4580);
#4579 = CARTESIAN_POINT('',(-60.7,24.721985447632,28.219734859262));
#4580 = VECTOR('',#4581,1.);
#4581 = DIRECTION('',(0.,-0.5,-0.866025403784));
#4582 = ORIENTED_EDGE('',*,*,#4583,.T.);
#4583 = EDGE_CURVE('',#4574,#1705,#4584,.T.);
#4584 = LINE('',#4585,#4586);
#4585 = CARTESIAN_POINT('',(-60.7,22.221985447631,23.88960784034));
#4586 = VECTOR('',#4587,1.);
#4587 = DIRECTION('',(0.,0.866025403784,-0.5));
#4588 = ORIENTED_EDGE('',*,*,#1704,.T.);
#4589 = ORIENTED_EDGE('',*,*,#4590,.F.);
#4590 = EDGE_CURVE('',#4576,#1707,#4591,.T.);
#4591 = LINE('',#4592,#4593);
#4592 = CARTESIAN_POINT('',(-60.7,-9.578014552381,-31.18960784034));
#4593 = VECTOR('',#4594,1.);
#4594 = DIRECTION('',(0.,0.866025403784,-0.5));
#4595 = PLANE('',#4596);
#4596 = AXIS2_PLACEMENT_3D('',#4597,#4598,#4599);
#4597 = CARTESIAN_POINT('',(-60.7,24.721985447632,28.219734859262));
#4598 = DIRECTION('',(-1.,0.,0.));
#4599 = DIRECTION('',(-0.,-0.5,-0.866025403784));
#4600 = ADVANCED_FACE('',(#4601),#4620,.T.);
#4601 = FACE_BOUND('',#4602,.T.);
#4602 = EDGE_LOOP('',(#4603,#4612,#4618,#4619));
#4603 = ORIENTED_EDGE('',*,*,#4604,.T.);
#4604 = EDGE_CURVE('',#4574,#4605,#4607,.T.);
#4605 = VERTEX_POINT('',#4606);
#4606 = CARTESIAN_POINT('',(-55.7,24.721985447632,28.219734859262));
#4607 = CIRCLE('',#4608,5.);
#4608 = AXIS2_PLACEMENT_3D('',#4609,#4610,#4611);
#4609 = CARTESIAN_POINT('',(-55.7,22.221985447631,23.88960784034));
#4610 = DIRECTION('',(0.,0.866025403784,-0.5));
#4611 = DIRECTION('',(0.,0.5,0.866025403784));
#4612 = ORIENTED_EDGE('',*,*,#4613,.T.);
#4613 = EDGE_CURVE('',#4605,#1715,#4614,.T.);
#4614 = LINE('',#4615,#4616);
#4615 = CARTESIAN_POINT('',(-55.7,24.721985447632,28.219734859262));
#4616 = VECTOR('',#4617,1.);
#4617 = DIRECTION('',(0.,0.866025403784,-0.5));
#4618 = ORIENTED_EDGE('',*,*,#1714,.F.);
#4619 = ORIENTED_EDGE('',*,*,#4583,.F.);
#4620 = CYLINDRICAL_SURFACE('',#4621,5.);
#4621 = AXIS2_PLACEMENT_3D('',#4622,#4623,#4624);
#4622 = CARTESIAN_POINT('',(-55.7,22.221985447631,23.88960784034));
#4623 = DIRECTION('',(0.,0.866025403784,-0.5));
#4624 = DIRECTION('',(-1.,0.,0.));
#4625 = ADVANCED_FACE('',(#4626),#4644,.T.);
#4626 = FACE_BOUND('',#4627,.T.);
#4627 = EDGE_LOOP('',(#4628,#4636,#4642,#4643));
#4628 = ORIENTED_EDGE('',*,*,#4629,.F.);
#4629 = EDGE_CURVE('',#4630,#4605,#4632,.T.);
#4630 = VERTEX_POINT('',#4631);
#4631 = CARTESIAN_POINT('',(55.7,24.721985447632,28.219734859262));
#4632 = LINE('',#4633,#4634);
#4633 = CARTESIAN_POINT('',(60.7,24.721985447632,28.219734859262));
#4634 = VECTOR('',#4635,1.);
#4635 = DIRECTION('',(-1.,0.,0.));
#4636 = ORIENTED_EDGE('',*,*,#4637,.T.);
#4637 = EDGE_CURVE('',#4630,#1724,#4638,.T.);
#4638 = LINE('',#4639,#4640);
#4639 = CARTESIAN_POINT('',(55.7,24.721985447632,28.219734859262));
#4640 = VECTOR('',#4641,1.);
#4641 = DIRECTION('',(0.,0.866025403784,-0.5));
#4642 = ORIENTED_EDGE('',*,*,#1723,.T.);
#4643 = ORIENTED_EDGE('',*,*,#4613,.F.);
#4644 = PLANE('',#4645);
#4645 = AXIS2_PLACEMENT_3D('',#4646,#4647,#4648);
#4646 = CARTESIAN_POINT('',(60.7,24.721985447632,28.219734859262));
#4647 = DIRECTION('',(0.,0.5,0.866025403784));
#4648 = DIRECTION('',(-1.,0.,0.));
#4649 = ADVANCED_FACE('',(#4650),#4669,.T.);
#4650 = FACE_BOUND('',#4651,.T.);
#4651 = EDGE_LOOP('',(#4652,#4661,#4667,#4668));
#4652 = ORIENTED_EDGE('',*,*,#4653,.T.);
#4653 = EDGE_CURVE('',#4630,#4654,#4656,.T.);
#4654 = VERTEX_POINT('',#4655);
#4655 = CARTESIAN_POINT('',(60.7,22.221985447631,23.88960784034));
#4656 = CIRCLE('',#4657,5.);
#4657 = AXIS2_PLACEMENT_3D('',#4658,#4659,#4660);
#4658 = CARTESIAN_POINT('',(55.7,22.221985447631,23.88960784034));
#4659 = DIRECTION('',(0.,0.866025403784,-0.5));
#4660 = DIRECTION('',(0.,0.5,0.866025403784));
#4661 = ORIENTED_EDGE('',*,*,#4662,.T.);
#4662 = EDGE_CURVE('',#4654,#1732,#4663,.T.);
#4663 = LINE('',#4664,#4665);
#4664 = CARTESIAN_POINT('',(60.7,22.221985447631,23.88960784034));
#4665 = VECTOR('',#4666,1.);
#4666 = DIRECTION('',(0.,0.866025403784,-0.5));
#4667 = ORIENTED_EDGE('',*,*,#1731,.F.);
#4668 = ORIENTED_EDGE('',*,*,#4637,.F.);
#4669 = CYLINDRICAL_SURFACE('',#4670,5.);
#4670 = AXIS2_PLACEMENT_3D('',#4671,#4672,#4673);
#4671 = CARTESIAN_POINT('',(55.7,22.221985447631,23.88960784034));
#4672 = DIRECTION('',(0.,0.866025403784,-0.5));
#4673 = DIRECTION('',(0.,0.5,0.866025403784));
#4674 = ADVANCED_FACE('',(#4675),#4693,.T.);
#4675 = FACE_BOUND('',#4676,.T.);
#4676 = EDGE_LOOP('',(#4677,#4685,#4691,#4692));
#4677 = ORIENTED_EDGE('',*,*,#4678,.F.);
#4678 = EDGE_CURVE('',#4679,#4654,#4681,.T.);
#4679 = VERTEX_POINT('',#4680);
#4680 = CARTESIAN_POINT('',(60.7,-9.578014552381,-31.18960784034));
#4681 = LINE('',#4682,#4683);
#4682 = CARTESIAN_POINT('',(60.7,-12.07801455238,-35.51973485926));
#4683 = VECTOR('',#4684,1.);
#4684 = DIRECTION('',(0.,0.5,0.866025403784));
#4685 = ORIENTED_EDGE('',*,*,#4686,.T.);
#4686 = EDGE_CURVE('',#4679,#1741,#4687,.T.);
#4687 = LINE('',#4688,#4689);
#4688 = CARTESIAN_POINT('',(60.7,-9.578014552381,-31.18960784034));
#4689 = VECTOR('',#4690,1.);
#4690 = DIRECTION('',(0.,0.866025403784,-0.5));
#4691 = ORIENTED_EDGE('',*,*,#1740,.T.);
#4692 = ORIENTED_EDGE('',*,*,#4662,.F.);
#4693 = PLANE('',#4694);
#4694 = AXIS2_PLACEMENT_3D('',#4695,#4696,#4697);
#4695 = CARTESIAN_POINT('',(60.7,-12.07801455238,-35.51973485926));
#4696 = DIRECTION('',(1.,0.,0.));
#4697 = DIRECTION('',(0.,0.5,0.866025403784));
#4698 = ADVANCED_FACE('',(#4699),#4718,.T.);
#4699 = FACE_BOUND('',#4700,.T.);
#4700 = EDGE_LOOP('',(#4701,#4710,#4716,#4717));
#4701 = ORIENTED_EDGE('',*,*,#4702,.T.);
#4702 = EDGE_CURVE('',#4679,#4703,#4705,.T.);
#4703 = VERTEX_POINT('',#4704);
#4704 = CARTESIAN_POINT('',(55.7,-12.07801455238,-35.51973485926));
#4705 = CIRCLE('',#4706,5.);
#4706 = AXIS2_PLACEMENT_3D('',#4707,#4708,#4709);
#4707 = CARTESIAN_POINT('',(55.7,-9.578014552381,-31.18960784034));
#4708 = DIRECTION('',(0.,0.866025403784,-0.5));
#4709 = DIRECTION('',(0.,0.5,0.866025403784));
#4710 = ORIENTED_EDGE('',*,*,#4711,.T.);
#4711 = EDGE_CURVE('',#4703,#1749,#4712,.T.);
#4712 = LINE('',#4713,#4714);
#4713 = CARTESIAN_POINT('',(55.7,-12.07801455238,-35.51973485926));
#4714 = VECTOR('',#4715,1.);
#4715 = DIRECTION('',(0.,0.866025403784,-0.5));
#4716 = ORIENTED_EDGE('',*,*,#1748,.F.);
#4717 = ORIENTED_EDGE('',*,*,#4686,.F.);
#4718 = CYLINDRICAL_SURFACE('',#4719,5.);
#4719 = AXIS2_PLACEMENT_3D('',#4720,#4721,#4722);
#4720 = CARTESIAN_POINT('',(55.7,-9.578014552381,-31.18960784034));
#4721 = DIRECTION('',(0.,0.866025403784,-0.5));
#4722 = DIRECTION('',(1.,0.,0.));
#4723 = ADVANCED_FACE('',(#4724),#4742,.T.);
#4724 = FACE_BOUND('',#4725,.T.);
#4725 = EDGE_LOOP('',(#4726,#4734,#4740,#4741));
#4726 = ORIENTED_EDGE('',*,*,#4727,.F.);
#4727 = EDGE_CURVE('',#4728,#4703,#4730,.T.);
#4728 = VERTEX_POINT('',#4729);
#4729 = CARTESIAN_POINT('',(-55.7,-12.07801455238,-35.51973485926));
#4730 = LINE('',#4731,#4732);
#4731 = CARTESIAN_POINT('',(-60.7,-12.07801455238,-35.51973485926));
#4732 = VECTOR('',#4733,1.);
#4733 = DIRECTION('',(1.,0.,0.));
#4734 = ORIENTED_EDGE('',*,*,#4735,.T.);
#4735 = EDGE_CURVE('',#4728,#1758,#4736,.T.);
#4736 = LINE('',#4737,#4738);
#4737 = CARTESIAN_POINT('',(-55.7,-12.07801455238,-35.51973485926));
#4738 = VECTOR('',#4739,1.);
#4739 = DIRECTION('',(0.,0.866025403784,-0.5));
#4740 = ORIENTED_EDGE('',*,*,#1757,.T.);
#4741 = ORIENTED_EDGE('',*,*,#4711,.F.);
#4742 = PLANE('',#4743);
#4743 = AXIS2_PLACEMENT_3D('',#4744,#4745,#4746);
#4744 = CARTESIAN_POINT('',(-60.7,-12.07801455238,-35.51973485926));
#4745 = DIRECTION('',(0.,-0.5,-0.866025403784));
#4746 = DIRECTION('',(1.,0.,0.));
#4747 = ADVANCED_FACE('',(#4748),#4760,.T.);
#4748 = FACE_BOUND('',#4749,.T.);
#4749 = EDGE_LOOP('',(#4750,#4751,#4752,#4753));
#4750 = ORIENTED_EDGE('',*,*,#4590,.T.);
#4751 = ORIENTED_EDGE('',*,*,#1765,.T.);
#4752 = ORIENTED_EDGE('',*,*,#4735,.F.);
#4753 = ORIENTED_EDGE('',*,*,#4754,.F.);
#4754 = EDGE_CURVE('',#4576,#4728,#4755,.T.);
#4755 = CIRCLE('',#4756,5.);
#4756 = AXIS2_PLACEMENT_3D('',#4757,#4758,#4759);
#4757 = CARTESIAN_POINT('',(-55.7,-9.578014552381,-31.18960784034));
#4758 = DIRECTION('',(0.,-0.866025403784,0.5));
#4759 = DIRECTION('',(0.,0.5,0.866025403784));
#4760 = CYLINDRICAL_SURFACE('',#4761,5.);
#4761 = AXIS2_PLACEMENT_3D('',#4762,#4763,#4764);
#4762 = CARTESIAN_POINT('',(-55.7,-9.578014552381,-31.18960784034));
#4763 = DIRECTION('',(0.,0.866025403784,-0.5));
#4764 = DIRECTION('',(-1.,0.,0.));
#4765 = ADVANCED_FACE('',(#4766),#4776,.F.);
#4766 = FACE_BOUND('',#4767,.F.);
#4767 = EDGE_LOOP('',(#4768,#4769,#4775));
#4768 = ORIENTED_EDGE('',*,*,#1790,.F.);
#4769 = ORIENTED_EDGE('',*,*,#4770,.T.);
#4770 = EDGE_CURVE('',#1791,#2788,#4771,.T.);
#4771 = LINE('',#4772,#4773);
#4772 = CARTESIAN_POINT('',(-60.21015761321,28.856782486028,
    19.381413408751));
#4773 = VECTOR('',#4774,1.);
#4774 = DIRECTION('',(3.489949670245E-02,0.865497844508,-0.49969541351)
  );
#4775 = ORIENTED_EDGE('',*,*,#2818,.F.);
#4776 = SURFACE_OF_LINEAR_EXTRUSION('',#4777,#4782);
#4777 = CIRCLE('',#4778,4.999978511163);
#4778 = AXIS2_PLACEMENT_3D('',#4779,#4780,#4781);
#4779 = CARTESIAN_POINT('',(-55.21017910205,28.856782486028,
    19.381413408751));
#4780 = DIRECTION('',(0.,0.866025403784,-0.5));
#4781 = DIRECTION('',(-1.,0.,0.));
#4782 = VECTOR('',#4783,1.);
#4783 = DIRECTION('',(-3.489949670245E-02,-0.865497844508,0.49969541351)
  );
#4784 = ADVANCED_FACE('',(#4785),#4815,.T.);
#4785 = FACE_BOUND('',#4786,.T.);
#4786 = EDGE_LOOP('',(#4787,#4793,#4794,#4795,#4796,#4797,#4805,#4814));
#4787 = ORIENTED_EDGE('',*,*,#4788,.F.);
#4788 = EDGE_CURVE('',#1800,#1996,#4789,.T.);
#4789 = LINE('',#4790,#4791);
#4790 = CARTESIAN_POINT('',(-60.21015761321,-2.227464277583,
    -34.4580813008));
#4791 = VECTOR('',#4792,1.);
#4792 = DIRECTION('',(3.489949670245E-02,0.865497844508,-0.49969541351)
  );
#4793 = ORIENTED_EDGE('',*,*,#1799,.F.);
#4794 = ORIENTED_EDGE('',*,*,#4770,.T.);
#4795 = ORIENTED_EDGE('',*,*,#2787,.T.);
#4796 = ORIENTED_EDGE('',*,*,#2697,.T.);
#4797 = ORIENTED_EDGE('',*,*,#4798,.T.);
#4798 = EDGE_CURVE('',#2698,#4799,#4801,.T.);
#4799 = VERTEX_POINT('',#4800);
#4800 = CARTESIAN_POINT('',(-59.41623742847,36.598130467799,
    -12.67997756114));
#4801 = LINE('',#4802,#4803);
#4802 = CARTESIAN_POINT('',(-59.41623742847,39.930755648001,
    -6.907701426451));
#4803 = VECTOR('',#4804,1.);
#4804 = DIRECTION('',(-1.052E-14,-0.5,-0.866025403784));
#4805 = ORIENTED_EDGE('',*,*,#4806,.T.);
#4806 = EDGE_CURVE('',#4799,#2052,#4807,.T.);
#4807 = B_SPLINE_CURVE_WITH_KNOTS('',5,(#4808,#4809,#4810,#4811,#4812,
    #4813),.UNSPECIFIED.,.F.,.F.,(6,6),(41.693836477378,42.689757012577)
  ,.PIECEWISE_BEZIER_KNOTS.);
#4808 = CARTESIAN_POINT('',(-59.41623742847,36.598130467798,
    -12.67997756114));
#4809 = CARTESIAN_POINT('',(-59.41623742847,36.545240874599,
    -12.77158502375));
#4810 = CARTESIAN_POINT('',(-59.41672369829,36.480927104115,
    -12.85512985008));
#4811 = CARTESIAN_POINT('',(-59.41767706672,36.407762001901,
    -12.92725372463));
#4812 = CARTESIAN_POINT('',(-59.41898825947,36.329544427534,
    -12.98763524245));
#4813 = CARTESIAN_POINT('',(-59.4206160876,36.247128818927,
    -13.03715346632));
#4814 = ORIENTED_EDGE('',*,*,#2051,.T.);
#4815 = PLANE('',#4816);
#4816 = AXIS2_PLACEMENT_3D('',#4817,#4818,#4819);
#4817 = CARTESIAN_POINT('',(-59.96156223708,20.027830232618,
    -10.14846078335));
#4818 = DIRECTION('',(-0.999390827019,3.022385072364E-02,
    -1.744974835121E-02));
#4819 = DIRECTION('',(-3.022845326108E-02,-0.999543015889,
    1.700029006457E-16));
#4820 = ADVANCED_FACE('',(#4821),#4826,.F.);
#4821 = FACE_BOUND('',#4822,.F.);
#4822 = EDGE_LOOP('',(#4823,#4824,#4825));
#4823 = ORIENTED_EDGE('',*,*,#1807,.F.);
#4824 = ORIENTED_EDGE('',*,*,#2004,.F.);
#4825 = ORIENTED_EDGE('',*,*,#4788,.F.);
#4826 = SURFACE_OF_LINEAR_EXTRUSION('',#4827,#4832);
#4827 = CIRCLE('',#4828,4.999978511163);
#4828 = AXIS2_PLACEMENT_3D('',#4829,#4830,#4831);
#4829 = CARTESIAN_POINT('',(-55.21017910205,-2.227464277583,
    -34.4580813008));
#4830 = DIRECTION('',(0.,0.866025403784,-0.5));
#4831 = DIRECTION('',(-1.,0.,0.));
#4832 = VECTOR('',#4833,1.);
#4833 = DIRECTION('',(-3.489949670245E-02,-0.865497844508,0.49969541351)
  );
#4834 = ADVANCED_FACE('',(#4835),#4840,.T.);
#4835 = FACE_BOUND('',#4836,.T.);
#4836 = EDGE_LOOP('',(#4837,#4838,#4839));
#4837 = ORIENTED_EDGE('',*,*,#2975,.F.);
#4838 = ORIENTED_EDGE('',*,*,#1848,.T.);
#4839 = ORIENTED_EDGE('',*,*,#4541,.T.);
#4840 = CONICAL_SURFACE('',#4841,5.193979802754,3.626108990323E-02);
#4841 = AXIS2_PLACEMENT_3D('',#4842,#4843,#4844);
#4842 = CARTESIAN_POINT('',(55.482745166375,17.552031044847,
    26.508148079297));
#4843 = DIRECTION('',(-1.354536486493E-03,-0.86670108307,0.498826019607)
  );
#4844 = DIRECTION('',(-4.91385080627E-05,0.498826534308,0.866701843921)
  );
#4845 = ADVANCED_FACE('',(#4846),#4858,.F.);
#4846 = FACE_BOUND('',#4847,.F.);
#4847 = EDGE_LOOP('',(#4848,#4855,#4856,#4857));
#4848 = ORIENTED_EDGE('',*,*,#4849,.T.);
#4849 = EDGE_CURVE('',#2084,#4799,#4850,.T.);
#4850 = CIRCLE('',#4851,1.);
#4851 = AXIS2_PLACEMENT_3D('',#4852,#4853,#4854);
#4852 = CARTESIAN_POINT('',(-58.41684660145,36.567906617075,
    -12.66252781279));
#4853 = DIRECTION('',(1.052E-14,0.5,0.866025403784));
#4854 = DIRECTION('',(-1.4E-15,0.866025403784,-0.5));
#4855 = ORIENTED_EDGE('',*,*,#4806,.T.);
#4856 = ORIENTED_EDGE('',*,*,#2059,.F.);
#4857 = ORIENTED_EDGE('',*,*,#2083,.F.);
#4858 = ( BOUNDED_SURFACE() B_SPLINE_SURFACE(2,5,(
    (#4859,#4860,#4861,#4862,#4863,#4864)
    ,(#4865,#4866,#4867,#4868,#4869,#4870)
    ,(#4871,#4872,#4873,#4874,#4875,#4876
)),.UNSPECIFIED.,.F.,.F.,.F.) B_SPLINE_SURFACE_WITH_KNOTS((3,3),(6,6),(
    0.,0.995920535199),(41.693836477378,42.689757012577),
.PIECEWISE_BEZIER_KNOTS.) GEOMETRIC_REPRESENTATION_ITEM() 
RATIONAL_B_SPLINE_SURFACE((
    (1.,1.,1.,1.,1.,1.)
    ,(0.719339800339,0.719339800339,0.719184856593,0.718872683975
      ,0.718413621307,0.717817451581)
,(1.,1.,1.,1.,1.,1.))) REPRESENTATION_ITEM('') SURFACE() );
#4859 = CARTESIAN_POINT('',(-58.41684660145,37.433932020859,
    -13.16252781279));
#4860 = CARTESIAN_POINT('',(-58.41684660145,37.332715017279,
    -13.33784080558));
#4861 = CARTESIAN_POINT('',(-58.41729477533,37.209079955007,
    -13.5007658416));
#4862 = CARTESIAN_POINT('',(-58.41819371147,37.06539939576,
    -13.64666727705));
#4863 = CARTESIAN_POINT('',(-58.41951217536,36.905397045762,
    -13.77264933911));
#4864 = CARTESIAN_POINT('',(-58.42122497776,36.731957363112,
    -13.87686241419));
#4865 = CARTESIAN_POINT('',(-59.38253537625,37.433932020859,
    -13.16252781279));
#4866 = CARTESIAN_POINT('',(-59.38253537625,37.334344742975,
    -13.33501803787));
#4867 = CARTESIAN_POINT('',(-59.38340104189,37.213034947109,
    -13.49555392708));
#4868 = CARTESIAN_POINT('',(-59.38514146622,37.072306155448,
    -13.63962488054));
#4869 = CARTESIAN_POINT('',(-59.3876957648,36.915754012002,
    -13.76449006466));
#4870 = CARTESIAN_POINT('',(-59.39101417398,36.746030304463,
    -13.86840653794));
#4871 = CARTESIAN_POINT('',(-59.41623742847,36.598130467798,
    -12.67997756114));
#4872 = CARTESIAN_POINT('',(-59.41623742847,36.545240874599,
    -12.77158502375));
#4873 = CARTESIAN_POINT('',(-59.41672369829,36.480927104115,
    -12.85512985008));
#4874 = CARTESIAN_POINT('',(-59.41767706672,36.407762001901,
    -12.92725372463));
#4875 = CARTESIAN_POINT('',(-59.41898825947,36.329544427534,
    -12.98763524245));
#4876 = CARTESIAN_POINT('',(-59.4206160876,36.247128818927,
    -13.03715346632));
#4877 = ADVANCED_FACE('',(#4878),#4893,.T.);
#4878 = FACE_BOUND('',#4879,.T.);
#4879 = EDGE_LOOP('',(#4880,#4886,#4892));
#4880 = ORIENTED_EDGE('',*,*,#4881,.F.);
#4881 = EDGE_CURVE('',#2667,#2596,#4882,.T.);
#4882 = LINE('',#4883,#4884);
#4883 = CARTESIAN_POINT('',(-43.89052270014,41.310670585195,
    -11.12569395321));
#4884 = VECTOR('',#4885,1.);
#4885 = DIRECTION('',(1.266E-14,-0.51503807491,0.857167300702));
#4886 = ORIENTED_EDGE('',*,*,#4887,.F.);
#4887 = EDGE_CURVE('',#2604,#2667,#4888,.T.);
#4888 = LINE('',#4889,#4890);
#4889 = CARTESIAN_POINT('',(-43.90005654482,40.617347722073,
    -9.971810937481));
#4890 = VECTOR('',#4891,1.);
#4891 = DIRECTION('',(-7.178510365363E-03,0.515024804523,-0.857145215069
    ));
#4892 = ORIENTED_EDGE('',*,*,#2603,.F.);
#4893 = PLANE('',#4894);
#4894 = AXIS2_PLACEMENT_3D('',#4895,#4896,#4897);
#4895 = CARTESIAN_POINT('',(-41.39052270014,41.310670585195,
    -11.12569395321));
#4896 = DIRECTION('',(-1.42E-15,-0.857167300702,-0.51503807491));
#4897 = DIRECTION('',(-1.,-5.300989354274E-15,1.157940553598E-14));
#4898 = ADVANCED_FACE('',(#4899),#4918,.T.);
#4899 = FACE_BOUND('',#4900,.T.);
#4900 = EDGE_LOOP('',(#4901,#4910,#4916,#4917));
#4901 = ORIENTED_EDGE('',*,*,#4902,.F.);
#4902 = EDGE_CURVE('',#4903,#2133,#4905,.T.);
#4903 = VERTEX_POINT('',#4904);
#4904 = CARTESIAN_POINT('',(-1.631630510538,30.908313902305,
    -21.69751082028));
#4905 = CIRCLE('',#4906,0.4);
#4906 = AXIS2_PLACEMENT_3D('',#4907,#4908,#4909);
#4907 = CARTESIAN_POINT('',(-1.631630510538,30.984637500456,
    -22.09016169366));
#4908 = DIRECTION('',(-1.,-2.3E-16,-1.4E-16));
#4909 = DIRECTION('',(-2.214457919774E-16,0.406736643076,0.913545457643)
  );
#4910 = ORIENTED_EDGE('',*,*,#4911,.T.);
#4911 = EDGE_CURVE('',#4903,#2197,#4912,.T.);
#4912 = LINE('',#4913,#4914);
#4913 = CARTESIAN_POINT('',(-1.931630510538,30.908313902305,
    -21.69751082028));
#4914 = VECTOR('',#4915,1.);
#4915 = DIRECTION('',(1.,2.3E-16,1.4E-16));
#4916 = ORIENTED_EDGE('',*,*,#2204,.F.);
#4917 = ORIENTED_EDGE('',*,*,#2130,.T.);
#4918 = CYLINDRICAL_SURFACE('',#4919,0.4);
#4919 = AXIS2_PLACEMENT_3D('',#4920,#4921,#4922);
#4920 = CARTESIAN_POINT('',(-1.931630510538,30.984637500456,
    -22.09016169366));
#4921 = DIRECTION('',(-1.,-2.3E-16,-1.4E-16));
#4922 = DIRECTION('',(-2.214457919774E-16,0.406736643076,0.913545457643)
  );
#4923 = ADVANCED_FACE('',(#4924),#4943,.T.);
#4924 = FACE_BOUND('',#4925,.T.);
#4925 = EDGE_LOOP('',(#4926,#4927,#4935,#4942));
#4926 = ORIENTED_EDGE('',*,*,#2286,.F.);
#4927 = ORIENTED_EDGE('',*,*,#4928,.T.);
#4928 = EDGE_CURVE('',#2279,#4929,#4931,.T.);
#4929 = VERTEX_POINT('',#4930);
#4930 = CARTESIAN_POINT('',(-1.631630510538,31.45842977334,
    -22.87868445231));
#4931 = LINE('',#4932,#4933);
#4932 = CARTESIAN_POINT('',(-2.231630510538,31.458429773341,
    -22.87868445232));
#4933 = VECTOR('',#4934,1.);
#4934 = DIRECTION('',(-1.,0.,0.));
#4935 = ORIENTED_EDGE('',*,*,#4936,.T.);
#4936 = EDGE_CURVE('',#4929,#2156,#4937,.T.);
#4937 = CIRCLE('',#4938,0.4);
#4938 = AXIS2_PLACEMENT_3D('',#4939,#4940,#4941);
#4939 = CARTESIAN_POINT('',(-1.631630510538,31.252414543377,
    -22.53581753204));
#4940 = DIRECTION('',(1.,-0.,0.));
#4941 = DIRECTION('',(0.,0.970295726276,-0.2419218956));
#4942 = ORIENTED_EDGE('',*,*,#2155,.T.);
#4943 = CYLINDRICAL_SURFACE('',#4944,0.4);
#4944 = AXIS2_PLACEMENT_3D('',#4945,#4946,#4947);
#4945 = CARTESIAN_POINT('',(-2.231630510538,31.252414543377,
    -22.53581753204));
#4946 = DIRECTION('',(1.,0.,0.));
#4947 = DIRECTION('',(0.,0.970295726276,-0.2419218956));
#4948 = ADVANCED_FACE('',(#4949),#4993,.F.);
#4949 = FACE_BOUND('',#4950,.F.);
#4950 = EDGE_LOOP('',(#4951,#4952,#4953,#4961,#4970,#4976,#4977,#4986,
    #4992));
#4951 = ORIENTED_EDGE('',*,*,#2163,.F.);
#4952 = ORIENTED_EDGE('',*,*,#4902,.F.);
#4953 = ORIENTED_EDGE('',*,*,#4954,.F.);
#4954 = EDGE_CURVE('',#4955,#4903,#4957,.T.);
#4955 = VERTEX_POINT('',#4956);
#4956 = CARTESIAN_POINT('',(-1.631630510538,29.579531730858,
    -21.95579990954));
#4957 = LINE('',#4958,#4959);
#4958 = CARTESIAN_POINT('',(-1.631630510538,28.570460840183,
    -22.1519434212));
#4959 = VECTOR('',#4960,1.);
#4960 = DIRECTION('',(0.,0.981627183448,0.190808995375));
#4961 = ORIENTED_EDGE('',*,*,#4962,.F.);
#4962 = EDGE_CURVE('',#4963,#4955,#4965,.T.);
#4963 = VERTEX_POINT('',#4964);
#4964 = CARTESIAN_POINT('',(-1.631630510538,28.282615412724,
    -22.45363944052));
#4965 = CIRCLE('',#4966,4.);
#4966 = AXIS2_PLACEMENT_3D('',#4967,#4968,#4969);
#4967 = CARTESIAN_POINT('',(-1.631630510538,30.342767712364,
    -25.88230864333));
#4968 = DIRECTION('',(-1.,-2.3E-16,-1.4E-16));
#4969 = DIRECTION('',(-4.827663131424E-17,-0.358367949545,0.933580426497
    ));
#4970 = ORIENTED_EDGE('',*,*,#4971,.F.);
#4971 = EDGE_CURVE('',#2230,#4963,#4972,.T.);
#4972 = LINE('',#4973,#4974);
#4973 = CARTESIAN_POINT('',(-1.631630510538,26.81721455189,
    -23.33414110888));
#4974 = VECTOR('',#4975,1.);
#4975 = DIRECTION('',(0.,0.857167300702,0.51503807491));
#4976 = ORIENTED_EDGE('',*,*,#2237,.T.);
#4977 = ORIENTED_EDGE('',*,*,#4978,.F.);
#4978 = EDGE_CURVE('',#4979,#2238,#4981,.T.);
#4979 = VERTEX_POINT('',#4980);
#4980 = CARTESIAN_POINT('',(-1.631630510538,26.587740694887,
    -25.80528970708));
#4981 = CIRCLE('',#4982,0.4);
#4982 = AXIS2_PLACEMENT_3D('',#4983,#4984,#4985);
#4983 = CARTESIAN_POINT('',(-1.631630510538,26.381725464923,
    -25.46242278681));
#4984 = DIRECTION('',(-1.,0.,0.));
#4985 = DIRECTION('',(0.,1.745240643731E-02,-0.999847695156));
#4986 = ORIENTED_EDGE('',*,*,#4987,.F.);
#4987 = EDGE_CURVE('',#4929,#4979,#4988,.T.);
#4988 = LINE('',#4989,#4990);
#4989 = CARTESIAN_POINT('',(-1.631630510538,31.801296693622,
    -22.67266922235));
#4990 = VECTOR('',#4991,1.);
#4991 = DIRECTION('',(0.,-0.857167300702,-0.51503807491));
#4992 = ORIENTED_EDGE('',*,*,#4936,.T.);
#4993 = PLANE('',#4994);
#4994 = AXIS2_PLACEMENT_3D('',#4995,#4996,#4997);
#4995 = CARTESIAN_POINT('',(-1.631630510538,26.882183054398,
    -22.39149481885));
#4996 = DIRECTION('',(1.,0.,0.));
#4997 = DIRECTION('',(0.,0.,1.));
#4998 = ADVANCED_FACE('',(#4999),#5010,.T.);
#4999 = FACE_BOUND('',#5000,.T.);
#5000 = EDGE_LOOP('',(#5001,#5002,#5003,#5004));
#5001 = ORIENTED_EDGE('',*,*,#4971,.F.);
#5002 = ORIENTED_EDGE('',*,*,#2229,.T.);
#5003 = ORIENTED_EDGE('',*,*,#2177,.F.);
#5004 = ORIENTED_EDGE('',*,*,#5005,.F.);
#5005 = EDGE_CURVE('',#4963,#2178,#5006,.T.);
#5006 = LINE('',#5007,#5008);
#5007 = CARTESIAN_POINT('',(-1.931630510538,28.282615412724,
    -22.45363944052));
#5008 = VECTOR('',#5009,1.);
#5009 = DIRECTION('',(1.,2.3E-16,1.4E-16));
#5010 = PLANE('',#5011);
#5011 = AXIS2_PLACEMENT_3D('',#5012,#5013,#5014);
#5012 = CARTESIAN_POINT('',(-1.762348799034,26.353326232082,
    -23.61287333188));
#5013 = DIRECTION('',(-8.8566E-13,-0.51503807491,0.857167300702));
#5014 = DIRECTION('',(-5.048709793414E-29,0.857167300702,0.51503807491)
  );
#5015 = ADVANCED_FACE('',(#5016),#5027,.T.);
#5016 = FACE_BOUND('',#5017,.T.);
#5017 = EDGE_LOOP('',(#5018,#5019,#5020,#5021));
#5018 = ORIENTED_EDGE('',*,*,#4962,.F.);
#5019 = ORIENTED_EDGE('',*,*,#5005,.T.);
#5020 = ORIENTED_EDGE('',*,*,#2187,.F.);
#5021 = ORIENTED_EDGE('',*,*,#5022,.T.);
#5022 = EDGE_CURVE('',#2188,#4955,#5023,.T.);
#5023 = LINE('',#5024,#5025);
#5024 = CARTESIAN_POINT('',(-14.98163051053,29.579531730858,
    -21.95579990954));
#5025 = VECTOR('',#5026,1.);
#5026 = DIRECTION('',(-1.,0.,0.));
#5027 = CYLINDRICAL_SURFACE('',#5028,4.);
#5028 = AXIS2_PLACEMENT_3D('',#5029,#5030,#5031);
#5029 = CARTESIAN_POINT('',(-1.931630510538,30.342767712364,
    -25.88230864333));
#5030 = DIRECTION('',(-1.,-2.3E-16,-1.4E-16));
#5031 = DIRECTION('',(-4.827663131424E-17,-0.358367949545,0.933580426497
    ));
#5032 = ADVANCED_FACE('',(#5033),#5039,.T.);
#5033 = FACE_BOUND('',#5034,.T.);
#5034 = EDGE_LOOP('',(#5035,#5036,#5037,#5038));
#5035 = ORIENTED_EDGE('',*,*,#4911,.F.);
#5036 = ORIENTED_EDGE('',*,*,#4954,.F.);
#5037 = ORIENTED_EDGE('',*,*,#5022,.F.);
#5038 = ORIENTED_EDGE('',*,*,#2196,.F.);
#5039 = PLANE('',#5040);
#5040 = AXIS2_PLACEMENT_3D('',#5041,#5042,#5043);
#5041 = CARTESIAN_POINT('',(-1.777913771803,30.242140452086,
    -21.82700182147));
#5042 = DIRECTION('',(2.3464E-13,-0.190808995375,0.981627183448));
#5043 = DIRECTION('',(0.,0.981627183448,0.190808995375));
#5044 = ADVANCED_FACE('',(#5045),#5056,.T.);
#5045 = FACE_BOUND('',#5046,.T.);
#5046 = EDGE_LOOP('',(#5047,#5048,#5054,#5055));
#5047 = ORIENTED_EDGE('',*,*,#4978,.F.);
#5048 = ORIENTED_EDGE('',*,*,#5049,.T.);
#5049 = EDGE_CURVE('',#4979,#2270,#5050,.T.);
#5050 = LINE('',#5051,#5052);
#5051 = CARTESIAN_POINT('',(-0.531630510538,26.587740694888,
    -25.80528970709));
#5052 = VECTOR('',#5053,1.);
#5053 = DIRECTION('',(1.,0.,0.));
#5054 = ORIENTED_EDGE('',*,*,#2269,.T.);
#5055 = ORIENTED_EDGE('',*,*,#2245,.T.);
#5056 = CYLINDRICAL_SURFACE('',#5057,0.4);
#5057 = AXIS2_PLACEMENT_3D('',#5058,#5059,#5060);
#5058 = CARTESIAN_POINT('',(-0.531630510538,26.381725464923,
    -25.46242278681));
#5059 = DIRECTION('',(-1.,0.,0.));
#5060 = DIRECTION('',(0.,1.745240643731E-02,-0.999847695156));
#5061 = ADVANCED_FACE('',(#5062),#5068,.T.);
#5062 = FACE_BOUND('',#5063,.T.);
#5063 = EDGE_LOOP('',(#5064,#5065,#5066,#5067));
#5064 = ORIENTED_EDGE('',*,*,#5049,.F.);
#5065 = ORIENTED_EDGE('',*,*,#4987,.F.);
#5066 = ORIENTED_EDGE('',*,*,#4928,.F.);
#5067 = ORIENTED_EDGE('',*,*,#2278,.F.);
#5068 = PLANE('',#5069);
#5069 = AXIS2_PLACEMENT_3D('',#5070,#5071,#5072);
#5070 = CARTESIAN_POINT('',(-0.381630510538,29.023085234114,
    -24.3419870797));
#5071 = DIRECTION('',(-8.6027E-13,0.51503807491,-0.857167300702));
#5072 = DIRECTION('',(0.,-0.857167300702,-0.51503807491));
#5073 = ADVANCED_FACE('',(#5074,#5077),#5088,.T.);
#5074 = FACE_BOUND('',#5075,.T.);
#5075 = EDGE_LOOP('',(#5076));
#5076 = ORIENTED_EDGE('',*,*,#2312,.F.);
#5077 = FACE_BOUND('',#5078,.T.);
#5078 = EDGE_LOOP('',(#5079));
#5079 = ORIENTED_EDGE('',*,*,#5080,.T.);
#5080 = EDGE_CURVE('',#5081,#5081,#5083,.T.);
#5081 = VERTEX_POINT('',#5082);
#5082 = CARTESIAN_POINT('',(55.1,-4.588912937236,-30.5482303588));
#5083 = CIRCLE('',#5084,1.6);
#5084 = AXIS2_PLACEMENT_3D('',#5085,#5086,#5087);
#5085 = CARTESIAN_POINT('',(53.5,-4.588912937236,-30.5482303588));
#5086 = DIRECTION('',(0.,-0.866025403784,0.5));
#5087 = DIRECTION('',(-1.,0.,0.));
#5088 = PLANE('',#5089);
#5089 = AXIS2_PLACEMENT_3D('',#5090,#5091,#5092);
#5090 = CARTESIAN_POINT('',(53.5,-4.588912937236,-30.5482303588));
#5091 = DIRECTION('',(0.,0.866025403784,-0.5));
#5092 = DIRECTION('',(-1.,0.,0.));
#5093 = ADVANCED_FACE('',(#5094),#5112,.T.);
#5094 = FACE_BOUND('',#5095,.T.);
#5095 = EDGE_LOOP('',(#5096,#5097,#5098,#5106));
#5096 = ORIENTED_EDGE('',*,*,#2416,.F.);
#5097 = ORIENTED_EDGE('',*,*,#2358,.T.);
#5098 = ORIENTED_EDGE('',*,*,#5099,.F.);
#5099 = EDGE_CURVE('',#5100,#2361,#5102,.T.);
#5100 = VERTEX_POINT('',#5101);
#5101 = CARTESIAN_POINT('',(-33.23163051053,28.282615412723,
    -22.45363944052));
#5102 = LINE('',#5103,#5104);
#5103 = CARTESIAN_POINT('',(-33.23163051053,27.054676916135,
    -23.1914593257));
#5104 = VECTOR('',#5105,1.);
#5105 = DIRECTION('',(0.,-0.857167300702,-0.51503807491));
#5106 = ORIENTED_EDGE('',*,*,#5107,.F.);
#5107 = EDGE_CURVE('',#2408,#5100,#5108,.T.);
#5108 = LINE('',#5109,#5110);
#5109 = CARTESIAN_POINT('',(-35.73163051053,28.282615412723,
    -22.45363944052));
#5110 = VECTOR('',#5111,1.);
#5111 = DIRECTION('',(1.,0.,0.));
#5112 = PLANE('',#5113);
#5113 = AXIS2_PLACEMENT_3D('',#5114,#5115,#5116);
#5114 = CARTESIAN_POINT('',(-35.08163051053,26.326277052735,
    -23.62912611853));
#5115 = DIRECTION('',(-1.35271E-12,-0.51503807491,0.857167300702));
#5116 = DIRECTION('',(0.,0.857167300702,0.51503807491));
#5117 = ADVANCED_FACE('',(#5118),#5137,.T.);
#5118 = FACE_BOUND('',#5119,.T.);
#5119 = EDGE_LOOP('',(#5120,#5128,#5135,#5136));
#5120 = ORIENTED_EDGE('',*,*,#5121,.T.);
#5121 = EDGE_CURVE('',#2507,#5122,#5124,.T.);
#5122 = VERTEX_POINT('',#5123);
#5123 = CARTESIAN_POINT('',(-33.23163051053,26.587740694888,
    -25.80528970709));
#5124 = LINE('',#5125,#5126);
#5125 = CARTESIAN_POINT('',(-35.73163051053,26.587740694888,
    -25.80528970709));
#5126 = VECTOR('',#5127,1.);
#5127 = DIRECTION('',(1.,0.,0.));
#5128 = ORIENTED_EDGE('',*,*,#5129,.T.);
#5129 = EDGE_CURVE('',#5122,#2384,#5130,.T.);
#5130 = CIRCLE('',#5131,0.4);
#5131 = AXIS2_PLACEMENT_3D('',#5132,#5133,#5134);
#5132 = CARTESIAN_POINT('',(-33.23163051053,26.381725464923,
    -25.46242278681));
#5133 = DIRECTION('',(-1.,-7.6E-16,-4.6E-16));
#5134 = DIRECTION('',(4.466661108796E-16,1.745240643731E-02,
    -0.999847695156));
#5135 = ORIENTED_EDGE('',*,*,#2383,.T.);
#5136 = ORIENTED_EDGE('',*,*,#2506,.F.);
#5137 = CYLINDRICAL_SURFACE('',#5138,0.4);
#5138 = AXIS2_PLACEMENT_3D('',#5139,#5140,#5141);
#5139 = CARTESIAN_POINT('',(-35.63163051053,26.381725464923,
    -25.46242278681));
#5140 = DIRECTION('',(-1.,-7.6E-16,-4.6E-16));
#5141 = DIRECTION('',(4.466661108796E-16,1.745240643731E-02,
    -0.999847695156));
#5142 = ADVANCED_FACE('',(#5143),#5188,.T.);
#5143 = FACE_BOUND('',#5144,.T.);
#5144 = EDGE_LOOP('',(#5145,#5146,#5147,#5148,#5156,#5163,#5164,#5173,
    #5181));
#5145 = ORIENTED_EDGE('',*,*,#5099,.T.);
#5146 = ORIENTED_EDGE('',*,*,#2391,.T.);
#5147 = ORIENTED_EDGE('',*,*,#5129,.F.);
#5148 = ORIENTED_EDGE('',*,*,#5149,.T.);
#5149 = EDGE_CURVE('',#5122,#5150,#5152,.T.);
#5150 = VERTEX_POINT('',#5151);
#5151 = CARTESIAN_POINT('',(-33.23163051053,31.458429773341,
    -22.87868445231));
#5152 = LINE('',#5153,#5154);
#5153 = CARTESIAN_POINT('',(-33.23163051053,26.389786386175,
    -25.92423265556));
#5154 = VECTOR('',#5155,1.);
#5155 = DIRECTION('',(0.,0.857167300702,0.51503807491));
#5156 = ORIENTED_EDGE('',*,*,#5157,.T.);
#5157 = EDGE_CURVE('',#5150,#2482,#5158,.T.);
#5158 = CIRCLE('',#5159,0.4);
#5159 = AXIS2_PLACEMENT_3D('',#5160,#5161,#5162);
#5160 = CARTESIAN_POINT('',(-33.23163051053,31.252414543377,
    -22.53581753204));
#5161 = DIRECTION('',(1.,1.14E-15,6.9E-16));
#5162 = DIRECTION('',(-9.392110199906E-16,0.970295726276,-0.2419218956)
  );
#5163 = ORIENTED_EDGE('',*,*,#2481,.F.);
#5164 = ORIENTED_EDGE('',*,*,#5165,.F.);
#5165 = EDGE_CURVE('',#5166,#2474,#5168,.T.);
#5166 = VERTEX_POINT('',#5167);
#5167 = CARTESIAN_POINT('',(-33.23163051053,30.908313902305,
    -21.69751082028));
#5168 = CIRCLE('',#5169,0.4);
#5169 = AXIS2_PLACEMENT_3D('',#5170,#5171,#5172);
#5170 = CARTESIAN_POINT('',(-33.23163051053,30.984637500456,
    -22.09016169366));
#5171 = DIRECTION('',(-1.,-1.14E-15,-6.9E-16));
#5172 = DIRECTION('',(-1.09402613888E-15,0.406736643076,0.913545457643)
  );
#5173 = ORIENTED_EDGE('',*,*,#5174,.F.);
#5174 = EDGE_CURVE('',#5175,#5166,#5177,.T.);
#5175 = VERTEX_POINT('',#5176);
#5176 = CARTESIAN_POINT('',(-33.23163051053,29.579531730858,
    -21.95579990954));
#5177 = LINE('',#5178,#5179);
#5178 = CARTESIAN_POINT('',(-33.23163051053,28.466998940349,
    -22.17205437728));
#5179 = VECTOR('',#5180,1.);
#5180 = DIRECTION('',(0.,0.981627183448,0.190808995377));
#5181 = ORIENTED_EDGE('',*,*,#5182,.T.);
#5182 = EDGE_CURVE('',#5175,#5100,#5183,.T.);
#5183 = CIRCLE('',#5184,4.);
#5184 = AXIS2_PLACEMENT_3D('',#5185,#5186,#5187);
#5185 = CARTESIAN_POINT('',(-33.23163051053,30.342767712364,
    -25.88230864333));
#5186 = DIRECTION('',(1.,1.14E-15,6.9E-16));
#5187 = DIRECTION('',(-2.356310318017E-16,-0.358367949545,0.933580426497
    ));
#5188 = PLANE('',#5189);
#5189 = AXIS2_PLACEMENT_3D('',#5190,#5191,#5192);
#5190 = CARTESIAN_POINT('',(-33.23163051053,26.882183054401,
    -22.39149481885));
#5191 = DIRECTION('',(1.,0.,0.));
#5192 = DIRECTION('',(0.,0.,1.));
#5193 = ADVANCED_FACE('',(#5194),#5205,.T.);
#5194 = FACE_BOUND('',#5195,.T.);
#5195 = EDGE_LOOP('',(#5196,#5197,#5198,#5199));
#5196 = ORIENTED_EDGE('',*,*,#2405,.T.);
#5197 = ORIENTED_EDGE('',*,*,#5107,.T.);
#5198 = ORIENTED_EDGE('',*,*,#5182,.F.);
#5199 = ORIENTED_EDGE('',*,*,#5200,.T.);
#5200 = EDGE_CURVE('',#5175,#2406,#5201,.T.);
#5201 = LINE('',#5202,#5203);
#5202 = CARTESIAN_POINT('',(-35.93163051053,29.579531730857,
    -21.95579990953));
#5203 = VECTOR('',#5204,1.);
#5204 = DIRECTION('',(-1.,-0.,-0.));
#5205 = CYLINDRICAL_SURFACE('',#5206,4.000000000101);
#5206 = AXIS2_PLACEMENT_3D('',#5207,#5208,#5209);
#5207 = CARTESIAN_POINT('',(-35.93163051053,30.342767712418,
    -25.88230864341));
#5208 = DIRECTION('',(1.,0.,0.));
#5209 = DIRECTION('',(0.,1.,0.));
#5210 = ADVANCED_FACE('',(#5211),#5222,.T.);
#5211 = FACE_BOUND('',#5212,.T.);
#5212 = EDGE_LOOP('',(#5213,#5214,#5215,#5216));
#5213 = ORIENTED_EDGE('',*,*,#5165,.T.);
#5214 = ORIENTED_EDGE('',*,*,#2473,.T.);
#5215 = ORIENTED_EDGE('',*,*,#2432,.T.);
#5216 = ORIENTED_EDGE('',*,*,#5217,.T.);
#5217 = EDGE_CURVE('',#2433,#5166,#5218,.T.);
#5218 = LINE('',#5219,#5220);
#5219 = CARTESIAN_POINT('',(-35.73163051053,30.908313902305,
    -21.69751082028));
#5220 = VECTOR('',#5221,1.);
#5221 = DIRECTION('',(1.,0.,0.));
#5222 = CYLINDRICAL_SURFACE('',#5223,0.4);
#5223 = AXIS2_PLACEMENT_3D('',#5224,#5225,#5226);
#5224 = CARTESIAN_POINT('',(-33.48163051053,30.984637500456,
    -22.09016169366));
#5225 = DIRECTION('',(-1.,-1.14E-15,-6.9E-16));
#5226 = DIRECTION('',(-1.09402613888E-15,0.406736643076,0.913545457643)
  );
#5227 = ADVANCED_FACE('',(#5228),#5235,.T.);
#5228 = FACE_BOUND('',#5229,.T.);
#5229 = EDGE_LOOP('',(#5230,#5231,#5232,#5233,#5234));
#5230 = ORIENTED_EDGE('',*,*,#5217,.F.);
#5231 = ORIENTED_EDGE('',*,*,#2441,.F.);
#5232 = ORIENTED_EDGE('',*,*,#2449,.F.);
#5233 = ORIENTED_EDGE('',*,*,#5200,.F.);
#5234 = ORIENTED_EDGE('',*,*,#5174,.T.);
#5235 = PLANE('',#5236);
#5236 = AXIS2_PLACEMENT_3D('',#5237,#5238,#5239);
#5237 = CARTESIAN_POINT('',(-35.08163053505,30.243922838089,
    -21.82665536072));
#5238 = DIRECTION('',(7.0398E-13,-0.190808995374,0.981627183448));
#5239 = DIRECTION('',(0.,0.981627183448,0.190808995374));
#5240 = ADVANCED_FACE('',(#5241),#5252,.T.);
#5241 = FACE_BOUND('',#5242,.T.);
#5242 = EDGE_LOOP('',(#5243,#5244,#5250,#5251));
#5243 = ORIENTED_EDGE('',*,*,#5157,.F.);
#5244 = ORIENTED_EDGE('',*,*,#5245,.T.);
#5245 = EDGE_CURVE('',#5150,#2516,#5246,.T.);
#5246 = LINE('',#5247,#5248);
#5247 = CARTESIAN_POINT('',(-36.83163051053,31.45842977334,
    -22.87868445231));
#5248 = VECTOR('',#5249,1.);
#5249 = DIRECTION('',(-1.,0.,0.));
#5250 = ORIENTED_EDGE('',*,*,#2523,.T.);
#5251 = ORIENTED_EDGE('',*,*,#2489,.T.);
#5252 = CYLINDRICAL_SURFACE('',#5253,0.4);
#5253 = AXIS2_PLACEMENT_3D('',#5254,#5255,#5256);
#5254 = CARTESIAN_POINT('',(-36.83163051053,31.252414543377,
    -22.53581753204));
#5255 = DIRECTION('',(1.,1.14E-15,6.9E-16));
#5256 = DIRECTION('',(-9.392110199906E-16,0.970295726276,-0.2419218956)
  );
#5257 = ADVANCED_FACE('',(#5258),#5264,.T.);
#5258 = FACE_BOUND('',#5259,.T.);
#5259 = EDGE_LOOP('',(#5260,#5261,#5262,#5263));
#5260 = ORIENTED_EDGE('',*,*,#5245,.F.);
#5261 = ORIENTED_EDGE('',*,*,#5149,.F.);
#5262 = ORIENTED_EDGE('',*,*,#5121,.F.);
#5263 = ORIENTED_EDGE('',*,*,#2515,.F.);
#5264 = PLANE('',#5265);
#5265 = AXIS2_PLACEMENT_3D('',#5266,#5267,#5268);
#5266 = CARTESIAN_POINT('',(-35.78163051053,29.023085234114,
    -24.3419870797));
#5267 = DIRECTION('',(-8.1298E-13,0.51503807491,-0.857167300702));
#5268 = DIRECTION('',(5.048709793414E-29,-0.857167300702,-0.51503807491)
  );
#5269 = ADVANCED_FACE('',(#5270,#5273),#5284,.T.);
#5270 = FACE_BOUND('',#5271,.T.);
#5271 = EDGE_LOOP('',(#5272));
#5272 = ORIENTED_EDGE('',*,*,#2545,.T.);
#5273 = FACE_BOUND('',#5274,.T.);
#5274 = EDGE_LOOP('',(#5275));
#5275 = ORIENTED_EDGE('',*,*,#5276,.T.);
#5276 = EDGE_CURVE('',#5277,#5277,#5279,.T.);
#5277 = VERTEX_POINT('',#5278);
#5278 = CARTESIAN_POINT('',(-51.9,-4.588912937236,-30.5482303588));
#5279 = CIRCLE('',#5280,1.6);
#5280 = AXIS2_PLACEMENT_3D('',#5281,#5282,#5283);
#5281 = CARTESIAN_POINT('',(-53.5,-4.588912937236,-30.5482303588));
#5282 = DIRECTION('',(0.,-0.866025403784,0.5));
#5283 = DIRECTION('',(-1.,0.,0.));
#5284 = PLANE('',#5285);
#5285 = AXIS2_PLACEMENT_3D('',#5286,#5287,#5288);
#5286 = CARTESIAN_POINT('',(53.5,-4.588912937236,-30.5482303588));
#5287 = DIRECTION('',(0.,0.866025403784,-0.5));
#5288 = DIRECTION('',(-1.,0.,0.));
#5289 = ADVANCED_FACE('',(#5290),#5296,.F.);
#5290 = FACE_BOUND('',#5291,.F.);
#5291 = EDGE_LOOP('',(#5292,#5293,#5294,#5295));
#5292 = ORIENTED_EDGE('',*,*,#2666,.F.);
#5293 = ORIENTED_EDGE('',*,*,#4887,.F.);
#5294 = ORIENTED_EDGE('',*,*,#2611,.F.);
#5295 = ORIENTED_EDGE('',*,*,#2642,.F.);
#5296 = PLANE('',#5297);
#5297 = AXIS2_PLACEMENT_3D('',#5298,#5299,#5300);
#5298 = CARTESIAN_POINT('',(-43.89052270014,39.933338611505,
    -8.833428609021));
#5299 = DIRECTION('',(-0.999890390756,7.402811515432E-03,
    1.282204566358E-02));
#5300 = DIRECTION('',(1.480562303086E-02,0.499945195378,0.865930479395)
  );
#5301 = ADVANCED_FACE('',(#5302),#5308,.T.);
#5302 = FACE_BOUND('',#5303,.T.);
#5303 = EDGE_LOOP('',(#5304,#5305,#5306,#5307));
#5304 = ORIENTED_EDGE('',*,*,#2659,.T.);
#5305 = ORIENTED_EDGE('',*,*,#4849,.T.);
#5306 = ORIENTED_EDGE('',*,*,#4798,.F.);
#5307 = ORIENTED_EDGE('',*,*,#2709,.F.);
#5308 = CYLINDRICAL_SURFACE('',#5309,1.);
#5309 = AXIS2_PLACEMENT_3D('',#5310,#5311,#5312);
#5310 = CARTESIAN_POINT('',(-58.41684660145,39.900531797277,
    -6.8902516781));
#5311 = DIRECTION('',(-1.052E-14,-0.5,-0.866025403784));
#5312 = DIRECTION('',(-1.4E-15,0.866025403784,-0.5));
#5313 = ADVANCED_FACE('',(#5314),#5326,.F.);
#5314 = FACE_BOUND('',#5315,.F.);
#5315 = EDGE_LOOP('',(#5316,#5317,#5318,#5319));
#5316 = ORIENTED_EDGE('',*,*,#4533,.F.);
#5317 = ORIENTED_EDGE('',*,*,#3029,.T.);
#5318 = ORIENTED_EDGE('',*,*,#3054,.F.);
#5319 = ORIENTED_EDGE('',*,*,#5320,.T.);
#5320 = EDGE_CURVE('',#3055,#4526,#5321,.T.);
#5321 = CIRCLE('',#5322,1.);
#5322 = AXIS2_PLACEMENT_3D('',#5323,#5324,#5325);
#5323 = CARTESIAN_POINT('',(58.416846601457,39.900531797276,
    -6.8902516781));
#5324 = DIRECTION('',(-2.5E-16,-0.5,-0.866025403784));
#5325 = DIRECTION('',(-1.232595164408E-32,0.866025403784,-0.5));
#5326 = B_SPLINE_SURFACE_WITH_KNOTS('',3,3,(
    (#5327,#5328,#5329,#5330)
    ,(#5331,#5332,#5333,#5334)
    ,(#5335,#5336,#5337,#5338)
    ,(#5339,#5340,#5341,#5342)
    ,(#5343,#5344,#5345,#5346
  )),.UNSPECIFIED.,.F.,.F.,.F.,(4,1,4),(4,4),(0.,0.571428571429,1.),(
    -0.837758040957,2.34E-15),.UNSPECIFIED.);
#5327 = CARTESIAN_POINT('',(59.427791642303,40.015786760511,
    -6.098684432076));
#5328 = CARTESIAN_POINT('',(59.420544703176,40.102080584454,
    -6.364269513387));
#5329 = CARTESIAN_POINT('',(59.416237428476,40.070381988159,
    -6.66586151122));
#5330 = CARTESIAN_POINT('',(59.416237428476,39.930755648,-6.907701426451
    ));
#5331 = CARTESIAN_POINT('',(59.420910842676,40.295979837696,
    -6.007456428269));
#5332 = CARTESIAN_POINT('',(59.411498361499,40.406462225982,
    -6.352045759054));
#5333 = CARTESIAN_POINT('',(59.406027565814,40.364618254507,
    -6.740973774847));
#5334 = CARTESIAN_POINT('',(59.406027565814,40.183957411979,
    -7.053887533044));
#5335 = CARTESIAN_POINT('',(59.165730834202,40.773877907351,
    -5.845214913569));
#5336 = CARTESIAN_POINT('',(59.155164558057,40.926191021612,
    -6.325650619845));
#5337 = CARTESIAN_POINT('',(59.148906401855,40.86662018542,
    -6.867765153579));
#5338 = CARTESIAN_POINT('',(59.148906401855,40.615361137645,
    -7.302958590187));
#5339 = CARTESIAN_POINT('',(58.64938953987,40.938391613883,
    -5.777671922569));
#5340 = CARTESIAN_POINT('',(58.64115393839,41.109054842633,
    -6.308148633621));
#5341 = CARTESIAN_POINT('',(58.636259421708,41.044843559842,
    -6.908245565638));
#5342 = CARTESIAN_POINT('',(58.636259421708,40.766557201061,
    -7.3902516781));
#5343 = CARTESIAN_POINT('',(58.428400815284,40.936619426082,
    -5.77221768935));
#5344 = CARTESIAN_POINT('',(58.421153876157,41.109207073969,
    -6.303387851971));
#5345 = CARTESIAN_POINT('',(58.416846601457,41.04580988138,
    -6.906571847637));
#5346 = CARTESIAN_POINT('',(58.416846601457,40.766557201061,
    -7.3902516781));
#5347 = ADVANCED_FACE('',(#5348),#5360,.F.);
#5348 = FACE_BOUND('',#5349,.F.);
#5349 = EDGE_LOOP('',(#5350,#5351,#5358,#5359));
#5350 = ORIENTED_EDGE('',*,*,#3459,.F.);
#5351 = ORIENTED_EDGE('',*,*,#5352,.T.);
#5352 = EDGE_CURVE('',#3460,#3064,#5353,.T.);
#5353 = CIRCLE('',#5354,1.);
#5354 = AXIS2_PLACEMENT_3D('',#5355,#5356,#5357);
#5355 = CARTESIAN_POINT('',(57.212697220143,39.900531797276,
    -6.8902516781));
#5356 = DIRECTION('',(-2.359223927328E-16,-0.5,-0.866025403784));
#5357 = DIRECTION('',(-0.994521895368,9.052430460839E-02,
    -5.226423163389E-02));
#5358 = ORIENTED_EDGE('',*,*,#3071,.F.);
#5359 = ORIENTED_EDGE('',*,*,#3097,.F.);
#5360 = B_SPLINE_SURFACE_WITH_KNOTS('',3,3,(
    (#5361,#5362,#5363,#5364)
    ,(#5365,#5366,#5367,#5368)
    ,(#5369,#5370,#5371,#5372)
    ,(#5373,#5374,#5375,#5376)
    ,(#5377,#5378,#5379,#5380
  )),.UNSPECIFIED.,.F.,.F.,.F.,(4,1,4),(4,4),(0.,0.571428571429,1.),(
    8.31E-15,0.837758040957),.UNSPECIFIED.);
#5361 = CARTESIAN_POINT('',(56.218175324774,39.991056101885,
    -6.942515909734));
#5362 = CARTESIAN_POINT('',(56.218175324774,40.130682442044,
    -6.700675994503));
#5363 = CARTESIAN_POINT('',(56.205211325986,40.162381038339,
    -6.399083996669));
#5364 = CARTESIAN_POINT('',(56.183399550183,40.076087214395,
    -6.133498915359));
#5365 = CARTESIAN_POINT('',(56.247365178312,40.231571192756,
    -7.081377362193));
#5366 = CARTESIAN_POINT('',(56.247365178312,40.410532212959,
    -6.771407782626));
#5367 = CARTESIAN_POINT('',(56.231235538496,40.453769385901,
    -6.386715706524));
#5368 = CARTESIAN_POINT('',(56.203333211085,40.346814883909,
    -6.043897066209));
#5369 = CARTESIAN_POINT('',(56.513983648001,40.629297034813,
    -7.311004484168));
#5370 = CARTESIAN_POINT('',(56.513983648001,40.876127736608,
    -6.88348116779));
#5371 = CARTESIAN_POINT('',(56.495835096392,40.939236176566,
    -6.352753161093));
#5372 = CARTESIAN_POINT('',(56.464796317998,40.795588515378,
    -5.876608424867));
#5373 = CARTESIAN_POINT('',(57.003257709903,40.766557201061,
    -7.3902516781));
#5374 = CARTESIAN_POINT('',(57.003257709903,41.042821865019,
    -6.911747243789));
#5375 = CARTESIAN_POINT('',(56.988733016154,41.108590368647,
    -6.316701199427));
#5376 = CARTESIAN_POINT('',(56.964173047459,40.941778585022,
    -5.788095947885));
#5377 = CARTESIAN_POINT('',(57.212697220143,40.766557201061,
    -7.3902516781));
#5378 = CARTESIAN_POINT('',(57.212697220143,41.04580988138,
    -6.906571847637));
#5379 = CARTESIAN_POINT('',(57.199733221354,41.109207073969,
    -6.303387851971));
#5380 = CARTESIAN_POINT('',(57.177921445551,40.936619426082,
    -5.77221768935));
#5381 = ADVANCED_FACE('',(#5382,#5385),#5396,.T.);
#5382 = FACE_BOUND('',#5383,.T.);
#5383 = EDGE_LOOP('',(#5384));
#5384 = ORIENTED_EDGE('',*,*,#3199,.F.);
#5385 = FACE_BOUND('',#5386,.T.);
#5386 = EDGE_LOOP('',(#5387));
#5387 = ORIENTED_EDGE('',*,*,#5388,.T.);
#5388 = EDGE_CURVE('',#5389,#5389,#5391,.T.);
#5389 = VERTEX_POINT('',#5390);
#5390 = CARTESIAN_POINT('',(55.1,24.161087062764,19.248230358803));
#5391 = CIRCLE('',#5392,1.6);
#5392 = AXIS2_PLACEMENT_3D('',#5393,#5394,#5395);
#5393 = CARTESIAN_POINT('',(53.5,24.161087062764,19.248230358803));
#5394 = DIRECTION('',(0.,-0.866025403784,0.5));
#5395 = DIRECTION('',(-1.,0.,0.));
#5396 = PLANE('',#5397);
#5397 = AXIS2_PLACEMENT_3D('',#5398,#5399,#5400);
#5398 = CARTESIAN_POINT('',(53.5,24.161087062764,19.248230358803));
#5399 = DIRECTION('',(0.,0.866025403784,-0.5));
#5400 = DIRECTION('',(-1.,0.,0.));
#5401 = ADVANCED_FACE('',(#5402,#5405),#5416,.T.);
#5402 = FACE_BOUND('',#5403,.T.);
#5403 = EDGE_LOOP('',(#5404));
#5404 = ORIENTED_EDGE('',*,*,#3221,.T.);
#5405 = FACE_BOUND('',#5406,.T.);
#5406 = EDGE_LOOP('',(#5407));
#5407 = ORIENTED_EDGE('',*,*,#5408,.T.);
#5408 = EDGE_CURVE('',#5409,#5409,#5411,.T.);
#5409 = VERTEX_POINT('',#5410);
#5410 = CARTESIAN_POINT('',(-51.9,24.161087062764,19.248230358803));
#5411 = CIRCLE('',#5412,1.6);
#5412 = AXIS2_PLACEMENT_3D('',#5413,#5414,#5415);
#5413 = CARTESIAN_POINT('',(-53.5,24.161087062764,19.248230358803));
#5414 = DIRECTION('',(0.,-0.866025403784,0.5));
#5415 = DIRECTION('',(-1.,0.,0.));
#5416 = PLANE('',#5417);
#5417 = AXIS2_PLACEMENT_3D('',#5418,#5419,#5420);
#5418 = CARTESIAN_POINT('',(53.5,-4.588912937236,-30.5482303588));
#5419 = DIRECTION('',(0.,0.866025403784,-0.5));
#5420 = DIRECTION('',(-1.,0.,0.));
#5421 = ADVANCED_FACE('',(#5422),#5451,.T.);
#5422 = FACE_BOUND('',#5423,.T.);
#5423 = EDGE_LOOP('',(#5424,#5433,#5442,#5449,#5450));
#5424 = ORIENTED_EDGE('',*,*,#5425,.F.);
#5425 = EDGE_CURVE('',#5426,#3306,#5428,.T.);
#5426 = VERTEX_POINT('',#5427);
#5427 = CARTESIAN_POINT('',(-58.42893937241,-6.858586104109,
    -29.8794196004));
#5428 = CIRCLE('',#5429,4.960158006753);
#5429 = AXIS2_PLACEMENT_3D('',#5430,#5431,#5432);
#5430 = CARTESIAN_POINT('',(-53.5,-6.58077136594,-29.3982303588));
#5431 = DIRECTION('',(0.,-0.866025403784,0.5));
#5432 = DIRECTION('',(-1.,0.,0.));
#5433 = ORIENTED_EDGE('',*,*,#5434,.T.);
#5434 = EDGE_CURVE('',#5426,#5435,#5437,.T.);
#5435 = VERTEX_POINT('',#5436);
#5436 = CARTESIAN_POINT('',(-58.26004700151,-3.227410788642,
    -33.26292888445));
#5437 = ELLIPSE('',#5438,283.57121154135,8.5714842199);
#5438 = AXIS2_PLACEMENT_3D('',#5439,#5440,#5441);
#5439 = CARTESIAN_POINT('',(-48.55326134711,238.33330624421,
    -170.7994389953));
#5440 = DIRECTION('',(0.999390827019,-3.022385072366E-02,
    1.744974835125E-02));
#5441 = DIRECTION('',(3.489949670251E-02,0.865497844508,-0.49969541351)
  );
#5442 = ORIENTED_EDGE('',*,*,#5443,.T.);
#5443 = EDGE_CURVE('',#5435,#3248,#5444,.T.);
#5444 = ELLIPSE('',#5445,5.879585620791,5.092763488978);
#5445 = AXIS2_PLACEMENT_3D('',#5446,#5447,#5448);
#5446 = CARTESIAN_POINT('',(-53.44872054383,1.120016827295E-02,
    -33.20410689857));
#5447 = DIRECTION('',(0.499660735535,-0.750169555516,0.433110594815));
#5448 = DIRECTION('',(0.86622118963,0.432718890247,-0.249830367768));
#5449 = ORIENTED_EDGE('',*,*,#3247,.T.);
#5450 = ORIENTED_EDGE('',*,*,#3314,.T.);
#5451 = CONICAL_SURFACE('',#5452,4.999695390313,1.745329251994E-02);
#5452 = AXIS2_PLACEMENT_3D('',#5453,#5454,#5455);
#5453 = CARTESIAN_POINT('',(-53.5,-4.6191413919,-30.53077795236));
#5454 = DIRECTION('',(0.,0.866025403784,-0.5));
#5455 = DIRECTION('',(1.,3.314675921564E-14,5.741187106772E-14));
#5456 = ADVANCED_FACE('',(#5457,#5460),#5471,.F.);
#5457 = FACE_BOUND('',#5458,.F.);
#5458 = EDGE_LOOP('',(#5459));
#5459 = ORIENTED_EDGE('',*,*,#3271,.F.);
#5460 = FACE_BOUND('',#5461,.F.);
#5461 = EDGE_LOOP('',(#5462));
#5462 = ORIENTED_EDGE('',*,*,#5463,.T.);
#5463 = EDGE_CURVE('',#5464,#5464,#5466,.T.);
#5464 = VERTEX_POINT('',#5465);
#5465 = CARTESIAN_POINT('',(-44.2,-6.278014552379,-25.47384017536));
#5466 = CIRCLE('',#5467,2.);
#5467 = AXIS2_PLACEMENT_3D('',#5468,#5469,#5470);
#5468 = CARTESIAN_POINT('',(-46.2,-6.278014552379,-25.47384017536));
#5469 = DIRECTION('',(0.,-0.866025403784,0.5));
#5470 = DIRECTION('',(1.,0.,0.));
#5471 = PLANE('',#5472);
#5472 = AXIS2_PLACEMENT_3D('',#5473,#5474,#5475);
#5473 = CARTESIAN_POINT('',(-1.37E-15,-6.278014552379,-25.47384017536));
#5474 = DIRECTION('',(0.,0.866025403784,-0.5));
#5475 = DIRECTION('',(0.,0.5,0.866025403784));
#5476 = ADVANCED_FACE('',(#5477),#5506,.T.);
#5477 = FACE_BOUND('',#5478,.T.);
#5478 = EDGE_LOOP('',(#5479,#5488,#5489,#5490,#5499));
#5479 = ORIENTED_EDGE('',*,*,#5480,.F.);
#5480 = EDGE_CURVE('',#3296,#5481,#5483,.T.);
#5481 = VERTEX_POINT('',#5482);
#5482 = CARTESIAN_POINT('',(-58.42893937241,-6.302956627772,
    -28.9170411172));
#5483 = CIRCLE('',#5484,4.960158006753);
#5484 = AXIS2_PLACEMENT_3D('',#5485,#5486,#5487);
#5485 = CARTESIAN_POINT('',(-53.5,-6.58077136594,-29.3982303588));
#5486 = DIRECTION('',(0.,-0.866025403784,0.5));
#5487 = DIRECTION('',(-1.,0.,0.));
#5488 = ORIENTED_EDGE('',*,*,#3295,.T.);
#5489 = ORIENTED_EDGE('',*,*,#3343,.T.);
#5490 = ORIENTED_EDGE('',*,*,#5491,.T.);
#5491 = EDGE_CURVE('',#3336,#5492,#5494,.T.);
#5492 = VERTEX_POINT('',#5493);
#5493 = CARTESIAN_POINT('',(-58.26004700151,-1.557163976105,
    -30.36997654396));
#5494 = ELLIPSE('',#5495,5.879585620791,5.092763488978);
#5495 = AXIS2_PLACEMENT_3D('',#5496,#5497,#5498);
#5496 = CARTESIAN_POINT('',(-53.44872054383,1.120016827295E-02,
    -33.20410689857));
#5497 = DIRECTION('',(0.499660735535,-0.750169555516,0.433110594815));
#5498 = DIRECTION('',(0.86622118963,0.432718890247,-0.249830367768));
#5499 = ORIENTED_EDGE('',*,*,#5500,.T.);
#5500 = EDGE_CURVE('',#5492,#5481,#5501,.T.);
#5501 = ELLIPSE('',#5502,283.57121154135,8.5714842199);
#5502 = AXIS2_PLACEMENT_3D('',#5503,#5504,#5505);
#5503 = CARTESIAN_POINT('',(-48.55326134711,238.33330624421,
    -170.7994389953));
#5504 = DIRECTION('',(0.999390827019,-3.022385072366E-02,
    1.744974835125E-02));
#5505 = DIRECTION('',(3.489949670251E-02,0.865497844508,-0.49969541351)
  );
#5506 = CONICAL_SURFACE('',#5507,4.999695390313,1.745329251994E-02);
#5507 = AXIS2_PLACEMENT_3D('',#5508,#5509,#5510);
#5508 = CARTESIAN_POINT('',(-53.5,-4.6191413919,-30.53077795236));
#5509 = DIRECTION('',(0.,0.866025403784,-0.5));
#5510 = DIRECTION('',(1.,3.314675921564E-14,5.741187106772E-14));
#5511 = ADVANCED_FACE('',(#5512,#5582,#5593,#5604,#5615,#5718),#5729,.T.
  );
#5512 = FACE_BOUND('',#5513,.T.);
#5513 = EDGE_LOOP('',(#5514,#5524,#5533,#5541,#5550,#5558,#5567,#5575));
#5514 = ORIENTED_EDGE('',*,*,#5515,.F.);
#5515 = EDGE_CURVE('',#5516,#5518,#5520,.T.);
#5516 = VERTEX_POINT('',#5517);
#5517 = CARTESIAN_POINT('',(59.4,23.619228634068,22.90970402977));
#5518 = VERTEX_POINT('',#5519);
#5519 = CARTESIAN_POINT('',(59.4,-8.030771365944,-31.90970402977));
#5520 = LINE('',#5521,#5522);
#5521 = CARTESIAN_POINT('',(59.4,-8.08077136594,-31.99630657015));
#5522 = VECTOR('',#5523,1.);
#5523 = DIRECTION('',(1.4E-16,-0.5,-0.866025403784));
#5524 = ORIENTED_EDGE('',*,*,#5525,.T.);
#5525 = EDGE_CURVE('',#5516,#5526,#5528,.T.);
#5526 = VERTEX_POINT('',#5527);
#5527 = CARTESIAN_POINT('',(55.4,25.61922863406,26.373805644914));
#5528 = CIRCLE('',#5529,4.);
#5529 = AXIS2_PLACEMENT_3D('',#5530,#5531,#5532);
#5530 = CARTESIAN_POINT('',(55.4,23.619228634065,22.909704029772));
#5531 = DIRECTION('',(0.,-0.866025403784,0.5));
#5532 = DIRECTION('',(1.,0.,0.));
#5533 = ORIENTED_EDGE('',*,*,#5534,.F.);
#5534 = EDGE_CURVE('',#5535,#5526,#5537,.T.);
#5535 = VERTEX_POINT('',#5536);
#5536 = CARTESIAN_POINT('',(-55.4,25.61922863406,26.373805644914));
#5537 = LINE('',#5538,#5539);
#5538 = CARTESIAN_POINT('',(55.5,25.61922863406,26.373805644915));
#5539 = VECTOR('',#5540,1.);
#5540 = DIRECTION('',(1.,4.E-17,7.E-17));
#5541 = ORIENTED_EDGE('',*,*,#5542,.T.);
#5542 = EDGE_CURVE('',#5535,#5543,#5545,.T.);
#5543 = VERTEX_POINT('',#5544);
#5544 = CARTESIAN_POINT('',(-59.4,23.619228634059,22.909704029776));
#5545 = CIRCLE('',#5546,4.);
#5546 = AXIS2_PLACEMENT_3D('',#5547,#5548,#5549);
#5547 = CARTESIAN_POINT('',(-55.4,23.619228634065,22.909704029772));
#5548 = DIRECTION('',(0.,-0.866025403784,0.5));
#5549 = DIRECTION('',(1.,0.,0.));
#5550 = ORIENTED_EDGE('',*,*,#5551,.F.);
#5551 = EDGE_CURVE('',#5552,#5543,#5554,.T.);
#5552 = VERTEX_POINT('',#5553);
#5553 = CARTESIAN_POINT('',(-59.4,-8.030771365953,-31.90970402977));
#5554 = LINE('',#5555,#5556);
#5555 = CARTESIAN_POINT('',(-59.4,23.66922863406,22.996306570156));
#5556 = VECTOR('',#5557,1.);
#5557 = DIRECTION('',(0.,0.5,0.866025403784));
#5558 = ORIENTED_EDGE('',*,*,#5559,.T.);
#5559 = EDGE_CURVE('',#5552,#5560,#5562,.T.);
#5560 = VERTEX_POINT('',#5561);
#5561 = CARTESIAN_POINT('',(-55.4,-10.03077136594,-35.37380564491));
#5562 = CIRCLE('',#5563,4.);
#5563 = AXIS2_PLACEMENT_3D('',#5564,#5565,#5566);
#5564 = CARTESIAN_POINT('',(-55.4,-8.030771365947,-31.90970402977));
#5565 = DIRECTION('',(0.,-0.866025403784,0.5));
#5566 = DIRECTION('',(1.,0.,0.));
#5567 = ORIENTED_EDGE('',*,*,#5568,.F.);
#5568 = EDGE_CURVE('',#5569,#5560,#5571,.T.);
#5569 = VERTEX_POINT('',#5570);
#5570 = CARTESIAN_POINT('',(55.4,-10.03077136594,-35.37380564491));
#5571 = LINE('',#5572,#5573);
#5572 = CARTESIAN_POINT('',(-55.5,-10.03077136594,-35.37380564491));
#5573 = VECTOR('',#5574,1.);
#5574 = DIRECTION('',(-1.,1.E-17,-5.E-17));
#5575 = ORIENTED_EDGE('',*,*,#5576,.T.);
#5576 = EDGE_CURVE('',#5569,#5518,#5577,.T.);
#5577 = CIRCLE('',#5578,4.);
#5578 = AXIS2_PLACEMENT_3D('',#5579,#5580,#5581);
#5579 = CARTESIAN_POINT('',(55.4,-8.030771365947,-31.90970402977));
#5580 = DIRECTION('',(0.,-0.866025403784,0.5));
#5581 = DIRECTION('',(1.,0.,0.));
#5582 = FACE_BOUND('',#5583,.T.);
#5583 = EDGE_LOOP('',(#5584));
#5584 = ORIENTED_EDGE('',*,*,#5585,.T.);
#5585 = EDGE_CURVE('',#5586,#5586,#5588,.T.);
#5586 = VERTEX_POINT('',#5587);
#5587 = CARTESIAN_POINT('',(-51.9,-6.58077136594,-29.3982303588));
#5588 = CIRCLE('',#5589,1.6);
#5589 = AXIS2_PLACEMENT_3D('',#5590,#5591,#5592);
#5590 = CARTESIAN_POINT('',(-53.5,-6.58077136594,-29.3982303588));
#5591 = DIRECTION('',(0.,0.866025403784,-0.5));
#5592 = DIRECTION('',(-1.,0.,0.));
#5593 = FACE_BOUND('',#5594,.T.);
#5594 = EDGE_LOOP('',(#5595));
#5595 = ORIENTED_EDGE('',*,*,#5596,.T.);
#5596 = EDGE_CURVE('',#5597,#5597,#5599,.T.);
#5597 = VERTEX_POINT('',#5598);
#5598 = CARTESIAN_POINT('',(55.1,-6.58077136594,-29.3982303588));
#5599 = CIRCLE('',#5600,1.6);
#5600 = AXIS2_PLACEMENT_3D('',#5601,#5602,#5603);
#5601 = CARTESIAN_POINT('',(53.5,-6.58077136594,-29.3982303588));
#5602 = DIRECTION('',(0.,0.866025403784,-0.5));
#5603 = DIRECTION('',(-1.,0.,0.));
#5604 = FACE_BOUND('',#5605,.T.);
#5605 = EDGE_LOOP('',(#5606));
#5606 = ORIENTED_EDGE('',*,*,#5607,.T.);
#5607 = EDGE_CURVE('',#5608,#5608,#5610,.T.);
#5608 = VERTEX_POINT('',#5609);
#5609 = CARTESIAN_POINT('',(-51.9,22.16922863406,20.398230358803));
#5610 = CIRCLE('',#5611,1.6);
#5611 = AXIS2_PLACEMENT_3D('',#5612,#5613,#5614);
#5612 = CARTESIAN_POINT('',(-53.5,22.16922863406,20.398230358803));
#5613 = DIRECTION('',(0.,0.866025403784,-0.5));
#5614 = DIRECTION('',(-1.,0.,0.));
#5615 = FACE_BOUND('',#5616,.T.);
#5616 = EDGE_LOOP('',(#5617,#5618,#5619,#5627,#5634,#5635,#5644,#5652,
    #5661,#5669,#5678,#5686,#5693,#5694,#5695,#5702,#5703,#5704,#5705,
    #5706,#5707,#5708,#5709,#5710,#5711,#5717));
#5617 = ORIENTED_EDGE('',*,*,#3305,.F.);
#5618 = ORIENTED_EDGE('',*,*,#5480,.T.);
#5619 = ORIENTED_EDGE('',*,*,#5620,.T.);
#5620 = EDGE_CURVE('',#5481,#5621,#5623,.T.);
#5621 = VERTEX_POINT('',#5622);
#5622 = CARTESIAN_POINT('',(-58.42893937241,21.891413895891,
    19.917041117203));
#5623 = LINE('',#5624,#5625);
#5624 = CARTESIAN_POINT('',(-58.42893937241,-1.39327136594,
    -20.41321679453));
#5625 = VECTOR('',#5626,1.);
#5626 = DIRECTION('',(0.,0.5,0.866025403784));
#5627 = ORIENTED_EDGE('',*,*,#5628,.T.);
#5628 = EDGE_CURVE('',#5621,#3968,#5629,.T.);
#5629 = CIRCLE('',#5630,4.960158006753);
#5630 = AXIS2_PLACEMENT_3D('',#5631,#5632,#5633);
#5631 = CARTESIAN_POINT('',(-53.5,22.16922863406,20.398230358803));
#5632 = DIRECTION('',(0.,-0.866025403784,0.5));
#5633 = DIRECTION('',(-1.,0.,0.));
#5634 = ORIENTED_EDGE('',*,*,#3967,.F.);
#5635 = ORIENTED_EDGE('',*,*,#5636,.T.);
#5636 = EDGE_CURVE('',#3958,#5637,#5639,.T.);
#5637 = VERTEX_POINT('',#5638);
#5638 = CARTESIAN_POINT('',(-58.42893937241,22.447043372228,
    20.879419600401));
#5639 = CIRCLE('',#5640,4.960158006753);
#5640 = AXIS2_PLACEMENT_3D('',#5641,#5642,#5643);
#5641 = CARTESIAN_POINT('',(-53.5,22.16922863406,20.398230358803));
#5642 = DIRECTION('',(0.,-0.866025403784,0.5));
#5643 = DIRECTION('',(-1.,0.,0.));
#5644 = ORIENTED_EDGE('',*,*,#5645,.T.);
#5645 = EDGE_CURVE('',#5637,#5646,#5648,.T.);
#5646 = VERTEX_POINT('',#5647);
#5647 = CARTESIAN_POINT('',(-58.42893937241,23.66559525651,
    22.990013375636));
#5648 = LINE('',#5649,#5650);
#5649 = CARTESIAN_POINT('',(-58.42893937241,-1.39327136594,
    -20.41321679453));
#5650 = VECTOR('',#5651,1.);
#5651 = DIRECTION('',(0.,0.5,0.866025403784));
#5652 = ORIENTED_EDGE('',*,*,#5653,.T.);
#5653 = EDGE_CURVE('',#5646,#5654,#5656,.T.);
#5654 = VERTEX_POINT('',#5655);
#5655 = CARTESIAN_POINT('',(-55.4927332449,25.133698320269,
    25.532842472815));
#5656 = ELLIPSE('',#5657,2.936218115342,2.936210123458);
#5657 = AXIS2_PLACEMENT_3D('',#5658,#5659,#5660);
#5658 = CARTESIAN_POINT('',(-55.49272525301,23.665591260568,
    22.990006454462));
#5659 = DIRECTION('',(0.,0.866025403784,-0.5));
#5660 = DIRECTION('',(-0.707106780938,0.353553390718,0.612372435911));
#5661 = ORIENTED_EDGE('',*,*,#5662,.T.);
#5662 = EDGE_CURVE('',#5654,#5663,#5665,.T.);
#5663 = VERTEX_POINT('',#5664);
#5664 = CARTESIAN_POINT('',(55.492160586668,25.133698320269,
    25.532842472815));
#5665 = LINE('',#5666,#5667);
#5666 = CARTESIAN_POINT('',(-30.25,25.133698320269,25.532842472815));
#5667 = VECTOR('',#5668,1.);
#5668 = DIRECTION('',(1.,0.,0.));
#5669 = ORIENTED_EDGE('',*,*,#5670,.T.);
#5670 = EDGE_CURVE('',#5663,#5671,#5673,.T.);
#5671 = VERTEX_POINT('',#5672);
#5672 = CARTESIAN_POINT('',(58.428939372419,23.665308927394,
    22.98951743906));
#5673 = ELLIPSE('',#5674,2.936786878883,2.936781483461);
#5674 = AXIS2_PLACEMENT_3D('',#5675,#5676,#5677);
#5675 = CARTESIAN_POINT('',(55.492155191246,23.665306229683,
    22.989512766487));
#5676 = DIRECTION('',(0.,0.866025403784,-0.5));
#5677 = DIRECTION('',(0.707106780789,0.353553390792,0.61237243604));
#5678 = ORIENTED_EDGE('',*,*,#5679,.T.);
#5679 = EDGE_CURVE('',#5671,#5680,#5682,.T.);
#5680 = VERTEX_POINT('',#5681);
#5681 = CARTESIAN_POINT('',(58.428939372419,22.447043372228,
    20.879419600401));
#5682 = LINE('',#5683,#5684);
#5683 = CARTESIAN_POINT('',(58.428939372419,16.98172863406,
    11.413216794539));
#5684 = VECTOR('',#5685,1.);
#5685 = DIRECTION('',(0.,-0.5,-0.866025403784));
#5686 = ORIENTED_EDGE('',*,*,#5687,.T.);
#5687 = EDGE_CURVE('',#5680,#4353,#5688,.T.);
#5688 = CIRCLE('',#5689,4.960158006753);
#5689 = AXIS2_PLACEMENT_3D('',#5690,#5691,#5692);
#5690 = CARTESIAN_POINT('',(53.5,22.16922863406,20.398230358803));
#5691 = DIRECTION('',(0.,-0.866025403784,0.5));
#5692 = DIRECTION('',(-1.,0.,0.));
#5693 = ORIENTED_EDGE('',*,*,#4352,.F.);
#5694 = ORIENTED_EDGE('',*,*,#4392,.F.);
#5695 = ORIENTED_EDGE('',*,*,#5696,.T.);
#5696 = EDGE_CURVE('',#4382,#3504,#5697,.T.);
#5697 = CIRCLE('',#5698,4.960158006753);
#5698 = AXIS2_PLACEMENT_3D('',#5699,#5700,#5701);
#5699 = CARTESIAN_POINT('',(53.5,22.16922863406,20.398230358803));
#5700 = DIRECTION('',(0.,-0.866025403784,0.5));
#5701 = DIRECTION('',(-1.,0.,0.));
#5702 = ORIENTED_EDGE('',*,*,#3512,.T.);
#5703 = ORIENTED_EDGE('',*,*,#3535,.T.);
#5704 = ORIENTED_EDGE('',*,*,#3581,.F.);
#5705 = ORIENTED_EDGE('',*,*,#3609,.F.);
#5706 = ORIENTED_EDGE('',*,*,#3634,.T.);
#5707 = ORIENTED_EDGE('',*,*,#3670,.T.);
#5708 = ORIENTED_EDGE('',*,*,#3694,.T.);
#5709 = ORIENTED_EDGE('',*,*,#3709,.T.);
#5710 = ORIENTED_EDGE('',*,*,#3759,.T.);
#5711 = ORIENTED_EDGE('',*,*,#5712,.T.);
#5712 = EDGE_CURVE('',#3734,#5426,#5713,.T.);
#5713 = LINE('',#5714,#5715);
#5714 = CARTESIAN_POINT('',(-58.42893937241,-1.39327136594,
    -20.41321679453));
#5715 = VECTOR('',#5716,1.);
#5716 = DIRECTION('',(0.,0.5,0.866025403784));
#5717 = ORIENTED_EDGE('',*,*,#5425,.T.);
#5718 = FACE_BOUND('',#5719,.T.);
#5719 = EDGE_LOOP('',(#5720));
#5720 = ORIENTED_EDGE('',*,*,#5721,.T.);
#5721 = EDGE_CURVE('',#5722,#5722,#5724,.T.);
#5722 = VERTEX_POINT('',#5723);
#5723 = CARTESIAN_POINT('',(55.1,22.16922863406,20.398230358803));
#5724 = CIRCLE('',#5725,1.6);
#5725 = AXIS2_PLACEMENT_3D('',#5726,#5727,#5728);
#5726 = CARTESIAN_POINT('',(53.5,22.16922863406,20.398230358803));
#5727 = DIRECTION('',(0.,0.866025403784,-0.5));
#5728 = DIRECTION('',(-1.,0.,0.));
#5729 = PLANE('',#5730);
#5730 = AXIS2_PLACEMENT_3D('',#5731,#5732,#5733);
#5731 = CARTESIAN_POINT('',(0.,7.79422863406,-4.5));
#5732 = DIRECTION('',(0.,-0.866025403784,0.5));
#5733 = DIRECTION('',(1.,0.,0.));
#5734 = ADVANCED_FACE('',(#5735),#5751,.T.);
#5735 = FACE_BOUND('',#5736,.T.);
#5736 = EDGE_LOOP('',(#5737,#5738,#5739,#5740,#5741,#5742,#5749,#5750));
#5737 = ORIENTED_EDGE('',*,*,#3907,.T.);
#5738 = ORIENTED_EDGE('',*,*,#3898,.T.);
#5739 = ORIENTED_EDGE('',*,*,#3889,.T.);
#5740 = ORIENTED_EDGE('',*,*,#3880,.T.);
#5741 = ORIENTED_EDGE('',*,*,#3986,.T.);
#5742 = ORIENTED_EDGE('',*,*,#5743,.F.);
#5743 = EDGE_CURVE('',#3359,#3977,#5744,.T.);
#5744 = CIRCLE('',#5745,5.047433331394);
#5745 = AXIS2_PLACEMENT_3D('',#5746,#5747,#5748);
#5746 = CARTESIAN_POINT('',(-53.5,26.499355652982,17.898230358803));
#5747 = DIRECTION('',(0.,-0.866025403784,0.5));
#5748 = DIRECTION('',(-1.,0.,0.));
#5749 = ORIENTED_EDGE('',*,*,#3358,.T.);
#5750 = ORIENTED_EDGE('',*,*,#3390,.T.);
#5751 = CYLINDRICAL_SURFACE('',#5752,5.047433331394);
#5752 = AXIS2_PLACEMENT_3D('',#5753,#5754,#5755);
#5753 = CARTESIAN_POINT('',(-53.5,31.695508075694,14.898230358799));
#5754 = DIRECTION('',(0.,-0.866025403784,0.5));
#5755 = DIRECTION('',(-1.,0.,0.));
#5756 = ADVANCED_FACE('',(#5757),#5776,.F.);
#5757 = FACE_BOUND('',#5758,.T.);
#5758 = EDGE_LOOP('',(#5759,#5760,#5761,#5770));
#5759 = ORIENTED_EDGE('',*,*,#5491,.F.);
#5760 = ORIENTED_EDGE('',*,*,#3368,.T.);
#5761 = ORIENTED_EDGE('',*,*,#5762,.F.);
#5762 = EDGE_CURVE('',#5763,#3359,#5765,.T.);
#5763 = VERTEX_POINT('',#5764);
#5764 = CARTESIAN_POINT('',(-58.26004700151,25.522589211358,
    16.533531833147));
#5765 = ELLIPSE('',#5766,5.879585620791,5.092763488978);
#5766 = AXIS2_PLACEMENT_3D('',#5767,#5768,#5769);
#5767 = CARTESIAN_POINT('',(-53.44872054383,28.761200168273,
    16.592353819034));
#5768 = DIRECTION('',(0.499660735535,-0.750169555516,0.433110594815));
#5769 = DIRECTION('',(0.86622118963,0.432718890247,-0.249830367768));
#5770 = ORIENTED_EDGE('',*,*,#5771,.T.);
#5771 = EDGE_CURVE('',#5763,#5492,#5772,.T.);
#5772 = LINE('',#5773,#5774);
#5773 = CARTESIAN_POINT('',(-58.26004700151,-1.798537382373,
    -30.78804754721));
#5774 = VECTOR('',#5775,1.);
#5775 = DIRECTION('',(0.,-0.5,-0.866025403784));
#5776 = PLANE('',#5777);
#5777 = AXIS2_PLACEMENT_3D('',#5778,#5779,#5780);
#5778 = CARTESIAN_POINT('',(-58.3667303508,2.741919185111,
    -22.80067017233));
#5779 = DIRECTION('',(-0.499660735535,0.750169555516,-0.433110594815));
#5780 = DIRECTION('',(-0.654992104427,5.4981019737E-13,0.75563572119));
#5781 = ADVANCED_FACE('',(#5782),#5788,.T.);
#5782 = FACE_BOUND('',#5783,.T.);
#5783 = EDGE_LOOP('',(#5784,#5785,#5786,#5787));
#5784 = ORIENTED_EDGE('',*,*,#5352,.T.);
#5785 = ORIENTED_EDGE('',*,*,#4508,.T.);
#5786 = ORIENTED_EDGE('',*,*,#4426,.T.);
#5787 = ORIENTED_EDGE('',*,*,#3468,.T.);
#5788 = CYLINDRICAL_SURFACE('',#5789,1.);
#5789 = AXIS2_PLACEMENT_3D('',#5790,#5791,#5792);
#5790 = CARTESIAN_POINT('',(57.212697220143,34.096465343809,
    -16.94318966601));
#5791 = DIRECTION('',(1.E-17,-0.5,-0.866025403784));
#5792 = DIRECTION('',(-0.669130606359,0.643582297554,-0.371572412739));
#5793 = ADVANCED_FACE('',(#5794),#5800,.T.);
#5794 = FACE_BOUND('',#5795,.T.);
#5795 = EDGE_LOOP('',(#5796,#5797,#5798,#5799));
#5796 = ORIENTED_EDGE('',*,*,#5696,.F.);
#5797 = ORIENTED_EDGE('',*,*,#4381,.T.);
#5798 = ORIENTED_EDGE('',*,*,#4410,.F.);
#5799 = ORIENTED_EDGE('',*,*,#3503,.T.);
#5800 = CONICAL_SURFACE('',#5801,4.999695390313,1.745329251994E-02);
#5801 = AXIS2_PLACEMENT_3D('',#5802,#5803,#5804);
#5802 = CARTESIAN_POINT('',(53.5,24.1308586081,19.26568276524));
#5803 = DIRECTION('',(0.,0.866025403784,-0.5));
#5804 = DIRECTION('',(-1.,0.,0.));
#5805 = ADVANCED_FACE('',(#5806,#5809),#5820,.F.);
#5806 = FACE_BOUND('',#5807,.F.);
#5807 = EDGE_LOOP('',(#5808));
#5808 = ORIENTED_EDGE('',*,*,#3573,.F.);
#5809 = FACE_BOUND('',#5810,.F.);
#5810 = EDGE_LOOP('',(#5811));
#5811 = ORIENTED_EDGE('',*,*,#5812,.T.);
#5812 = EDGE_CURVE('',#5813,#5813,#5815,.T.);
#5813 = VERTEX_POINT('',#5814);
#5814 = CARTESIAN_POINT('',(48.2,-6.278014552379,-25.47384017536));
#5815 = CIRCLE('',#5816,2.);
#5816 = AXIS2_PLACEMENT_3D('',#5817,#5818,#5819);
#5817 = CARTESIAN_POINT('',(46.2,-6.278014552379,-25.47384017536));
#5818 = DIRECTION('',(0.,-0.866025403784,0.5));
#5819 = DIRECTION('',(1.,0.,0.));
#5820 = PLANE('',#5821);
#5821 = AXIS2_PLACEMENT_3D('',#5822,#5823,#5824);
#5822 = CARTESIAN_POINT('',(-1.37E-15,-6.278014552379,-25.47384017536));
#5823 = DIRECTION('',(0.,0.866025403784,-0.5));
#5824 = DIRECTION('',(0.,0.5,0.866025403784));
#5825 = ADVANCED_FACE('',(#5826),#5838,.F.);
#5826 = FACE_BOUND('',#5827,.T.);
#5827 = EDGE_LOOP('',(#5828,#5829,#5830,#5831,#5832));
#5828 = ORIENTED_EDGE('',*,*,#5434,.F.);
#5829 = ORIENTED_EDGE('',*,*,#5712,.F.);
#5830 = ORIENTED_EDGE('',*,*,#3733,.T.);
#5831 = ORIENTED_EDGE('',*,*,#3774,.T.);
#5832 = ORIENTED_EDGE('',*,*,#5833,.F.);
#5833 = EDGE_CURVE('',#5435,#3775,#5834,.T.);
#5834 = LINE('',#5835,#5836);
#5835 = CARTESIAN_POINT('',(-58.26004700151,-1.798537382373,
    -30.78804754721));
#5836 = VECTOR('',#5837,1.);
#5837 = DIRECTION('',(0.,-0.5,-0.866025403784));
#5838 = PLANE('',#5839);
#5839 = AXIS2_PLACEMENT_3D('',#5840,#5841,#5842);
#5840 = CARTESIAN_POINT('',(-58.74551482287,-18.43175478651,
    -31.7936661978));
#5841 = DIRECTION('',(-0.999390827019,3.022385072366E-02,
    -1.744974835125E-02));
#5842 = DIRECTION('',(9.528836053541E-15,0.5,0.866025403784));
#5843 = ADVANCED_FACE('',(#5844),#5850,.F.);
#5844 = FACE_BOUND('',#5845,.T.);
#5845 = EDGE_LOOP('',(#5846,#5847,#5848,#5849));
#5846 = ORIENTED_EDGE('',*,*,#5443,.F.);
#5847 = ORIENTED_EDGE('',*,*,#5833,.T.);
#5848 = ORIENTED_EDGE('',*,*,#3782,.F.);
#5849 = ORIENTED_EDGE('',*,*,#3823,.T.);
#5850 = PLANE('',#5851);
#5851 = AXIS2_PLACEMENT_3D('',#5852,#5853,#5854);
#5852 = CARTESIAN_POINT('',(-58.3667303508,2.741919185111,
    -22.80067017233));
#5853 = DIRECTION('',(-0.499660735535,0.750169555516,-0.433110594815));
#5854 = DIRECTION('',(-0.654992104427,5.4981019737E-13,0.75563572119));
#5855 = ADVANCED_FACE('',(#5856,#5859),#5870,.F.);
#5856 = FACE_BOUND('',#5857,.F.);
#5857 = EDGE_LOOP('',(#5858));
#5858 = ORIENTED_EDGE('',*,*,#3932,.F.);
#5859 = FACE_BOUND('',#5860,.F.);
#5860 = EDGE_LOOP('',(#5861));
#5861 = ORIENTED_EDGE('',*,*,#5862,.T.);
#5862 = EDGE_CURVE('',#5863,#5863,#5865,.T.);
#5863 = VERTEX_POINT('',#5864);
#5864 = CARTESIAN_POINT('',(-44.2,18.92198544763,18.173840175364));
#5865 = CIRCLE('',#5866,2.);
#5866 = AXIS2_PLACEMENT_3D('',#5867,#5868,#5869);
#5867 = CARTESIAN_POINT('',(-46.2,18.92198544763,18.173840175364));
#5868 = DIRECTION('',(0.,-0.866025403784,0.5));
#5869 = DIRECTION('',(1.,0.,0.));
#5870 = PLANE('',#5871);
#5871 = AXIS2_PLACEMENT_3D('',#5872,#5873,#5874);
#5872 = CARTESIAN_POINT('',(2.05E-15,18.92198544763,18.173840175364));
#5873 = DIRECTION('',(0.,0.866025403784,-0.5));
#5874 = DIRECTION('',(0.,0.5,0.866025403784));
#5875 = ADVANCED_FACE('',(#5876),#5899,.T.);
#5876 = FACE_BOUND('',#5877,.T.);
#5877 = EDGE_LOOP('',(#5878,#5887,#5888,#5889,#5890,#5891,#5892,#5893));
#5878 = ORIENTED_EDGE('',*,*,#5879,.F.);
#5879 = EDGE_CURVE('',#3950,#5880,#5882,.T.);
#5880 = VERTEX_POINT('',#5881);
#5881 = CARTESIAN_POINT('',(-57.97650449538,27.665277041589,
    19.9176654415));
#5882 = CIRCLE('',#5883,5.047433331394);
#5883 = AXIS2_PLACEMENT_3D('',#5884,#5885,#5886);
#5884 = CARTESIAN_POINT('',(-53.5,26.499355652982,17.898230358803));
#5885 = DIRECTION('',(0.,-0.866025403784,0.5));
#5886 = DIRECTION('',(-1.,0.,0.));
#5887 = ORIENTED_EDGE('',*,*,#3949,.F.);
#5888 = ORIENTED_EDGE('',*,*,#4318,.T.);
#5889 = ORIENTED_EDGE('',*,*,#4309,.T.);
#5890 = ORIENTED_EDGE('',*,*,#4300,.T.);
#5891 = ORIENTED_EDGE('',*,*,#4291,.F.);
#5892 = ORIENTED_EDGE('',*,*,#4282,.T.);
#5893 = ORIENTED_EDGE('',*,*,#5894,.F.);
#5894 = EDGE_CURVE('',#5880,#4275,#5895,.T.);
#5895 = LINE('',#5896,#5897);
#5896 = CARTESIAN_POINT('',(-57.97650449538,27.665277041589,
    19.9176654415));
#5897 = VECTOR('',#5898,1.);
#5898 = DIRECTION('',(0.,0.866025403784,-0.5));
#5899 = CYLINDRICAL_SURFACE('',#5900,5.047433331394);
#5900 = AXIS2_PLACEMENT_3D('',#5901,#5902,#5903);
#5901 = CARTESIAN_POINT('',(-53.5,31.695508075694,14.898230358799));
#5902 = DIRECTION('',(0.,-0.866025403784,0.5));
#5903 = DIRECTION('',(-1.,0.,0.));
#5904 = ADVANCED_FACE('',(#5905),#5926,.T.);
#5905 = FACE_BOUND('',#5906,.T.);
#5906 = EDGE_LOOP('',(#5907,#5908,#5909,#5910,#5919));
#5907 = ORIENTED_EDGE('',*,*,#5636,.F.);
#5908 = ORIENTED_EDGE('',*,*,#3957,.T.);
#5909 = ORIENTED_EDGE('',*,*,#5879,.T.);
#5910 = ORIENTED_EDGE('',*,*,#5911,.T.);
#5911 = EDGE_CURVE('',#5880,#5912,#5914,.T.);
#5912 = VERTEX_POINT('',#5913);
#5913 = CARTESIAN_POINT('',(-58.26004700151,27.192836023895,
    19.426484173641));
#5914 = ELLIPSE('',#5915,5.879585620791,5.092763488978);
#5915 = AXIS2_PLACEMENT_3D('',#5916,#5917,#5918);
#5916 = CARTESIAN_POINT('',(-53.44872054383,28.761200168273,
    16.592353819034));
#5917 = DIRECTION('',(0.499660735535,-0.750169555516,0.433110594815));
#5918 = DIRECTION('',(0.86622118963,0.432718890247,-0.249830367768));
#5919 = ORIENTED_EDGE('',*,*,#5920,.T.);
#5920 = EDGE_CURVE('',#5912,#5637,#5921,.T.);
#5921 = ELLIPSE('',#5922,283.57121154135,8.5714842199);
#5922 = AXIS2_PLACEMENT_3D('',#5923,#5924,#5925);
#5923 = CARTESIAN_POINT('',(-48.55326134711,267.08330624421,
    -121.0029782777));
#5924 = DIRECTION('',(0.999390827019,-3.022385072366E-02,
    1.744974835125E-02));
#5925 = DIRECTION('',(3.489949670251E-02,0.865497844508,-0.49969541351)
  );
#5926 = CONICAL_SURFACE('',#5927,4.999695390313,1.745329251994E-02);
#5927 = AXIS2_PLACEMENT_3D('',#5928,#5929,#5930);
#5928 = CARTESIAN_POINT('',(-53.5,24.1308586081,19.26568276524));
#5929 = DIRECTION('',(0.,0.866025403784,-0.5));
#5930 = DIRECTION('',(1.,3.314675921564E-14,5.741187106772E-14));
#5931 = ADVANCED_FACE('',(#5932),#5945,.T.);
#5932 = FACE_BOUND('',#5933,.T.);
#5933 = EDGE_LOOP('',(#5934,#5935,#5942,#5943,#5944));
#5934 = ORIENTED_EDGE('',*,*,#5628,.F.);
#5935 = ORIENTED_EDGE('',*,*,#5936,.T.);
#5936 = EDGE_CURVE('',#5621,#5763,#5937,.T.);
#5937 = ELLIPSE('',#5938,283.57121154135,8.5714842199);
#5938 = AXIS2_PLACEMENT_3D('',#5939,#5940,#5941);
#5939 = CARTESIAN_POINT('',(-48.55326134711,267.08330624421,
    -121.0029782777));
#5940 = DIRECTION('',(0.999390827019,-3.022385072366E-02,
    1.744974835125E-02));
#5941 = DIRECTION('',(3.489949670251E-02,0.865497844508,-0.49969541351)
  );
#5942 = ORIENTED_EDGE('',*,*,#5762,.T.);
#5943 = ORIENTED_EDGE('',*,*,#5743,.T.);
#5944 = ORIENTED_EDGE('',*,*,#3976,.T.);
#5945 = CONICAL_SURFACE('',#5946,4.999695390313,1.745329251994E-02);
#5946 = AXIS2_PLACEMENT_3D('',#5947,#5948,#5949);
#5947 = CARTESIAN_POINT('',(-53.5,24.1308586081,19.26568276524));
#5948 = DIRECTION('',(0.,0.866025403784,-0.5));
#5949 = DIRECTION('',(1.,3.314675921564E-14,5.741187106772E-14));
#5950 = ADVANCED_FACE('',(#5951),#5963,.T.);
#5951 = FACE_BOUND('',#5952,.T.);
#5952 = EDGE_LOOP('',(#5953,#5954,#5961,#5962));
#5953 = ORIENTED_EDGE('',*,*,#5687,.F.);
#5954 = ORIENTED_EDGE('',*,*,#5955,.T.);
#5955 = EDGE_CURVE('',#5680,#4021,#5956,.T.);
#5956 = ELLIPSE('',#5957,283.57121154135,8.5714842199);
#5957 = AXIS2_PLACEMENT_3D('',#5958,#5959,#5960);
#5958 = CARTESIAN_POINT('',(48.553261347116,267.08330624421,
    -121.0029782777));
#5959 = DIRECTION('',(-0.999390827019,-3.022385072366E-02,
    1.744974835125E-02));
#5960 = DIRECTION('',(-3.489949670251E-02,0.865497844508,-0.49969541351)
  );
#5961 = ORIENTED_EDGE('',*,*,#4020,.F.);
#5962 = ORIENTED_EDGE('',*,*,#4361,.T.);
#5963 = CONICAL_SURFACE('',#5964,4.999695390313,1.745329251994E-02);
#5964 = AXIS2_PLACEMENT_3D('',#5965,#5966,#5967);
#5965 = CARTESIAN_POINT('',(53.5,24.1308586081,19.26568276524));
#5966 = DIRECTION('',(0.,0.866025403784,-0.5));
#5967 = DIRECTION('',(-1.,0.,0.));
#5968 = ADVANCED_FACE('',(#5969),#5980,.F.);
#5969 = FACE_BOUND('',#5970,.T.);
#5970 = EDGE_LOOP('',(#5971,#5972,#5973,#5979));
#5971 = ORIENTED_EDGE('',*,*,#5955,.F.);
#5972 = ORIENTED_EDGE('',*,*,#5679,.F.);
#5973 = ORIENTED_EDGE('',*,*,#5974,.T.);
#5974 = EDGE_CURVE('',#5671,#4030,#5975,.T.);
#5975 = LINE('',#5976,#5977);
#5976 = CARTESIAN_POINT('',(58.6779385444,17.485363159433,
    26.546344093114));
#5977 = VECTOR('',#5978,1.);
#5978 = DIRECTION('',(-3.489946464409E-02,0.866174763214,-0.498521119852
    ));
#5979 = ORIENTED_EDGE('',*,*,#4029,.F.);
#5980 = PLANE('',#5981);
#5981 = AXIS2_PLACEMENT_3D('',#5982,#5983,#5984);
#5982 = CARTESIAN_POINT('',(58.745514822879,18.31824521349,
    31.859200980347));
#5983 = DIRECTION('',(0.999390827019,3.022385072366E-02,
    -1.744974835125E-02));
#5984 = DIRECTION('',(9.528836053541E-15,-0.5,-0.866025403784));
#5985 = ADVANCED_FACE('',(#5986),#5997,.F.);
#5986 = FACE_BOUND('',#5987,.F.);
#5987 = EDGE_LOOP('',(#5988,#5989,#5990,#5996));
#5988 = ORIENTED_EDGE('',*,*,#5974,.T.);
#5989 = ORIENTED_EDGE('',*,*,#4037,.T.);
#5990 = ORIENTED_EDGE('',*,*,#5991,.T.);
#5991 = EDGE_CURVE('',#4038,#5663,#5992,.T.);
#5992 = LINE('',#5993,#5994);
#5993 = CARTESIAN_POINT('',(55.482489941956,19.083087460655,
    29.313683759318));
#5994 = VECTOR('',#5995,1.);
#5995 = DIRECTION('',(-1.355427492057E-03,-0.848047317146,0.529918777453
    ));
#5996 = ORIENTED_EDGE('',*,*,#5670,.T.);
#5997 = CONICAL_SURFACE('',#5998,3.195294525328,3.626108990323E-02);
#5998 = AXIS2_PLACEMENT_3D('',#5999,#6000,#6001);
#5999 = CARTESIAN_POINT('',(55.482646953962,17.489189766491,
    26.544316102346));
#6000 = DIRECTION('',(-1.354536486493E-03,-0.86670108307,0.498826019607)
  );
#6001 = DIRECTION('',(-4.91385080627E-05,0.498826534308,0.866701843921)
  );
#6002 = ADVANCED_FACE('',(#6003),#6030,.F.);
#6003 = FACE_BOUND('',#6004,.F.);
#6004 = EDGE_LOOP('',(#6005,#6013,#6014,#6015,#6016,#6024));
#6005 = ORIENTED_EDGE('',*,*,#6006,.F.);
#6006 = EDGE_CURVE('',#5654,#6007,#6009,.T.);
#6007 = VERTEX_POINT('',#6008);
#6008 = CARTESIAN_POINT('',(-55.50098726187,29.376523415462,
    22.881631105317));
#6009 = LINE('',#6010,#6011);
#6010 = CARTESIAN_POINT('',(-55.47959472772,18.380086043872,
    29.752967799015));
#6011 = VECTOR('',#6012,1.);
#6012 = DIRECTION('',(-1.649795525703E-03,0.848046942036,-0.529918543059
    ));
#6013 = ORIENTED_EDGE('',*,*,#5662,.T.);
#6014 = ORIENTED_EDGE('',*,*,#5991,.F.);
#6015 = ORIENTED_EDGE('',*,*,#4046,.F.);
#6016 = ORIENTED_EDGE('',*,*,#6017,.F.);
#6017 = EDGE_CURVE('',#6018,#4047,#6020,.T.);
#6018 = VERTEX_POINT('',#6019);
#6019 = CARTESIAN_POINT('',(-39.9656887748,29.376523415462,
    22.881631105317));
#6020 = LINE('',#6021,#6022);
#6021 = CARTESIAN_POINT('',(-39.9656887748,29.376523415462,
    22.881631105317));
#6022 = VECTOR('',#6023,1.);
#6023 = DIRECTION('',(0.,0.866025403784,-0.5));
#6024 = ORIENTED_EDGE('',*,*,#6025,.F.);
#6025 = EDGE_CURVE('',#6007,#6018,#6026,.T.);
#6026 = LINE('',#6027,#6028);
#6027 = CARTESIAN_POINT('',(-56.375,29.376523415462,22.881631105317));
#6028 = VECTOR('',#6029,1.);
#6029 = DIRECTION('',(1.,0.,0.));
#6030 = PLANE('',#6031);
#6031 = AXIS2_PLACEMENT_3D('',#6032,#6033,#6034);
#6032 = CARTESIAN_POINT('',(-60.5,17.44100262493,30.339772246398));
#6033 = DIRECTION('',(0.,0.529919264233,0.848048096156));
#6034 = DIRECTION('',(1.,0.,0.));
#6035 = ADVANCED_FACE('',(#6036),#6047,.T.);
#6036 = FACE_BOUND('',#6037,.T.);
#6037 = EDGE_LOOP('',(#6038,#6039,#6045,#6046));
#6038 = ORIENTED_EDGE('',*,*,#6025,.F.);
#6039 = ORIENTED_EDGE('',*,*,#6040,.T.);
#6040 = EDGE_CURVE('',#6007,#4055,#6041,.T.);
#6041 = LINE('',#6042,#6043);
#6042 = CARTESIAN_POINT('',(-55.50098726187,29.376523415462,
    22.881631105317));
#6043 = VECTOR('',#6044,1.);
#6044 = DIRECTION('',(0.,0.866025403784,-0.5));
#6045 = ORIENTED_EDGE('',*,*,#4054,.F.);
#6046 = ORIENTED_EDGE('',*,*,#6017,.F.);
#6047 = PLANE('',#6048);
#6048 = AXIS2_PLACEMENT_3D('',#6049,#6050,#6051);
#6049 = CARTESIAN_POINT('',(-47.73333801833,30.242548819249,
    22.381631105315));
#6050 = DIRECTION('',(-1.9E-16,-0.5,-0.866025403784));
#6051 = DIRECTION('',(1.232595164408E-32,-0.866025403784,0.5));
#6052 = ADVANCED_FACE('',(#6053),#6086,.T.);
#6053 = FACE_BOUND('',#6054,.T.);
#6054 = EDGE_LOOP('',(#6055,#6056,#6085));
#6055 = ORIENTED_EDGE('',*,*,#6040,.F.);
#6056 = ORIENTED_EDGE('',*,*,#6057,.F.);
#6057 = EDGE_CURVE('',#4063,#6007,#6058,.T.);
#6058 = B_SPLINE_CURVE_WITH_KNOTS('',7,(#6059,#6060,#6061,#6062,#6063,
    #6064,#6065,#6066,#6067,#6068,#6069,#6070,#6071,#6072,#6073,#6074,
    #6075,#6076,#6077,#6078,#6079,#6080,#6081,#6082,#6083,#6084),
  .UNSPECIFIED.,.F.,.F.,(8,6,6,6,8),(0.,0.503157030752,0.769274494726,
    0.888453639688,1.),.UNSPECIFIED.);
#6059 = CARTESIAN_POINT('',(-55.705275107,29.56093707105,22.766396663867
    ));
#6060 = CARTESIAN_POINT('',(-55.69641473668,29.544918197209,
    22.776406367182));
#6061 = CARTESIAN_POINT('',(-55.68715997442,29.529000702764,
    22.78635272162));
#6062 = CARTESIAN_POINT('',(-55.67743951258,29.513189903131,
    22.79623240574));
#6063 = CARTESIAN_POINT('',(-55.66717552333,29.497507335353,
    22.806031961703));
#6064 = CARTESIAN_POINT('',(-55.65624310608,29.482004276474,
    22.815719348058));
#6065 = CARTESIAN_POINT('',(-55.64451023039,29.466748380287,
    22.825252290021));
#6066 = CARTESIAN_POINT('',(-55.62482268624,29.444022737401,
    22.839452847763));
#6067 = CARTESIAN_POINT('',(-55.61770556402,29.436286308542,
    22.84428710505));
#6068 = CARTESIAN_POINT('',(-55.61021979449,29.428682358727,
    22.849038580243));
#6069 = CARTESIAN_POINT('',(-55.60230213146,29.421241026832,
    22.853688440481));
#6070 = CARTESIAN_POINT('',(-55.59386882084,29.41402615616,
    22.858196792042));
#6071 = CARTESIAN_POINT('',(-55.58483275001,29.40712546878,
    22.862508820093));
#6072 = CARTESIAN_POINT('',(-55.57059810432,29.397823908581,
    22.868321079987));
#6073 = CARTESIAN_POINT('',(-55.56604092897,29.395045950973,
    22.870056940556));
#6074 = CARTESIAN_POINT('',(-55.56131238217,29.392380782711,
    22.871722322521));
#6075 = CARTESIAN_POINT('',(-55.55639744933,29.389850062098,
    22.87330369227));
#6076 = CARTESIAN_POINT('',(-55.55128396489,29.3874828856,
    22.874782868315));
#6077 = CARTESIAN_POINT('',(-55.54596324871,29.385315175415,
    22.876137403973));
#6078 = CARTESIAN_POINT('',(-55.53525256388,29.381586315597,
    22.878467454191));
#6079 = CARTESIAN_POINT('',(-55.52988483526,29.379993736063,
    22.879462608332));
#6080 = CARTESIAN_POINT('',(-55.52433690164,29.37865098051,
    22.880301655125));
#6081 = CARTESIAN_POINT('',(-55.51862952918,29.377600531793,
    22.880958048333));
#6082 = CARTESIAN_POINT('',(-55.51279696788,29.376882290613,
    22.881406855234));
#6083 = CARTESIAN_POINT('',(-55.50689104107,29.376523415457,
    22.88163110532));
#6084 = CARTESIAN_POINT('',(-55.50098726187,29.376523415457,
    22.88163110532));
#6085 = ORIENTED_EDGE('',*,*,#4062,.F.);
#6086 = SURFACE_OF_LINEAR_EXTRUSION('',#6087,#6092);
#6087 = ELLIPSE('',#6088,2.753359504339,2.753352010166);
#6088 = AXIS2_PLACEMENT_3D('',#6089,#6090,#6091);
#6089 = CARTESIAN_POINT('',(-55.5009797677,27.999845536835,
    20.497155073878));
#6090 = DIRECTION('',(0.,0.866025403784,-0.5));
#6091 = DIRECTION('',(-0.707106780373,0.353553391,0.6123724364));
#6092 = VECTOR('',#6093,1.);
#6093 = DIRECTION('',(0.,-0.866025403784,0.5));
#6094 = ADVANCED_FACE('',(#6095),#6114,.T.);
#6095 = FACE_BOUND('',#6096,.T.);
#6096 = EDGE_LOOP('',(#6097,#6106,#6112,#6113));
#6097 = ORIENTED_EDGE('',*,*,#6098,.F.);
#6098 = EDGE_CURVE('',#6099,#6007,#6101,.T.);
#6099 = VERTEX_POINT('',#6100);
#6100 = CARTESIAN_POINT('',(-56.68626123797,29.242432736715,
    22.649379236905));
#6101 = ELLIPSE('',#6102,2.753359504339,2.753352010166);
#6102 = AXIS2_PLACEMENT_3D('',#6103,#6104,#6105);
#6103 = CARTESIAN_POINT('',(-55.5009797677,27.999845536835,
    20.497155073878));
#6104 = DIRECTION('',(0.,0.866025403784,-0.5));
#6105 = DIRECTION('',(-0.707106780373,0.353553391,0.6123724364));
#6106 = ORIENTED_EDGE('',*,*,#6107,.T.);
#6107 = EDGE_CURVE('',#6099,#4071,#6108,.T.);
#6108 = LINE('',#6109,#6110);
#6109 = CARTESIAN_POINT('',(-56.68626123797,29.242432736715,
    22.649379236905));
#6110 = VECTOR('',#6111,1.);
#6111 = DIRECTION('',(0.,0.866025403784,-0.5));
#6112 = ORIENTED_EDGE('',*,*,#4070,.F.);
#6113 = ORIENTED_EDGE('',*,*,#6057,.T.);
#6114 = SURFACE_OF_LINEAR_EXTRUSION('',#6115,#6120);
#6115 = ELLIPSE('',#6116,2.753359504339,2.753352010166);
#6116 = AXIS2_PLACEMENT_3D('',#6117,#6118,#6119);
#6117 = CARTESIAN_POINT('',(-55.5009797677,27.999845536835,
    20.497155073878));
#6118 = DIRECTION('',(0.,0.866025403784,-0.5));
#6119 = DIRECTION('',(-0.707106780373,0.353553391,0.6123724364));
#6120 = VECTOR('',#6121,1.);
#6121 = DIRECTION('',(0.,-0.866025403784,0.5));
#6122 = ADVANCED_FACE('',(#6123),#6453,.F.);
#6123 = FACE_BOUND('',#6124,.F.);
#6124 = EDGE_LOOP('',(#6125,#6200,#6201,#6202,#6447));
#6125 = ORIENTED_EDGE('',*,*,#6126,.F.);
#6126 = EDGE_CURVE('',#6099,#6127,#6129,.T.);
#6127 = VERTEX_POINT('',#6128);
#6128 = CARTESIAN_POINT('',(-57.97650449538,27.999355652982,
    20.496306570156));
#6129 = B_SPLINE_CURVE_WITH_KNOTS('',3,(#6130,#6131,#6132,#6133,#6134,
    #6135,#6136,#6137,#6138,#6139,#6140,#6141,#6142,#6143,#6144,#6145,
    #6146,#6147,#6148,#6149,#6150,#6151,#6152,#6153,#6154,#6155,#6156,
    #6157,#6158,#6159,#6160,#6161,#6162,#6163,#6164,#6165,#6166,#6167,
    #6168,#6169,#6170,#6171,#6172,#6173,#6174,#6175,#6176,#6177,#6178,
    #6179,#6180,#6181,#6182,#6183,#6184,#6185,#6186,#6187,#6188,#6189,
    #6190,#6191,#6192,#6193,#6194,#6195,#6196,#6197,#6198,#6199),
  .UNSPECIFIED.,.F.,.F.,(4,3,3,3,3,3,3,3,3,3,3,3,3,3,3,3,3,3,3,3,3,3,3,4
    ),(0.555075050722,0.570958483318,0.593260978748,0.633145047105,
    0.642631619675,0.677696984656,0.721735812559,0.746327372617,
    0.76753963174,0.800104600782,0.822011261112,0.850692459668,
    0.862054911563,0.862550312609,0.890851633257,0.919529038136,
    0.951849562034,0.980932599548,1.002773562806,1.022886133841,
    1.026174646926,1.035646416066,1.044175566353,1.045118185205),
  .UNSPECIFIED.);
#6130 = CARTESIAN_POINT('',(-56.68626151043,29.242432614156,
    22.649379646697));
#6131 = CARTESIAN_POINT('',(-56.71567922655,29.232539689618,
    22.632244570717));
#6132 = CARTESIAN_POINT('',(-56.74471301987,29.222364909289,
    22.614620175027));
#6133 = CARTESIAN_POINT('',(-56.7733439189,29.211920083253,
    22.596529037383));
#6134 = CARTESIAN_POINT('',(-56.81354558758,29.197254129688,
    22.571126624387));
#6135 = CARTESIAN_POINT('',(-56.85295209514,29.182056207951,
    22.544804830722));
#6136 = CARTESIAN_POINT('',(-56.89152864585,29.166353524737,
    22.517607472047));
#6137 = CARTESIAN_POINT('',(-56.96051598362,29.138272053197,
    22.468969806549));
#6138 = CARTESIAN_POINT('',(-57.0268509127,29.108575808337,
    22.417530439039));
#6139 = CARTESIAN_POINT('',(-57.09033769167,29.077409990725,
    22.363551155309));
#6140 = CARTESIAN_POINT('',(-57.1054382559,29.069997086207,
    22.350711983843));
#6141 = CARTESIAN_POINT('',(-57.1203778992,29.062500975296,
    22.337729079767));
#6142 = CARTESIAN_POINT('',(-57.13515442354,29.054923464867,
    22.32460593148));
#6143 = CARTESIAN_POINT('',(-57.18977311908,29.026914595816,
    22.276098635404));
#6144 = CARTESIAN_POINT('',(-57.24215210699,28.997798862432,
    22.225657365155));
#6145 = CARTESIAN_POINT('',(-57.29215785746,28.967674560532,
    22.173472164538));
#6146 = CARTESIAN_POINT('',(-57.35496041607,28.92984124701,
    22.107932419826));
#6147 = CARTESIAN_POINT('',(-57.41398036528,28.890439870085,
    22.039680622757));
#6148 = CARTESIAN_POINT('',(-57.46898935264,28.849675888846,
    21.969088158695));
#6149 = CARTESIAN_POINT('',(-57.49970671912,28.826913023879,
    21.929668880248));
#6150 = CARTESIAN_POINT('',(-57.52917441385,28.803725129421,
    21.889519365777));
#6151 = CARTESIAN_POINT('',(-57.55735897698,28.78014682673,
    21.848701289708));
#6152 = CARTESIAN_POINT('',(-57.5816704991,28.759808586082,
    21.813492315392));
#6153 = CARTESIAN_POINT('',(-57.60499393802,28.739195378092,
    21.777784104427));
#6154 = CARTESIAN_POINT('',(-57.6273197453,28.718322504649,
    21.741619701115));
#6155 = CARTESIAN_POINT('',(-57.66159422868,28.686278559044,
    21.686100264573));
#6156 = CARTESIAN_POINT('',(-57.69352012588,28.653620750637,
    21.629504230319));
#6157 = CARTESIAN_POINT('',(-57.72303028401,28.620424138107,
    21.571995095364));
#6158 = CARTESIAN_POINT('',(-57.74288195374,28.598092567213,
    21.533308337095));
#6159 = CARTESIAN_POINT('',(-57.76163986642,28.575517542864,
    21.494208529031));
#6160 = CARTESIAN_POINT('',(-57.77927164342,28.552728299423,
    21.454744077443));
#6161 = CARTESIAN_POINT('',(-57.80235596982,28.522891582816,
    21.403075418012));
#6162 = CARTESIAN_POINT('',(-57.82276301151,28.493660879403,
    21.352472149264));
#6163 = CARTESIAN_POINT('',(-57.84078943441,28.465138108564,
    21.303073624142));
#6164 = CARTESIAN_POINT('',(-57.84793085016,28.453838419991,
    21.283503717943));
#6165 = CARTESIAN_POINT('',(-57.85469850416,28.442649547067,
    21.264122441517));
#6166 = CARTESIAN_POINT('',(-57.86111035223,28.431576674389,
    21.244936501928));
#6167 = CARTESIAN_POINT('',(-57.86138990776,28.43109389895,
    21.244099998097));
#6168 = CARTESIAN_POINT('',(-57.86166878561,28.430611344294,
    21.243263864475));
#6169 = CARTESIAN_POINT('',(-57.86194698721,28.430129010853,
    21.242428101564));
#6170 = CARTESIAN_POINT('',(-57.87784011613,28.402574217657,
    21.194682554129));
#6171 = CARTESIAN_POINT('',(-57.89161177635,28.3756995003,
    21.148203616653));
#6172 = CARTESIAN_POINT('',(-57.90350019787,28.34962438769,
    21.103136588752));
#6173 = CARTESIAN_POINT('',(-57.91554659956,28.323202773982,
    21.057470684257));
#6174 = CARTESIAN_POINT('',(-57.92565819514,28.297602492072,
    21.01325347292));
#6175 = CARTESIAN_POINT('',(-57.93410598214,28.272920247784,
    20.970596074919));
#6176 = CARTESIAN_POINT('',(-57.94362695877,28.24510242153,
    20.922519568089));
#6177 = CARTESIAN_POINT('',(-57.95103416346,28.218450138474,
    20.876421819711));
#6178 = CARTESIAN_POINT('',(-57.95676105001,28.193064697828,
    20.832435578253));
#6179 = CARTESIAN_POINT('',(-57.96191428505,28.170222069256,
    20.792855356271));
#6180 = CARTESIAN_POINT('',(-57.96570732166,28.148422604443,
    20.755021557748));
#6181 = CARTESIAN_POINT('',(-57.96851352491,28.127745236264,
    20.71911382287));
#6182 = CARTESIAN_POINT('',(-57.97062094515,28.11221681567,
    20.692147605269));
#6183 = CARTESIAN_POINT('',(-57.97217252519,28.097320358766,
    20.666266682533));
#6184 = CARTESIAN_POINT('',(-57.97331056732,28.083101092693,
    20.641554742558));
#6185 = CARTESIAN_POINT('',(-57.97435855009,28.070007073185,
    20.618798390547));
#6186 = CARTESIAN_POINT('',(-57.97506789704,28.057485954024,
    20.597046561238));
#6187 = CARTESIAN_POINT('',(-57.97554803831,28.045568861029,
    20.576361761047));
#6188 = CARTESIAN_POINT('',(-57.97562654398,28.043620352498,
    20.57297968543));
#6189 = CARTESIAN_POINT('',(-57.97569888969,28.041688053391,
    20.569626226674));
#6190 = CARTESIAN_POINT('',(-57.97576552115,28.039772174642,
    20.566301778048));
#6191 = CARTESIAN_POINT('',(-57.97595743703,28.034253947788,
    20.556726505244));
#6192 = CARTESIAN_POINT('',(-57.97612761589,28.028216421679,
    20.5462568956));
#6193 = CARTESIAN_POINT('',(-57.97625214226,28.021530028541,
    20.534667021524));
#6194 = CARTESIAN_POINT('',(-57.97636427592,28.015509057049,
    20.524230557507));
#6195 = CARTESIAN_POINT('',(-57.97643953337,28.008962163782,
    20.512886397481));
#6196 = CARTESIAN_POINT('',(-57.97645980351,28.001771147776,
    20.500434814579));
#6197 = CARTESIAN_POINT('',(-57.97646204371,28.000976415941,
    20.499058698976));
#6198 = CARTESIAN_POINT('',(-57.97646361012,28.000173788539,
    20.497669012098));
#6199 = CARTESIAN_POINT('',(-57.97646447627,27.999363083885,
    20.49626544819));
#6200 = ORIENTED_EDGE('',*,*,#6107,.T.);
#6201 = ORIENTED_EDGE('',*,*,#4098,.F.);
#6202 = ORIENTED_EDGE('',*,*,#6203,.F.);
#6203 = EDGE_CURVE('',#6204,#4099,#6206,.T.);
#6204 = VERTEX_POINT('',#6205);
#6205 = CARTESIAN_POINT('',(-57.97650449538,29.731406460557,
    19.496306570152));
#6206 = B_SPLINE_CURVE_WITH_KNOTS('',8,(#6207,#6208,#6209,#6210,#6211,
    #6212,#6213,#6214,#6215,#6216,#6217,#6218,#6219,#6220,#6221,#6222,
    #6223,#6224,#6225,#6226,#6227,#6228,#6229,#6230,#6231,#6232,#6233,
    #6234,#6235,#6236,#6237,#6238,#6239,#6240,#6241,#6242,#6243,#6244,
    #6245,#6246,#6247,#6248,#6249,#6250,#6251,#6252,#6253,#6254,#6255,
    #6256,#6257,#6258,#6259,#6260,#6261,#6262,#6263,#6264,#6265,#6266,
    #6267,#6268,#6269,#6270,#6271,#6272,#6273,#6274,#6275,#6276,#6277,
    #6278,#6279,#6280,#6281,#6282,#6283,#6284,#6285,#6286,#6287,#6288,
    #6289,#6290,#6291,#6292,#6293,#6294,#6295,#6296,#6297,#6298,#6299,
    #6300,#6301,#6302,#6303,#6304,#6305,#6306,#6307,#6308,#6309,#6310,
    #6311,#6312,#6313,#6314,#6315,#6316,#6317,#6318,#6319,#6320,#6321,
    #6322,#6323,#6324,#6325,#6326,#6327,#6328,#6329,#6330,#6331,#6332,
    #6333,#6334,#6335,#6336,#6337,#6338,#6339,#6340,#6341,#6342,#6343,
    #6344,#6345,#6346,#6347,#6348,#6349,#6350,#6351,#6352,#6353,#6354,
    #6355,#6356,#6357,#6358,#6359,#6360,#6361,#6362,#6363,#6364,#6365,
    #6366,#6367,#6368,#6369,#6370,#6371,#6372,#6373,#6374,#6375,#6376,
    #6377,#6378,#6379,#6380,#6381,#6382,#6383,#6384,#6385,#6386,#6387,
    #6388,#6389,#6390,#6391,#6392,#6393,#6394,#6395,#6396,#6397,#6398,
    #6399,#6400,#6401,#6402,#6403,#6404,#6405,#6406,#6407,#6408,#6409,
    #6410,#6411,#6412,#6413,#6414,#6415,#6416,#6417,#6418,#6419,#6420,
    #6421,#6422,#6423,#6424,#6425,#6426,#6427,#6428,#6429,#6430,#6431,
    #6432,#6433,#6434,#6435,#6436,#6437,#6438,#6439,#6440,#6441,#6442,
    #6443,#6444,#6445,#6446),.UNSPECIFIED.,.F.,.F.,(9,7,7,7,7,7,7,7,7,7,
    7,7,7,7,7,7,7,7,7,7,7,7,7,7,7,7,7,7,7,7,7,7,7,7,9),(0.,
    1.722340222953E-03,2.795772127441E-02,3.159809182907E-02,
    4.288986263962E-02,5.836666532928E-02,8.95387556671E-02,
    9.107042368241E-02,0.112641800751,0.135170083608,0.153661648049,
    0.172892418851,0.192745736029,0.213130982807,0.234226936508,
    0.255848180895,0.278183132995,0.301009908252,0.344397263316,
    0.38971532292,0.439802520359,0.47050056617,0.501202968724,
    0.531910416809,0.562494965109,0.602073154908,0.641200081143,
    0.680418377578,0.719544751175,0.759896020641,0.79977728012,
    0.849985333545,0.899926956227,0.949927984358,1.),.UNSPECIFIED.);
#6207 = CARTESIAN_POINT('',(-57.97646447627,29.731390511949,
    19.496278946353));
#6208 = CARTESIAN_POINT('',(-57.97646414187,29.731703394105,
    19.496820874144));
#6209 = CARTESIAN_POINT('',(-57.97646372705,29.732016243233,
    19.497362744727));
#6210 = CARTESIAN_POINT('',(-57.97646323147,29.732329059004,
    19.497904557537));
#6211 = CARTESIAN_POINT('',(-57.97646265488,29.732641841096,
    19.498446312012));
#6212 = CARTESIAN_POINT('',(-57.97646199699,29.732954589188,
    19.498988007597));
#6213 = CARTESIAN_POINT('',(-57.97646125757,29.733267302964,
    19.499529643745));
#6214 = CARTESIAN_POINT('',(-57.97646043637,29.73357998211,
    19.500071219913));
#6215 = CARTESIAN_POINT('',(-57.97644577562,29.738654949003,
    19.508861320418));
#6216 = CARTESIAN_POINT('',(-57.97641307056,29.743409055975,
    19.517095675238));
#6217 = CARTESIAN_POINT('',(-57.97636020843,29.748153768711,
    19.525313758765));
#6218 = CARTESIAN_POINT('',(-57.97628640225,29.752887871731,
    19.533513465724));
#6219 = CARTESIAN_POINT('',(-57.97619084155,29.757609600831,
    19.541691740424));
#6220 = CARTESIAN_POINT('',(-57.97607277411,29.762316464532,
    19.549844267499));
#6221 = CARTESIAN_POINT('',(-57.97593211574,29.767005398745,
    19.557965739789));
#6222 = CARTESIAN_POINT('',(-57.97574817455,29.772320957262,
    19.567172557211));
#6223 = CARTESIAN_POINT('',(-57.9757253527,29.772968325557,
    19.568293831988));
#6224 = CARTESIAN_POINT('',(-57.97570199144,29.773616749637,
    19.56941693544));
#6225 = CARTESIAN_POINT('',(-57.9756782973,29.774263959218,
    19.570537935318));
#6226 = CARTESIAN_POINT('',(-57.97565403462,29.774912484762,
    19.571661214511));
#6227 = CARTESIAN_POINT('',(-57.97562937971,29.775560379931,
    19.572783401861));
#6228 = CARTESIAN_POINT('',(-57.97560423881,29.776208638808,
    19.573906219172));
#6229 = CARTESIAN_POINT('',(-57.97549922798,29.778867893777,
    19.578512183888));
#6230 = CARTESIAN_POINT('',(-57.9754153697,29.780879776823,
    19.581996867543));
#6231 = CARTESIAN_POINT('',(-57.97532698563,29.782892562752,
    19.585483115037));
#6232 = CARTESIAN_POINT('',(-57.97523400036,29.784906216988,
    19.588970866482));
#6233 = CARTESIAN_POINT('',(-57.9751363404,29.786920706705,
    19.592460065023));
#6234 = CARTESIAN_POINT('',(-57.97503393412,29.788936000827,
    19.595950656836));
#6235 = CARTESIAN_POINT('',(-57.9749267118,29.79095207003,
    19.599442591127));
#6236 = CARTESIAN_POINT('',(-57.97466094993,29.795733189594,
    19.607723733128));
#6237 = CARTESIAN_POINT('',(-57.97449812274,29.798498894992,
    19.612514075397));
#6238 = CARTESIAN_POINT('',(-57.97432595982,29.801265930491,
    19.617306721466));
#6239 = CARTESIAN_POINT('',(-57.97414430618,29.804034226951,
    19.622101551586));
#6240 = CARTESIAN_POINT('',(-57.97395301612,29.80680371854,
    19.626898451729));
#6241 = CARTESIAN_POINT('',(-57.97375195316,29.809574342731,
    19.631697313597));
#6242 = CARTESIAN_POINT('',(-57.97354099011,29.812346040303,
    19.636498034616));
#6243 = CARTESIAN_POINT('',(-57.97287492733,29.820703327648,
    19.65097328091));
#6244 = CARTESIAN_POINT('',(-57.97238751052,29.826291942882,
    19.66065304644));
#6245 = CARTESIAN_POINT('',(-57.97185680394,29.831884145847,
    19.670339026101));
#6246 = CARTESIAN_POINT('',(-57.97128194116,29.837479509261,
    19.680030479821));
#6247 = CARTESIAN_POINT('',(-57.97066214399,29.84307763376,
    19.68972671588));
#6248 = CARTESIAN_POINT('',(-57.96999672251,29.848678147898,
    19.699427090915));
#6249 = CARTESIAN_POINT('',(-57.96928507505,29.854280708143,
    19.709131009913));
#6250 = CARTESIAN_POINT('',(-57.96848942417,29.860160370628,
    19.719314884068));
#6251 = CARTESIAN_POINT('',(-57.96845204717,29.860435746538,
    19.719791849134));
#6252 = CARTESIAN_POINT('',(-57.96841455704,29.860711126574,
    19.720268821348));
#6253 = CARTESIAN_POINT('',(-57.96837695367,29.860986510699,
    19.720745800644));
#6254 = CARTESIAN_POINT('',(-57.96833923697,29.861261898873,
    19.721222786955));
#6255 = CARTESIAN_POINT('',(-57.96830140682,29.861537291059,
    19.721699780213));
#6256 = CARTESIAN_POINT('',(-57.96826346316,29.861812687218,
    19.722176780351));
#6257 = CARTESIAN_POINT('',(-57.96768942338,29.865966707974,
    19.729371755357));
#6258 = CARTESIAN_POINT('',(-57.96713090636,29.869846108453,
    19.736091074089));
#6259 = CARTESIAN_POINT('',(-57.96654960308,29.873726181683,
    19.742811558062));
#6260 = CARTESIAN_POINT('',(-57.96594527658,29.877606823405,
    19.749533026689));
#6261 = CARTESIAN_POINT('',(-57.96531770469,29.881487932156,
    19.756255304235));
#6262 = CARTESIAN_POINT('',(-57.96466668006,29.885369409273,
    19.762978219811));
#6263 = CARTESIAN_POINT('',(-57.96399201015,29.889251158896,
    19.76970160738));
#6264 = CARTESIAN_POINT('',(-57.96256403919,29.897187219309,
    19.783447267228));
#6265 = CARTESIAN_POINT('',(-57.9618085735,29.901241545347,
    19.790469565915));
#6266 = CARTESIAN_POINT('',(-57.96102691897,29.905295960404,
    19.79749201879));
#6267 = CARTESIAN_POINT('',(-57.96021888535,29.909350360625,
    19.804514445966));
#6268 = CARTESIAN_POINT('',(-57.9593842934,29.913404643963,
    19.811536670696));
#6269 = CARTESIAN_POINT('',(-57.95852297484,29.917458710183,
    19.818558519366));
#6270 = CARTESIAN_POINT('',(-57.95763477237,29.921512460861,
    19.825579821502));
#6271 = CARTESIAN_POINT('',(-57.95596830246,29.928892842595,
    19.838363017645));
#6272 = CARTESIAN_POINT('',(-57.95519878387,29.932219590889,
    19.844125114714));
#6273 = CARTESIAN_POINT('',(-57.95441096713,29.93554599663,
    19.849886618464));
#6274 = CARTESIAN_POINT('',(-57.95360483795,29.938872012936,
    19.855647447692));
#6275 = CARTESIAN_POINT('',(-57.95278038458,29.942197593682,
    19.861407522508));
#6276 = CARTESIAN_POINT('',(-57.95193759776,29.945522693497,
    19.867166764329));
#6277 = CARTESIAN_POINT('',(-57.95107647074,29.948847267769,
    19.872925095882));
#6278 = CARTESIAN_POINT('',(-57.94928237066,29.955628155697,
    19.884669938293));
#6279 = CARTESIAN_POINT('',(-57.94834790134,29.959084422846,
    19.890656368599));
#6280 = CARTESIAN_POINT('',(-57.94739358652,29.962540024741,
    19.896641646653));
#6281 = CARTESIAN_POINT('',(-57.94641942369,29.965994912769,
    19.902625688251));
#6282 = CARTESIAN_POINT('',(-57.94542541272,29.969449039045,
    19.908608410457));
#6283 = CARTESIAN_POINT('',(-57.94441155579,29.972902356416,
    19.914589731599));
#6284 = CARTESIAN_POINT('',(-57.94337785744,29.976354818462,
    19.920569571273));
#6285 = CARTESIAN_POINT('',(-57.94123668622,29.983369675863,
    19.932719660699));
#6286 = CARTESIAN_POINT('',(-57.94012791168,29.986932012473,
    19.938889808703));
#6287 = CARTESIAN_POINT('',(-57.93899800323,29.990493338324,
    19.945058206018));
#6288 = CARTESIAN_POINT('',(-57.93784696816,29.994053603484,
    19.951224766163));
#6289 = CARTESIAN_POINT('',(-57.93667481868,29.997612759091,
    19.957389404507));
#6290 = CARTESIAN_POINT('',(-57.93548157201,30.001170757352,
    19.963552038269));
#6291 = CARTESIAN_POINT('',(-57.93426725028,30.004727551542,
    19.969712586518));
#6292 = CARTESIAN_POINT('',(-57.9317634117,30.01193390411,
    19.982194355303));
#6293 = CARTESIAN_POINT('',(-57.93047276489,30.015583395398,
    19.988515459635));
#6294 = CARTESIAN_POINT('',(-57.92915998793,30.019231521178,
    19.994834198839));
#6295 = CARTESIAN_POINT('',(-57.92782512898,30.022878233512,
    20.001150489881));
#6296 = CARTESIAN_POINT('',(-57.92646823663,30.026523485208,
    20.007464251026));
#6297 = CARTESIAN_POINT('',(-57.92508935991,30.030167229826,
    20.013775401834));
#6298 = CARTESIAN_POINT('',(-57.92368854824,30.033809421674,
    20.020083863165));
#6299 = CARTESIAN_POINT('',(-57.92079355416,30.041217534847,
    20.03291509157));
#6300 = CARTESIAN_POINT('',(-57.91929781915,30.044983342755,
    20.039437662197));
#6301 = CARTESIAN_POINT('',(-57.91777870172,30.048747389709,
    20.045957182763));
#6302 = CARTESIAN_POINT('',(-57.91623625759,30.05250962662,
    20.052473568243));
#6303 = CARTESIAN_POINT('',(-57.91467054294,30.056270005133,
    20.058986734884));
#6304 = CARTESIAN_POINT('',(-57.91308161441,30.060028477628,
    20.065496600204));
#6305 = CARTESIAN_POINT('',(-57.91146952907,30.063784997218,
    20.072003082994));
#6306 = CARTESIAN_POINT('',(-57.90815844368,30.071387526102,
    20.085171049287));
#6307 = CARTESIAN_POINT('',(-57.90645827379,30.075233433487,
    20.091832356279));
#6308 = CARTESIAN_POINT('',(-57.9047339003,30.079077191171,
    20.09848993988));
#6309 = CARTESIAN_POINT('',(-57.9029853922,30.082918751116,
    20.105143716884));
#6310 = CARTESIAN_POINT('',(-57.90121282197,30.086758065979,
    20.111793605293));
#6311 = CARTESIAN_POINT('',(-57.89941626562,30.090595089114,
    20.118439524314));
#6312 = CARTESIAN_POINT('',(-57.89759580264,30.094429774574,
    20.125081394361));
#6313 = CARTESIAN_POINT('',(-57.89384635035,30.102220882247,
    20.138575988699));
#6314 = CARTESIAN_POINT('',(-57.89191575431,30.106177144269,
    20.145428435527));
#6315 = CARTESIAN_POINT('',(-57.8899598082,30.110130812897,
    20.152276390468));
#6316 = CARTESIAN_POINT('',(-57.88797859161,30.114081838527,
    20.159119767601));
#6317 = CARTESIAN_POINT('',(-57.88597218342,30.118030172215,
    20.165958482155));
#6318 = CARTESIAN_POINT('',(-57.88394066183,30.121975765686,
    20.172792450512));
#6319 = CARTESIAN_POINT('',(-57.88188410429,30.125918571326,
    20.179621590205));
#6320 = CARTESIAN_POINT('',(-57.87767523518,30.133885272534,
    20.193420321465));
#6321 = CARTESIAN_POINT('',(-57.87552181243,30.137909041815,
    20.200389694299));
#6322 = CARTESIAN_POINT('',(-57.8733424013,30.141929799898,
    20.207353851583));
#6323 = CARTESIAN_POINT('',(-57.87113708327,30.145947497274,
    20.214312707568));
#6324 = CARTESIAN_POINT('',(-57.86890593928,30.149962085065,
    20.221266177592));
#6325 = CARTESIAN_POINT('',(-57.86664904979,30.153973515015,
    20.228214178077));
#6326 = CARTESIAN_POINT('',(-57.86436649473,30.157981739499,
    20.235156626532));
#6327 = CARTESIAN_POINT('',(-57.85767121859,30.169599050144,
    20.255278398816));
#6328 = CARTESIAN_POINT('',(-57.85318694394,30.177198949595,
    20.268441810797));
#6329 = CARTESIAN_POINT('',(-57.84860606224,30.184786064759,
    20.281583079745));
#6330 = CARTESIAN_POINT('',(-57.84392910646,30.192360053898,
    20.29470161375));
#6331 = CARTESIAN_POINT('',(-57.83915660987,30.199920578641,
    20.307796826736));
#6332 = CARTESIAN_POINT('',(-57.83428910603,30.207467303988,
    20.320868138468));
#6333 = CARTESIAN_POINT('',(-57.82932712879,30.214999898309,
    20.333914974545));
#6334 = CARTESIAN_POINT('',(-57.81899031137,30.230370719713,
    20.360538018171));
#6335 = CARTESIAN_POINT('',(-57.81360686626,30.238207624175,
    20.374111934872));
#6336 = CARTESIAN_POINT('',(-57.80812142201,30.246028394723,
    20.387657906817));
#6337 = CARTESIAN_POINT('',(-57.80253456123,30.253832636098,
    20.401175249392));
#6338 = CARTESIAN_POINT('',(-57.79684687331,30.261619982484,
    20.414663328989));
#6339 = CARTESIAN_POINT('',(-57.79105894692,30.269390114079,
    20.428121591693));
#6340 = CARTESIAN_POINT('',(-57.78517138591,30.277142717506,
    20.44154949472));
#6341 = CARTESIAN_POINT('',(-57.77256830594,30.293426036627,
    20.469753030754));
#6342 = CARTESIAN_POINT('',(-57.76583144527,30.301951416561,
    20.484519421952));
#6343 = CARTESIAN_POINT('',(-57.75897484141,30.310453072896,
    20.499244722673));
#6344 = CARTESIAN_POINT('',(-57.75199906357,30.318930550141,
    20.513928143981));
#6345 = CARTESIAN_POINT('',(-57.74490467544,30.327383394311,
    20.528568899552));
#6346 = CARTESIAN_POINT('',(-57.73769223512,30.335811152929,
    20.543166205673));
#6347 = CARTESIAN_POINT('',(-57.73036229516,30.344213375028,
    20.557719281244));
#6348 = CARTESIAN_POINT('',(-57.71835126118,30.357723339784,
    20.58111922661));
#6349 = CARTESIAN_POINT('',(-57.71374320118,30.362847309595,
    20.589994202659));
#6350 = CARTESIAN_POINT('',(-57.70909130986,30.3679614088,
    20.598852082317));
#6351 = CARTESIAN_POINT('',(-57.70439567468,30.373065525515,
    20.607692671796));
#6352 = CARTESIAN_POINT('',(-57.69965638324,30.37815954775,
    20.616515777122));
#6353 = CARTESIAN_POINT('',(-57.69487352327,30.383243363406,
    20.625321204134));
#6354 = CARTESIAN_POINT('',(-57.69004718264,30.388316860278,
    20.634108758489));
#6355 = CARTESIAN_POINT('',(-57.68030702497,30.398443710393,
    20.651648977409));
#6356 = CARTESIAN_POINT('',(-57.67539319567,30.40349706064,
    20.660401636784));
#6357 = CARTESIAN_POINT('',(-57.67043604951,30.40853986443,
    20.669136029161));
#6358 = CARTESIAN_POINT('',(-57.66543567477,30.413572009249,
    20.677851959659));
#6359 = CARTESIAN_POINT('',(-57.66039215998,30.418593382433,
    20.686549233137));
#6360 = CARTESIAN_POINT('',(-57.65530559391,30.423603871166,
    20.695227654194));
#6361 = CARTESIAN_POINT('',(-57.65017606554,30.428603362483,
    20.703887027166));
#6362 = CARTESIAN_POINT('',(-57.63983041272,30.438580943824,
    20.721168704986));
#6363 = CARTESIAN_POINT('',(-57.63461428057,30.443559032268,
    20.729791007096));
#6364 = CARTESIAN_POINT('',(-57.62935535338,30.448525894254,
    20.738393864409));
#6365 = CARTESIAN_POINT('',(-57.62405371122,30.453481413821,
    20.746977076077));
#6366 = CARTESIAN_POINT('',(-57.61870942851,30.458425473398,
    20.75554043846));
#6367 = CARTESIAN_POINT('',(-57.61332257404,30.463357953798,
    20.76408374512));
#6368 = CARTESIAN_POINT('',(-57.60789321095,30.468278734222,
    20.772606786828));
#6369 = CARTESIAN_POINT('',(-57.59697148228,30.478077003273,
    20.789577886651));
#6370 = CARTESIAN_POINT('',(-57.59147946574,30.482954587842,
    20.798026110942));
#6371 = CARTESIAN_POINT('',(-57.58594541764,30.48782032762,
    20.806453819454));
#6372 = CARTESIAN_POINT('',(-57.58036940995,30.492674104138,
    20.814860806992));
#6373 = CARTESIAN_POINT('',(-57.57475151619,30.497515798799,
    20.82324686814));
#6374 = CARTESIAN_POINT('',(-57.56909181132,30.502345292883,
    20.831611797268));
#6375 = CARTESIAN_POINT('',(-57.56339037184,30.507162467542,
    20.839955388526));
#6376 = CARTESIAN_POINT('',(-57.5502153743,30.518184812833,
    20.859046650588));
#6377 = CARTESIAN_POINT('',(-57.54271522149,30.524382026137,
    20.869780538896));
#6378 = CARTESIAN_POINT('',(-57.5351470759,30.530558622321,
    20.880478717306));
#6379 = CARTESIAN_POINT('',(-57.52751118301,30.536714376498,
    20.891140796298));
#6380 = CARTESIAN_POINT('',(-57.51980777522,30.542849060281,
    20.901766380299));
#6381 = CARTESIAN_POINT('',(-57.5120370718,30.548962441789,
    20.912355067676));
#6382 = CARTESIAN_POINT('',(-57.50419927894,30.555054285644,
    20.922906450745));
#6383 = CARTESIAN_POINT('',(-57.48848002834,30.56712521046,
    20.943813905821));
#6384 = CARTESIAN_POINT('',(-57.48060011875,30.573104791866,
    20.954170844624));
#6385 = CARTESIAN_POINT('',(-57.47265505937,30.579062866111,
    20.964490531932));
#6386 = CARTESIAN_POINT('',(-57.46464505827,30.584999204445,
    20.974772571537));
#6387 = CARTESIAN_POINT('',(-57.45657033317,30.590913580448,
    20.98501657127));
#6388 = CARTESIAN_POINT('',(-57.44843111141,30.596805770031,
    20.995222142995));
#6389 = CARTESIAN_POINT('',(-57.44022762995,30.602675551433,
    21.005388902612));
#6390 = CARTESIAN_POINT('',(-57.42367333436,30.614383513438,
    21.025667687658));
#6391 = CARTESIAN_POINT('',(-57.41532221931,30.620221587227,
    21.035779528079));
#6392 = CARTESIAN_POINT('',(-57.40690703029,30.626036702852,
    21.045851603795));
#6393 = CARTESIAN_POINT('',(-57.3984280084,30.631828635963,
    21.055883526215));
#6394 = CARTESIAN_POINT('',(-57.38988539581,30.637597161593,
    21.065874905691));
#6395 = CARTESIAN_POINT('',(-57.38127943575,30.643342054164,
    21.07582535151));
#6396 = CARTESIAN_POINT('',(-57.3726103725,30.649063087487,
    21.085734471896));
#6397 = CARTESIAN_POINT('',(-57.35516699689,30.660443629085,
    21.105446148161));
#6398 = CARTESIAN_POINT('',(-57.34639297917,30.666103250069,
    21.115248899258));
#6399 = CARTESIAN_POINT('',(-57.33755664188,30.671738672471,
    21.125009737179));
#6400 = CARTESIAN_POINT('',(-57.32865823024,30.677349670388,
    21.134728270652));
#6401 = CARTESIAN_POINT('',(-57.31969799101,30.682936017256,
    21.144404107257));
#6402 = CARTESIAN_POINT('',(-57.31067617259,30.688497485848,
    21.154036853424));
#6403 = CARTESIAN_POINT('',(-57.30159302491,30.694033848276,
    21.163626114437));
#6404 = CARTESIAN_POINT('',(-57.28301830371,30.70522843272,
    21.183015703465));
#6405 = CARTESIAN_POINT('',(-57.27352288049,30.710885043678,
    21.192813241043));
#6406 = CARTESIAN_POINT('',(-57.26396281636,30.716514462111,
    21.202563679785));
#6407 = CARTESIAN_POINT('',(-57.25433839919,30.722116440308,
    21.212266590645));
#6408 = CARTESIAN_POINT('',(-57.24464991817,30.727690729601,
    21.221921542917));
#6409 = CARTESIAN_POINT('',(-57.23489766386,30.733237080361,
    21.23152810423));
#6410 = CARTESIAN_POINT('',(-57.22508192816,30.738755241998,
    21.24108584055));
#6411 = CARTESIAN_POINT('',(-57.20543914983,30.749670739878,
    21.259992037468));
#6412 = CARTESIAN_POINT('',(-57.19561357146,30.755068734725,
    21.269341638802));
#6413 = CARTESIAN_POINT('',(-57.18572655286,30.760438704591,
    21.278642699445));
#6414 = CARTESIAN_POINT('',(-57.17577837988,30.765780405608,
    21.287894797004));
#6415 = CARTESIAN_POINT('',(-57.16576934062,30.771093592953,
    21.297097507437));
#6416 = CARTESIAN_POINT('',(-57.15569972541,30.776378020852,
    21.306250405047));
#6417 = CARTESIAN_POINT('',(-57.14556982684,30.781633442576,
    21.315353062487));
#6418 = CARTESIAN_POINT('',(-57.12255149838,30.793439034434,
    21.3358009474));
#6419 = CARTESIAN_POINT('',(-57.10962849177,30.799972346149,
    21.347116975231));
#6420 = CARTESIAN_POINT('',(-57.09661146313,30.806459036987,
    21.358352253336));
#6421 = CARTESIAN_POINT('',(-57.08350097944,30.812898604657,
    21.369505911719));
#6422 = CARTESIAN_POINT('',(-57.07029763141,30.819290553172,
    21.380577091306));
#6423 = CARTESIAN_POINT('',(-57.05700203345,30.825634392851,
    21.391564943945));
#6424 = CARTESIAN_POINT('',(-57.0436148237,30.83192964032,
    21.402468632408));
#6425 = CARTESIAN_POINT('',(-57.01673002668,30.844388851144,
    21.424048618577));
#6426 = CARTESIAN_POINT('',(-57.003233401,30.85055333158,21.434725811894
    ));
#6427 = CARTESIAN_POINT('',(-56.98964742449,30.856668782792,
    21.445318084105));
#6428 = CARTESIAN_POINT('',(-56.97597274413,30.862734726755,
    21.455824607245));
#6429 = CARTESIAN_POINT('',(-56.9622100164,30.868750684442,
    21.466244551616));
#6430 = CARTESIAN_POINT('',(-56.94835990725,30.874716175829,
    21.47657708579));
#6431 = CARTESIAN_POINT('',(-56.9344230921,30.88063071989,
    21.486821376607));
#6432 = CARTESIAN_POINT('',(-56.90636073952,30.892363923472,
    21.507143881346));
#6433 = CARTESIAN_POINT('',(-56.89223499556,30.898182458039,
    21.517221878842));
#6434 = CARTESIAN_POINT('',(-56.87802371458,30.903948957444,
    21.527209748793));
#6435 = CARTESIAN_POINT('',(-56.86372760127,30.909662941915,
    21.537106660211));
#6436 = CARTESIAN_POINT('',(-56.84934737445,30.91532393277,
    21.546911783992));
#6437 = CARTESIAN_POINT('',(-56.83488376704,30.920931452411,
    21.556624292916));
#6438 = CARTESIAN_POINT('',(-56.82033752609,30.926485024333,
    21.566243361647));
#6439 = CARTESIAN_POINT('',(-56.79106053159,30.937491129148,
    21.585306494381));
#6440 = CARTESIAN_POINT('',(-56.77632955372,30.942943518869,
    21.594750310401));
#6441 = CARTESIAN_POINT('',(-56.76151722819,30.948340852521,
    21.604098766511));
#6442 = CARTESIAN_POINT('',(-56.74662430277,30.953682628246,
    21.613350993468));
#6443 = CARTESIAN_POINT('',(-56.73165152387,30.958968332082,
    21.622506101066));
#6444 = CARTESIAN_POINT('',(-56.71659963656,30.964197437965,
    21.631563178134));
#6445 = CARTESIAN_POINT('',(-56.7014693846,30.969369407727,
    21.640521292537));
#6446 = CARTESIAN_POINT('',(-56.68626151043,30.974483691095,
    21.649379491175));
#6447 = ORIENTED_EDGE('',*,*,#6448,.F.);
#6448 = EDGE_CURVE('',#6127,#6204,#6449,.T.);
#6449 = LINE('',#6450,#6451);
#6450 = CARTESIAN_POINT('',(-57.97650449538,27.999355652982,
    20.496306570156));
#6451 = VECTOR('',#6452,1.);
#6452 = DIRECTION('',(0.,0.866025403784,-0.5));
#6453 = SURFACE_OF_LINEAR_EXTRUSION('',#6454,#6525);
#6454 = B_SPLINE_CURVE_WITH_KNOTS('',3,(#6455,#6456,#6457,#6458,#6459,
    #6460,#6461,#6462,#6463,#6464,#6465,#6466,#6467,#6468,#6469,#6470,
    #6471,#6472,#6473,#6474,#6475,#6476,#6477,#6478,#6479,#6480,#6481,
    #6482,#6483,#6484,#6485,#6486,#6487,#6488,#6489,#6490,#6491,#6492,
    #6493,#6494,#6495,#6496,#6497,#6498,#6499,#6500,#6501,#6502,#6503,
    #6504,#6505,#6506,#6507,#6508,#6509,#6510,#6511,#6512,#6513,#6514,
    #6515,#6516,#6517,#6518,#6519,#6520,#6521,#6522,#6523,#6524),
  .UNSPECIFIED.,.F.,.F.,(4,3,3,3,3,3,3,3,3,3,3,3,3,3,3,3,3,3,3,3,3,3,3,4
    ),(0.555075050722,0.570958483318,0.593260978748,0.633145047105,
    0.642631619675,0.677696984656,0.721735812559,0.746327372617,
    0.76753963174,0.800104600782,0.822011261112,0.850692459668,
    0.862054911563,0.862550312609,0.890851633257,0.919529038136,
    0.951849562034,0.980932599548,1.002773562806,1.022886133841,
    1.026174646926,1.035646416066,1.044175566353,1.045118185205),
  .UNSPECIFIED.);
#6455 = CARTESIAN_POINT('',(-56.68626151043,29.242432614156,
    22.649379646697));
#6456 = CARTESIAN_POINT('',(-56.71567922655,29.232539689618,
    22.632244570717));
#6457 = CARTESIAN_POINT('',(-56.74471301987,29.222364909289,
    22.614620175027));
#6458 = CARTESIAN_POINT('',(-56.7733439189,29.211920083253,
    22.596529037383));
#6459 = CARTESIAN_POINT('',(-56.81354558758,29.197254129688,
    22.571126624387));
#6460 = CARTESIAN_POINT('',(-56.85295209514,29.182056207951,
    22.544804830722));
#6461 = CARTESIAN_POINT('',(-56.89152864585,29.166353524737,
    22.517607472047));
#6462 = CARTESIAN_POINT('',(-56.96051598362,29.138272053197,
    22.468969806549));
#6463 = CARTESIAN_POINT('',(-57.0268509127,29.108575808337,
    22.417530439039));
#6464 = CARTESIAN_POINT('',(-57.09033769167,29.077409990725,
    22.363551155309));
#6465 = CARTESIAN_POINT('',(-57.1054382559,29.069997086207,
    22.350711983843));
#6466 = CARTESIAN_POINT('',(-57.1203778992,29.062500975296,
    22.337729079767));
#6467 = CARTESIAN_POINT('',(-57.13515442354,29.054923464867,
    22.32460593148));
#6468 = CARTESIAN_POINT('',(-57.18977311908,29.026914595816,
    22.276098635404));
#6469 = CARTESIAN_POINT('',(-57.24215210699,28.997798862432,
    22.225657365155));
#6470 = CARTESIAN_POINT('',(-57.29215785746,28.967674560532,
    22.173472164538));
#6471 = CARTESIAN_POINT('',(-57.35496041607,28.92984124701,
    22.107932419826));
#6472 = CARTESIAN_POINT('',(-57.41398036528,28.890439870085,
    22.039680622757));
#6473 = CARTESIAN_POINT('',(-57.46898935264,28.849675888846,
    21.969088158695));
#6474 = CARTESIAN_POINT('',(-57.49970671912,28.826913023879,
    21.929668880248));
#6475 = CARTESIAN_POINT('',(-57.52917441385,28.803725129421,
    21.889519365777));
#6476 = CARTESIAN_POINT('',(-57.55735897698,28.78014682673,
    21.848701289708));
#6477 = CARTESIAN_POINT('',(-57.5816704991,28.759808586082,
    21.813492315392));
#6478 = CARTESIAN_POINT('',(-57.60499393802,28.739195378092,
    21.777784104427));
#6479 = CARTESIAN_POINT('',(-57.6273197453,28.718322504649,
    21.741619701115));
#6480 = CARTESIAN_POINT('',(-57.66159422868,28.686278559044,
    21.686100264573));
#6481 = CARTESIAN_POINT('',(-57.69352012588,28.653620750637,
    21.629504230319));
#6482 = CARTESIAN_POINT('',(-57.72303028401,28.620424138107,
    21.571995095364));
#6483 = CARTESIAN_POINT('',(-57.74288195374,28.598092567213,
    21.533308337095));
#6484 = CARTESIAN_POINT('',(-57.76163986642,28.575517542864,
    21.494208529031));
#6485 = CARTESIAN_POINT('',(-57.77927164342,28.552728299423,
    21.454744077443));
#6486 = CARTESIAN_POINT('',(-57.80235596982,28.522891582816,
    21.403075418012));
#6487 = CARTESIAN_POINT('',(-57.82276301151,28.493660879403,
    21.352472149264));
#6488 = CARTESIAN_POINT('',(-57.84078943441,28.465138108564,
    21.303073624142));
#6489 = CARTESIAN_POINT('',(-57.84793085016,28.453838419991,
    21.283503717943));
#6490 = CARTESIAN_POINT('',(-57.85469850416,28.442649547067,
    21.264122441517));
#6491 = CARTESIAN_POINT('',(-57.86111035223,28.431576674389,
    21.244936501928));
#6492 = CARTESIAN_POINT('',(-57.86138990776,28.43109389895,
    21.244099998097));
#6493 = CARTESIAN_POINT('',(-57.86166878561,28.430611344294,
    21.243263864475));
#6494 = CARTESIAN_POINT('',(-57.86194698721,28.430129010853,
    21.242428101564));
#6495 = CARTESIAN_POINT('',(-57.87784011613,28.402574217657,
    21.194682554129));
#6496 = CARTESIAN_POINT('',(-57.89161177635,28.3756995003,
    21.148203616653));
#6497 = CARTESIAN_POINT('',(-57.90350019787,28.34962438769,
    21.103136588752));
#6498 = CARTESIAN_POINT('',(-57.91554659956,28.323202773982,
    21.057470684257));
#6499 = CARTESIAN_POINT('',(-57.92565819514,28.297602492072,
    21.01325347292));
#6500 = CARTESIAN_POINT('',(-57.93410598214,28.272920247784,
    20.970596074919));
#6501 = CARTESIAN_POINT('',(-57.94362695877,28.24510242153,
    20.922519568089));
#6502 = CARTESIAN_POINT('',(-57.95103416346,28.218450138474,
    20.876421819711));
#6503 = CARTESIAN_POINT('',(-57.95676105001,28.193064697828,
    20.832435578253));
#6504 = CARTESIAN_POINT('',(-57.96191428505,28.170222069256,
    20.792855356271));
#6505 = CARTESIAN_POINT('',(-57.96570732166,28.148422604443,
    20.755021557748));
#6506 = CARTESIAN_POINT('',(-57.96851352491,28.127745236264,
    20.71911382287));
#6507 = CARTESIAN_POINT('',(-57.97062094515,28.11221681567,
    20.692147605269));
#6508 = CARTESIAN_POINT('',(-57.97217252519,28.097320358766,
    20.666266682533));
#6509 = CARTESIAN_POINT('',(-57.97331056732,28.083101092693,
    20.641554742558));
#6510 = CARTESIAN_POINT('',(-57.97435855009,28.070007073185,
    20.618798390547));
#6511 = CARTESIAN_POINT('',(-57.97506789704,28.057485954024,
    20.597046561238));
#6512 = CARTESIAN_POINT('',(-57.97554803831,28.045568861029,
    20.576361761047));
#6513 = CARTESIAN_POINT('',(-57.97562654398,28.043620352498,
    20.57297968543));
#6514 = CARTESIAN_POINT('',(-57.97569888969,28.041688053391,
    20.569626226674));
#6515 = CARTESIAN_POINT('',(-57.97576552115,28.039772174642,
    20.566301778048));
#6516 = CARTESIAN_POINT('',(-57.97595743703,28.034253947788,
    20.556726505244));
#6517 = CARTESIAN_POINT('',(-57.97612761589,28.028216421679,
    20.5462568956));
#6518 = CARTESIAN_POINT('',(-57.97625214226,28.021530028541,
    20.534667021524));
#6519 = CARTESIAN_POINT('',(-57.97636427592,28.015509057049,
    20.524230557507));
#6520 = CARTESIAN_POINT('',(-57.97643953337,28.008962163782,
    20.512886397481));
#6521 = CARTESIAN_POINT('',(-57.97645980351,28.001771147776,
    20.500434814579));
#6522 = CARTESIAN_POINT('',(-57.97646204371,28.000976415941,
    20.499058698976));
#6523 = CARTESIAN_POINT('',(-57.97646361012,28.000173788539,
    20.497669012098));
#6524 = CARTESIAN_POINT('',(-57.97646447627,27.999363083885,
    20.49626544819));
#6525 = VECTOR('',#6526,1.);
#6526 = DIRECTION('',(0.,-0.866025403784,0.5));
#6527 = ADVANCED_FACE('',(#6528),#6538,.T.);
#6528 = FACE_BOUND('',#6529,.T.);
#6529 = EDGE_LOOP('',(#6530,#6531,#6537));
#6530 = ORIENTED_EDGE('',*,*,#6203,.F.);
#6531 = ORIENTED_EDGE('',*,*,#6532,.T.);
#6532 = EDGE_CURVE('',#6204,#4184,#6533,.T.);
#6533 = LINE('',#6534,#6535);
#6534 = CARTESIAN_POINT('',(-57.97650449538,29.731406460557,
    19.496306570152));
#6535 = VECTOR('',#6536,1.);
#6536 = DIRECTION('',(9.697E-14,0.866025403784,-0.5));
#6537 = ORIENTED_EDGE('',*,*,#4183,.F.);
#6538 = SURFACE_OF_LINEAR_EXTRUSION('',#6539,#6780);
#6539 = B_SPLINE_CURVE_WITH_KNOTS('',8,(#6540,#6541,#6542,#6543,#6544,
    #6545,#6546,#6547,#6548,#6549,#6550,#6551,#6552,#6553,#6554,#6555,
    #6556,#6557,#6558,#6559,#6560,#6561,#6562,#6563,#6564,#6565,#6566,
    #6567,#6568,#6569,#6570,#6571,#6572,#6573,#6574,#6575,#6576,#6577,
    #6578,#6579,#6580,#6581,#6582,#6583,#6584,#6585,#6586,#6587,#6588,
    #6589,#6590,#6591,#6592,#6593,#6594,#6595,#6596,#6597,#6598,#6599,
    #6600,#6601,#6602,#6603,#6604,#6605,#6606,#6607,#6608,#6609,#6610,
    #6611,#6612,#6613,#6614,#6615,#6616,#6617,#6618,#6619,#6620,#6621,
    #6622,#6623,#6624,#6625,#6626,#6627,#6628,#6629,#6630,#6631,#6632,
    #6633,#6634,#6635,#6636,#6637,#6638,#6639,#6640,#6641,#6642,#6643,
    #6644,#6645,#6646,#6647,#6648,#6649,#6650,#6651,#6652,#6653,#6654,
    #6655,#6656,#6657,#6658,#6659,#6660,#6661,#6662,#6663,#6664,#6665,
    #6666,#6667,#6668,#6669,#6670,#6671,#6672,#6673,#6674,#6675,#6676,
    #6677,#6678,#6679,#6680,#6681,#6682,#6683,#6684,#6685,#6686,#6687,
    #6688,#6689,#6690,#6691,#6692,#6693,#6694,#6695,#6696,#6697,#6698,
    #6699,#6700,#6701,#6702,#6703,#6704,#6705,#6706,#6707,#6708,#6709,
    #6710,#6711,#6712,#6713,#6714,#6715,#6716,#6717,#6718,#6719,#6720,
    #6721,#6722,#6723,#6724,#6725,#6726,#6727,#6728,#6729,#6730,#6731,
    #6732,#6733,#6734,#6735,#6736,#6737,#6738,#6739,#6740,#6741,#6742,
    #6743,#6744,#6745,#6746,#6747,#6748,#6749,#6750,#6751,#6752,#6753,
    #6754,#6755,#6756,#6757,#6758,#6759,#6760,#6761,#6762,#6763,#6764,
    #6765,#6766,#6767,#6768,#6769,#6770,#6771,#6772,#6773,#6774,#6775,
    #6776,#6777,#6778,#6779),.UNSPECIFIED.,.F.,.F.,(9,7,7,7,7,7,7,7,7,7,
    7,7,7,7,7,7,7,7,7,7,7,7,7,7,7,7,7,7,7,7,7,7,7,7,9),(0.,
    1.722340222953E-03,2.795772127441E-02,3.159809182907E-02,
    4.288986263962E-02,5.836666532928E-02,8.95387556671E-02,
    9.107042368241E-02,0.112641800751,0.135170083608,0.153661648049,
    0.172892418851,0.192745736029,0.213130982807,0.234226936508,
    0.255848180895,0.278183132995,0.301009908252,0.344397263316,
    0.38971532292,0.439802520359,0.47050056617,0.501202968724,
    0.531910416809,0.562494965109,0.602073154908,0.641200081143,
    0.680418377578,0.719544751175,0.759896020641,0.79977728012,
    0.849985333545,0.899926956227,0.949927984358,1.),.UNSPECIFIED.);
#6540 = CARTESIAN_POINT('',(-57.97646447627,29.731390511949,
    19.496278946353));
#6541 = CARTESIAN_POINT('',(-57.97646414187,29.731703394105,
    19.496820874144));
#6542 = CARTESIAN_POINT('',(-57.97646372705,29.732016243233,
    19.497362744727));
#6543 = CARTESIAN_POINT('',(-57.97646323147,29.732329059004,
    19.497904557537));
#6544 = CARTESIAN_POINT('',(-57.97646265488,29.732641841096,
    19.498446312012));
#6545 = CARTESIAN_POINT('',(-57.97646199699,29.732954589188,
    19.498988007597));
#6546 = CARTESIAN_POINT('',(-57.97646125757,29.733267302964,
    19.499529643745));
#6547 = CARTESIAN_POINT('',(-57.97646043637,29.73357998211,
    19.500071219913));
#6548 = CARTESIAN_POINT('',(-57.97644577562,29.738654949003,
    19.508861320418));
#6549 = CARTESIAN_POINT('',(-57.97641307056,29.743409055975,
    19.517095675238));
#6550 = CARTESIAN_POINT('',(-57.97636020843,29.748153768711,
    19.525313758765));
#6551 = CARTESIAN_POINT('',(-57.97628640225,29.752887871731,
    19.533513465724));
#6552 = CARTESIAN_POINT('',(-57.97619084155,29.757609600831,
    19.541691740424));
#6553 = CARTESIAN_POINT('',(-57.97607277411,29.762316464532,
    19.549844267499));
#6554 = CARTESIAN_POINT('',(-57.97593211574,29.767005398745,
    19.557965739789));
#6555 = CARTESIAN_POINT('',(-57.97574817455,29.772320957262,
    19.567172557211));
#6556 = CARTESIAN_POINT('',(-57.9757253527,29.772968325557,
    19.568293831988));
#6557 = CARTESIAN_POINT('',(-57.97570199144,29.773616749637,
    19.56941693544));
#6558 = CARTESIAN_POINT('',(-57.9756782973,29.774263959218,
    19.570537935318));
#6559 = CARTESIAN_POINT('',(-57.97565403462,29.774912484762,
    19.571661214511));
#6560 = CARTESIAN_POINT('',(-57.97562937971,29.775560379931,
    19.572783401861));
#6561 = CARTESIAN_POINT('',(-57.97560423881,29.776208638808,
    19.573906219172));
#6562 = CARTESIAN_POINT('',(-57.97549922798,29.778867893777,
    19.578512183888));
#6563 = CARTESIAN_POINT('',(-57.9754153697,29.780879776823,
    19.581996867543));
#6564 = CARTESIAN_POINT('',(-57.97532698563,29.782892562752,
    19.585483115037));
#6565 = CARTESIAN_POINT('',(-57.97523400036,29.784906216988,
    19.588970866482));
#6566 = CARTESIAN_POINT('',(-57.9751363404,29.786920706705,
    19.592460065023));
#6567 = CARTESIAN_POINT('',(-57.97503393412,29.788936000827,
    19.595950656836));
#6568 = CARTESIAN_POINT('',(-57.9749267118,29.79095207003,
    19.599442591127));
#6569 = CARTESIAN_POINT('',(-57.97466094993,29.795733189594,
    19.607723733128));
#6570 = CARTESIAN_POINT('',(-57.97449812274,29.798498894992,
    19.612514075397));
#6571 = CARTESIAN_POINT('',(-57.97432595982,29.801265930491,
    19.617306721466));
#6572 = CARTESIAN_POINT('',(-57.97414430618,29.804034226951,
    19.622101551586));
#6573 = CARTESIAN_POINT('',(-57.97395301612,29.80680371854,
    19.626898451729));
#6574 = CARTESIAN_POINT('',(-57.97375195316,29.809574342731,
    19.631697313597));
#6575 = CARTESIAN_POINT('',(-57.97354099011,29.812346040303,
    19.636498034616));
#6576 = CARTESIAN_POINT('',(-57.97287492733,29.820703327648,
    19.65097328091));
#6577 = CARTESIAN_POINT('',(-57.97238751052,29.826291942882,
    19.66065304644));
#6578 = CARTESIAN_POINT('',(-57.97185680394,29.831884145847,
    19.670339026101));
#6579 = CARTESIAN_POINT('',(-57.97128194116,29.837479509261,
    19.680030479821));
#6580 = CARTESIAN_POINT('',(-57.97066214399,29.84307763376,
    19.68972671588));
#6581 = CARTESIAN_POINT('',(-57.96999672251,29.848678147898,
    19.699427090915));
#6582 = CARTESIAN_POINT('',(-57.96928507505,29.854280708143,
    19.709131009913));
#6583 = CARTESIAN_POINT('',(-57.96848942417,29.860160370628,
    19.719314884068));
#6584 = CARTESIAN_POINT('',(-57.96845204717,29.860435746538,
    19.719791849134));
#6585 = CARTESIAN_POINT('',(-57.96841455704,29.860711126574,
    19.720268821348));
#6586 = CARTESIAN_POINT('',(-57.96837695367,29.860986510699,
    19.720745800644));
#6587 = CARTESIAN_POINT('',(-57.96833923697,29.861261898873,
    19.721222786955));
#6588 = CARTESIAN_POINT('',(-57.96830140682,29.861537291059,
    19.721699780213));
#6589 = CARTESIAN_POINT('',(-57.96826346316,29.861812687218,
    19.722176780351));
#6590 = CARTESIAN_POINT('',(-57.96768942338,29.865966707974,
    19.729371755357));
#6591 = CARTESIAN_POINT('',(-57.96713090636,29.869846108453,
    19.736091074089));
#6592 = CARTESIAN_POINT('',(-57.96654960308,29.873726181683,
    19.742811558062));
#6593 = CARTESIAN_POINT('',(-57.96594527658,29.877606823405,
    19.749533026689));
#6594 = CARTESIAN_POINT('',(-57.96531770469,29.881487932156,
    19.756255304235));
#6595 = CARTESIAN_POINT('',(-57.96466668006,29.885369409273,
    19.762978219811));
#6596 = CARTESIAN_POINT('',(-57.96399201015,29.889251158896,
    19.76970160738));
#6597 = CARTESIAN_POINT('',(-57.96256403919,29.897187219309,
    19.783447267228));
#6598 = CARTESIAN_POINT('',(-57.9618085735,29.901241545347,
    19.790469565915));
#6599 = CARTESIAN_POINT('',(-57.96102691897,29.905295960404,
    19.79749201879));
#6600 = CARTESIAN_POINT('',(-57.96021888535,29.909350360625,
    19.804514445966));
#6601 = CARTESIAN_POINT('',(-57.9593842934,29.913404643963,
    19.811536670696));
#6602 = CARTESIAN_POINT('',(-57.95852297484,29.917458710183,
    19.818558519366));
#6603 = CARTESIAN_POINT('',(-57.95763477237,29.921512460861,
    19.825579821502));
#6604 = CARTESIAN_POINT('',(-57.95596830246,29.928892842595,
    19.838363017645));
#6605 = CARTESIAN_POINT('',(-57.95519878387,29.932219590889,
    19.844125114714));
#6606 = CARTESIAN_POINT('',(-57.95441096713,29.93554599663,
    19.849886618464));
#6607 = CARTESIAN_POINT('',(-57.95360483795,29.938872012936,
    19.855647447692));
#6608 = CARTESIAN_POINT('',(-57.95278038458,29.942197593682,
    19.861407522508));
#6609 = CARTESIAN_POINT('',(-57.95193759776,29.945522693497,
    19.867166764329));
#6610 = CARTESIAN_POINT('',(-57.95107647074,29.948847267769,
    19.872925095882));
#6611 = CARTESIAN_POINT('',(-57.94928237066,29.955628155697,
    19.884669938293));
#6612 = CARTESIAN_POINT('',(-57.94834790134,29.959084422846,
    19.890656368599));
#6613 = CARTESIAN_POINT('',(-57.94739358652,29.962540024741,
    19.896641646653));
#6614 = CARTESIAN_POINT('',(-57.94641942369,29.965994912769,
    19.902625688251));
#6615 = CARTESIAN_POINT('',(-57.94542541272,29.969449039045,
    19.908608410457));
#6616 = CARTESIAN_POINT('',(-57.94441155579,29.972902356416,
    19.914589731599));
#6617 = CARTESIAN_POINT('',(-57.94337785744,29.976354818462,
    19.920569571273));
#6618 = CARTESIAN_POINT('',(-57.94123668622,29.983369675863,
    19.932719660699));
#6619 = CARTESIAN_POINT('',(-57.94012791168,29.986932012473,
    19.938889808703));
#6620 = CARTESIAN_POINT('',(-57.93899800323,29.990493338324,
    19.945058206018));
#6621 = CARTESIAN_POINT('',(-57.93784696816,29.994053603484,
    19.951224766163));
#6622 = CARTESIAN_POINT('',(-57.93667481868,29.997612759091,
    19.957389404507));
#6623 = CARTESIAN_POINT('',(-57.93548157201,30.001170757352,
    19.963552038269));
#6624 = CARTESIAN_POINT('',(-57.93426725028,30.004727551542,
    19.969712586518));
#6625 = CARTESIAN_POINT('',(-57.9317634117,30.01193390411,
    19.982194355303));
#6626 = CARTESIAN_POINT('',(-57.93047276489,30.015583395398,
    19.988515459635));
#6627 = CARTESIAN_POINT('',(-57.92915998793,30.019231521178,
    19.994834198839));
#6628 = CARTESIAN_POINT('',(-57.92782512898,30.022878233512,
    20.001150489881));
#6629 = CARTESIAN_POINT('',(-57.92646823663,30.026523485208,
    20.007464251026));
#6630 = CARTESIAN_POINT('',(-57.92508935991,30.030167229826,
    20.013775401834));
#6631 = CARTESIAN_POINT('',(-57.92368854824,30.033809421674,
    20.020083863165));
#6632 = CARTESIAN_POINT('',(-57.92079355416,30.041217534847,
    20.03291509157));
#6633 = CARTESIAN_POINT('',(-57.91929781915,30.044983342755,
    20.039437662197));
#6634 = CARTESIAN_POINT('',(-57.91777870172,30.048747389709,
    20.045957182763));
#6635 = CARTESIAN_POINT('',(-57.91623625759,30.05250962662,
    20.052473568243));
#6636 = CARTESIAN_POINT('',(-57.91467054294,30.056270005133,
    20.058986734884));
#6637 = CARTESIAN_POINT('',(-57.91308161441,30.060028477628,
    20.065496600204));
#6638 = CARTESIAN_POINT('',(-57.91146952907,30.063784997218,
    20.072003082994));
#6639 = CARTESIAN_POINT('',(-57.90815844368,30.071387526102,
    20.085171049287));
#6640 = CARTESIAN_POINT('',(-57.90645827379,30.075233433487,
    20.091832356279));
#6641 = CARTESIAN_POINT('',(-57.9047339003,30.079077191171,
    20.09848993988));
#6642 = CARTESIAN_POINT('',(-57.9029853922,30.082918751116,
    20.105143716884));
#6643 = CARTESIAN_POINT('',(-57.90121282197,30.086758065979,
    20.111793605293));
#6644 = CARTESIAN_POINT('',(-57.89941626562,30.090595089114,
    20.118439524314));
#6645 = CARTESIAN_POINT('',(-57.89759580264,30.094429774574,
    20.125081394361));
#6646 = CARTESIAN_POINT('',(-57.89384635035,30.102220882247,
    20.138575988699));
#6647 = CARTESIAN_POINT('',(-57.89191575431,30.106177144269,
    20.145428435527));
#6648 = CARTESIAN_POINT('',(-57.8899598082,30.110130812897,
    20.152276390468));
#6649 = CARTESIAN_POINT('',(-57.88797859161,30.114081838527,
    20.159119767601));
#6650 = CARTESIAN_POINT('',(-57.88597218342,30.118030172215,
    20.165958482155));
#6651 = CARTESIAN_POINT('',(-57.88394066183,30.121975765686,
    20.172792450512));
#6652 = CARTESIAN_POINT('',(-57.88188410429,30.125918571326,
    20.179621590205));
#6653 = CARTESIAN_POINT('',(-57.87767523518,30.133885272534,
    20.193420321465));
#6654 = CARTESIAN_POINT('',(-57.87552181243,30.137909041815,
    20.200389694299));
#6655 = CARTESIAN_POINT('',(-57.8733424013,30.141929799898,
    20.207353851583));
#6656 = CARTESIAN_POINT('',(-57.87113708327,30.145947497274,
    20.214312707568));
#6657 = CARTESIAN_POINT('',(-57.86890593928,30.149962085065,
    20.221266177592));
#6658 = CARTESIAN_POINT('',(-57.86664904979,30.153973515015,
    20.228214178077));
#6659 = CARTESIAN_POINT('',(-57.86436649473,30.157981739499,
    20.235156626532));
#6660 = CARTESIAN_POINT('',(-57.85767121859,30.169599050144,
    20.255278398816));
#6661 = CARTESIAN_POINT('',(-57.85318694394,30.177198949595,
    20.268441810797));
#6662 = CARTESIAN_POINT('',(-57.84860606224,30.184786064759,
    20.281583079745));
#6663 = CARTESIAN_POINT('',(-57.84392910646,30.192360053898,
    20.29470161375));
#6664 = CARTESIAN_POINT('',(-57.83915660987,30.199920578641,
    20.307796826736));
#6665 = CARTESIAN_POINT('',(-57.83428910603,30.207467303988,
    20.320868138468));
#6666 = CARTESIAN_POINT('',(-57.82932712879,30.214999898309,
    20.333914974545));
#6667 = CARTESIAN_POINT('',(-57.81899031137,30.230370719713,
    20.360538018171));
#6668 = CARTESIAN_POINT('',(-57.81360686626,30.238207624175,
    20.374111934872));
#6669 = CARTESIAN_POINT('',(-57.80812142201,30.246028394723,
    20.387657906817));
#6670 = CARTESIAN_POINT('',(-57.80253456123,30.253832636098,
    20.401175249392));
#6671 = CARTESIAN_POINT('',(-57.79684687331,30.261619982484,
    20.414663328989));
#6672 = CARTESIAN_POINT('',(-57.79105894692,30.269390114079,
    20.428121591693));
#6673 = CARTESIAN_POINT('',(-57.78517138591,30.277142717506,
    20.44154949472));
#6674 = CARTESIAN_POINT('',(-57.77256830594,30.293426036627,
    20.469753030754));
#6675 = CARTESIAN_POINT('',(-57.76583144527,30.301951416561,
    20.484519421952));
#6676 = CARTESIAN_POINT('',(-57.75897484141,30.310453072896,
    20.499244722673));
#6677 = CARTESIAN_POINT('',(-57.75199906357,30.318930550141,
    20.513928143981));
#6678 = CARTESIAN_POINT('',(-57.74490467544,30.327383394311,
    20.528568899552));
#6679 = CARTESIAN_POINT('',(-57.73769223512,30.335811152929,
    20.543166205673));
#6680 = CARTESIAN_POINT('',(-57.73036229516,30.344213375028,
    20.557719281244));
#6681 = CARTESIAN_POINT('',(-57.71835126118,30.357723339784,
    20.58111922661));
#6682 = CARTESIAN_POINT('',(-57.71374320118,30.362847309595,
    20.589994202659));
#6683 = CARTESIAN_POINT('',(-57.70909130986,30.3679614088,
    20.598852082317));
#6684 = CARTESIAN_POINT('',(-57.70439567468,30.373065525515,
    20.607692671796));
#6685 = CARTESIAN_POINT('',(-57.69965638324,30.37815954775,
    20.616515777122));
#6686 = CARTESIAN_POINT('',(-57.69487352327,30.383243363406,
    20.625321204134));
#6687 = CARTESIAN_POINT('',(-57.69004718264,30.388316860278,
    20.634108758489));
#6688 = CARTESIAN_POINT('',(-57.68030702497,30.398443710393,
    20.651648977409));
#6689 = CARTESIAN_POINT('',(-57.67539319567,30.40349706064,
    20.660401636784));
#6690 = CARTESIAN_POINT('',(-57.67043604951,30.40853986443,
    20.669136029161));
#6691 = CARTESIAN_POINT('',(-57.66543567477,30.413572009249,
    20.677851959659));
#6692 = CARTESIAN_POINT('',(-57.66039215998,30.418593382433,
    20.686549233137));
#6693 = CARTESIAN_POINT('',(-57.65530559391,30.423603871166,
    20.695227654194));
#6694 = CARTESIAN_POINT('',(-57.65017606554,30.428603362483,
    20.703887027166));
#6695 = CARTESIAN_POINT('',(-57.63983041272,30.438580943824,
    20.721168704986));
#6696 = CARTESIAN_POINT('',(-57.63461428057,30.443559032268,
    20.729791007096));
#6697 = CARTESIAN_POINT('',(-57.62935535338,30.448525894254,
    20.738393864409));
#6698 = CARTESIAN_POINT('',(-57.62405371122,30.453481413821,
    20.746977076077));
#6699 = CARTESIAN_POINT('',(-57.61870942851,30.458425473398,
    20.75554043846));
#6700 = CARTESIAN_POINT('',(-57.61332257404,30.463357953798,
    20.76408374512));
#6701 = CARTESIAN_POINT('',(-57.60789321095,30.468278734222,
    20.772606786828));
#6702 = CARTESIAN_POINT('',(-57.59697148228,30.478077003273,
    20.789577886651));
#6703 = CARTESIAN_POINT('',(-57.59147946574,30.482954587842,
    20.798026110942));
#6704 = CARTESIAN_POINT('',(-57.58594541764,30.48782032762,
    20.806453819454));
#6705 = CARTESIAN_POINT('',(-57.58036940995,30.492674104138,
    20.814860806992));
#6706 = CARTESIAN_POINT('',(-57.57475151619,30.497515798799,
    20.82324686814));
#6707 = CARTESIAN_POINT('',(-57.56909181132,30.502345292883,
    20.831611797268));
#6708 = CARTESIAN_POINT('',(-57.56339037184,30.507162467542,
    20.839955388526));
#6709 = CARTESIAN_POINT('',(-57.5502153743,30.518184812833,
    20.859046650588));
#6710 = CARTESIAN_POINT('',(-57.54271522149,30.524382026137,
    20.869780538896));
#6711 = CARTESIAN_POINT('',(-57.5351470759,30.530558622321,
    20.880478717306));
#6712 = CARTESIAN_POINT('',(-57.52751118301,30.536714376498,
    20.891140796298));
#6713 = CARTESIAN_POINT('',(-57.51980777522,30.542849060281,
    20.901766380299));
#6714 = CARTESIAN_POINT('',(-57.5120370718,30.548962441789,
    20.912355067676));
#6715 = CARTESIAN_POINT('',(-57.50419927894,30.555054285644,
    20.922906450745));
#6716 = CARTESIAN_POINT('',(-57.48848002834,30.56712521046,
    20.943813905821));
#6717 = CARTESIAN_POINT('',(-57.48060011875,30.573104791866,
    20.954170844624));
#6718 = CARTESIAN_POINT('',(-57.47265505937,30.579062866111,
    20.964490531932));
#6719 = CARTESIAN_POINT('',(-57.46464505827,30.584999204445,
    20.974772571537));
#6720 = CARTESIAN_POINT('',(-57.45657033317,30.590913580448,
    20.98501657127));
#6721 = CARTESIAN_POINT('',(-57.44843111141,30.596805770031,
    20.995222142995));
#6722 = CARTESIAN_POINT('',(-57.44022762995,30.602675551433,
    21.005388902612));
#6723 = CARTESIAN_POINT('',(-57.42367333436,30.614383513438,
    21.025667687658));
#6724 = CARTESIAN_POINT('',(-57.41532221931,30.620221587227,
    21.035779528079));
#6725 = CARTESIAN_POINT('',(-57.40690703029,30.626036702852,
    21.045851603795));
#6726 = CARTESIAN_POINT('',(-57.3984280084,30.631828635963,
    21.055883526215));
#6727 = CARTESIAN_POINT('',(-57.38988539581,30.637597161593,
    21.065874905691));
#6728 = CARTESIAN_POINT('',(-57.38127943575,30.643342054164,
    21.07582535151));
#6729 = CARTESIAN_POINT('',(-57.3726103725,30.649063087487,
    21.085734471896));
#6730 = CARTESIAN_POINT('',(-57.35516699689,30.660443629085,
    21.105446148161));
#6731 = CARTESIAN_POINT('',(-57.34639297917,30.666103250069,
    21.115248899258));
#6732 = CARTESIAN_POINT('',(-57.33755664188,30.671738672471,
    21.125009737179));
#6733 = CARTESIAN_POINT('',(-57.32865823024,30.677349670388,
    21.134728270652));
#6734 = CARTESIAN_POINT('',(-57.31969799101,30.682936017256,
    21.144404107257));
#6735 = CARTESIAN_POINT('',(-57.31067617259,30.688497485848,
    21.154036853424));
#6736 = CARTESIAN_POINT('',(-57.30159302491,30.694033848276,
    21.163626114437));
#6737 = CARTESIAN_POINT('',(-57.28301830371,30.70522843272,
    21.183015703465));
#6738 = CARTESIAN_POINT('',(-57.27352288049,30.710885043678,
    21.192813241043));
#6739 = CARTESIAN_POINT('',(-57.26396281636,30.716514462111,
    21.202563679785));
#6740 = CARTESIAN_POINT('',(-57.25433839919,30.722116440308,
    21.212266590645));
#6741 = CARTESIAN_POINT('',(-57.24464991817,30.727690729601,
    21.221921542917));
#6742 = CARTESIAN_POINT('',(-57.23489766386,30.733237080361,
    21.23152810423));
#6743 = CARTESIAN_POINT('',(-57.22508192816,30.738755241998,
    21.24108584055));
#6744 = CARTESIAN_POINT('',(-57.20543914983,30.749670739878,
    21.259992037468));
#6745 = CARTESIAN_POINT('',(-57.19561357146,30.755068734725,
    21.269341638802));
#6746 = CARTESIAN_POINT('',(-57.18572655286,30.760438704591,
    21.278642699445));
#6747 = CARTESIAN_POINT('',(-57.17577837988,30.765780405608,
    21.287894797004));
#6748 = CARTESIAN_POINT('',(-57.16576934062,30.771093592953,
    21.297097507437));
#6749 = CARTESIAN_POINT('',(-57.15569972541,30.776378020852,
    21.306250405047));
#6750 = CARTESIAN_POINT('',(-57.14556982684,30.781633442576,
    21.315353062487));
#6751 = CARTESIAN_POINT('',(-57.12255149838,30.793439034434,
    21.3358009474));
#6752 = CARTESIAN_POINT('',(-57.10962849177,30.799972346149,
    21.347116975231));
#6753 = CARTESIAN_POINT('',(-57.09661146313,30.806459036987,
    21.358352253336));
#6754 = CARTESIAN_POINT('',(-57.08350097944,30.812898604657,
    21.369505911719));
#6755 = CARTESIAN_POINT('',(-57.07029763141,30.819290553172,
    21.380577091306));
#6756 = CARTESIAN_POINT('',(-57.05700203345,30.825634392851,
    21.391564943945));
#6757 = CARTESIAN_POINT('',(-57.0436148237,30.83192964032,
    21.402468632408));
#6758 = CARTESIAN_POINT('',(-57.01673002668,30.844388851144,
    21.424048618577));
#6759 = CARTESIAN_POINT('',(-57.003233401,30.85055333158,21.434725811894
    ));
#6760 = CARTESIAN_POINT('',(-56.98964742449,30.856668782792,
    21.445318084105));
#6761 = CARTESIAN_POINT('',(-56.97597274413,30.862734726755,
    21.455824607245));
#6762 = CARTESIAN_POINT('',(-56.9622100164,30.868750684442,
    21.466244551616));
#6763 = CARTESIAN_POINT('',(-56.94835990725,30.874716175829,
    21.47657708579));
#6764 = CARTESIAN_POINT('',(-56.9344230921,30.88063071989,
    21.486821376607));
#6765 = CARTESIAN_POINT('',(-56.90636073952,30.892363923472,
    21.507143881346));
#6766 = CARTESIAN_POINT('',(-56.89223499556,30.898182458039,
    21.517221878842));
#6767 = CARTESIAN_POINT('',(-56.87802371458,30.903948957444,
    21.527209748793));
#6768 = CARTESIAN_POINT('',(-56.86372760127,30.909662941915,
    21.537106660211));
#6769 = CARTESIAN_POINT('',(-56.84934737445,30.91532393277,
    21.546911783992));
#6770 = CARTESIAN_POINT('',(-56.83488376704,30.920931452411,
    21.556624292916));
#6771 = CARTESIAN_POINT('',(-56.82033752609,30.926485024333,
    21.566243361647));
#6772 = CARTESIAN_POINT('',(-56.79106053159,30.937491129148,
    21.585306494381));
#6773 = CARTESIAN_POINT('',(-56.77632955372,30.942943518869,
    21.594750310401));
#6774 = CARTESIAN_POINT('',(-56.76151722819,30.948340852521,
    21.604098766511));
#6775 = CARTESIAN_POINT('',(-56.74662430277,30.953682628246,
    21.613350993468));
#6776 = CARTESIAN_POINT('',(-56.73165152387,30.958968332082,
    21.622506101066));
#6777 = CARTESIAN_POINT('',(-56.71659963656,30.964197437965,
    21.631563178134));
#6778 = CARTESIAN_POINT('',(-56.7014693846,30.969369407727,
    21.640521292537));
#6779 = CARTESIAN_POINT('',(-56.68626151043,30.974483691095,
    21.649379491175));
#6780 = VECTOR('',#6781,1.);
#6781 = DIRECTION('',(-9.697E-14,-0.866025403784,0.5));
#6782 = ADVANCED_FACE('',(#6783),#6795,.T.);
#6783 = FACE_BOUND('',#6784,.T.);
#6784 = EDGE_LOOP('',(#6785,#6786,#6787,#6793,#6794));
#6785 = ORIENTED_EDGE('',*,*,#6532,.F.);
#6786 = ORIENTED_EDGE('',*,*,#6448,.F.);
#6787 = ORIENTED_EDGE('',*,*,#6788,.F.);
#6788 = EDGE_CURVE('',#5880,#6127,#6789,.T.);
#6789 = LINE('',#6790,#6791);
#6790 = CARTESIAN_POINT('',(-57.97650449538,7.530605652982,
    -14.95660839727));
#6791 = VECTOR('',#6792,1.);
#6792 = DIRECTION('',(1.1E-16,0.5,0.866025403784));
#6793 = ORIENTED_EDGE('',*,*,#5894,.T.);
#6794 = ORIENTED_EDGE('',*,*,#4274,.T.);
#6795 = PLANE('',#6796);
#6796 = AXIS2_PLACEMENT_3D('',#6797,#6798,#6799);
#6797 = CARTESIAN_POINT('',(-57.97650449538,29.463831821194,
    19.233420698283));
#6798 = DIRECTION('',(1.,-2.945E-14,3.448E-14));
#6799 = DIRECTION('',(-3.448E-14,0.,1.));
#6800 = ADVANCED_FACE('',(#6801,#6804),#6815,.F.);
#6801 = FACE_BOUND('',#6802,.F.);
#6802 = EDGE_LOOP('',(#6803));
#6803 = ORIENTED_EDGE('',*,*,#4344,.F.);
#6804 = FACE_BOUND('',#6805,.F.);
#6805 = EDGE_LOOP('',(#6806));
#6806 = ORIENTED_EDGE('',*,*,#6807,.T.);
#6807 = EDGE_CURVE('',#6808,#6808,#6810,.T.);
#6808 = VERTEX_POINT('',#6809);
#6809 = CARTESIAN_POINT('',(48.2,18.92198544763,18.173840175364));
#6810 = CIRCLE('',#6811,2.);
#6811 = AXIS2_PLACEMENT_3D('',#6812,#6813,#6814);
#6812 = CARTESIAN_POINT('',(46.2,18.92198544763,18.173840175364));
#6813 = DIRECTION('',(0.,-0.866025403784,0.5));
#6814 = DIRECTION('',(1.,0.,0.));
#6815 = PLANE('',#6816);
#6816 = AXIS2_PLACEMENT_3D('',#6817,#6818,#6819);
#6817 = CARTESIAN_POINT('',(2.05E-15,18.92198544763,18.173840175364));
#6818 = DIRECTION('',(0.,0.866025403784,-0.5));
#6819 = DIRECTION('',(0.,0.5,0.866025403784));
#6820 = ADVANCED_FACE('',(#6821),#6827,.T.);
#6821 = FACE_BOUND('',#6822,.T.);
#6822 = EDGE_LOOP('',(#6823,#6824,#6825,#6826));
#6823 = ORIENTED_EDGE('',*,*,#5320,.T.);
#6824 = ORIENTED_EDGE('',*,*,#4525,.T.);
#6825 = ORIENTED_EDGE('',*,*,#4468,.T.);
#6826 = ORIENTED_EDGE('',*,*,#4501,.T.);
#6827 = CYLINDRICAL_SURFACE('',#6828,1.);
#6828 = AXIS2_PLACEMENT_3D('',#6829,#6830,#6831);
#6829 = CARTESIAN_POINT('',(58.416846601457,42.096465343809,
    -3.086783205461));
#6830 = DIRECTION('',(-0.,-0.5,-0.866025403784));
#6831 = DIRECTION('',(0.694658370459,0.622966541047,-0.35966990017));
#6832 = ADVANCED_FACE('',(#6833,#6843),#6913,.T.);
#6833 = FACE_BOUND('',#6834,.T.);
#6834 = EDGE_LOOP('',(#6835,#6836,#6837,#6838,#6839,#6840,#6841,#6842));
#6835 = ORIENTED_EDGE('',*,*,#4573,.T.);
#6836 = ORIENTED_EDGE('',*,*,#4754,.T.);
#6837 = ORIENTED_EDGE('',*,*,#4727,.T.);
#6838 = ORIENTED_EDGE('',*,*,#4702,.F.);
#6839 = ORIENTED_EDGE('',*,*,#4678,.T.);
#6840 = ORIENTED_EDGE('',*,*,#4653,.F.);
#6841 = ORIENTED_EDGE('',*,*,#4629,.T.);
#6842 = ORIENTED_EDGE('',*,*,#4604,.F.);
#6843 = FACE_BOUND('',#6844,.T.);
#6844 = EDGE_LOOP('',(#6845,#6855,#6864,#6872,#6881,#6889,#6898,#6906));
#6845 = ORIENTED_EDGE('',*,*,#6846,.F.);
#6846 = EDGE_CURVE('',#6847,#6849,#6851,.T.);
#6847 = VERTEX_POINT('',#6848);
#6848 = CARTESIAN_POINT('',(59.4,-9.503014552381,-31.05970402977));
#6849 = VERTEX_POINT('',#6850);
#6850 = CARTESIAN_POINT('',(59.4,22.146985447631,23.759704029773));
#6851 = LINE('',#6852,#6853);
#6852 = CARTESIAN_POINT('',(59.4,14.259485447626,10.098153285078));
#6853 = VECTOR('',#6854,1.);
#6854 = DIRECTION('',(-1.4E-16,0.5,0.866025403784));
#6855 = ORIENTED_EDGE('',*,*,#6856,.F.);
#6856 = EDGE_CURVE('',#6857,#6847,#6859,.T.);
#6857 = VERTEX_POINT('',#6858);
#6858 = CARTESIAN_POINT('',(55.4,-11.50301455238,-34.52380564491));
#6859 = CIRCLE('',#6860,4.);
#6860 = AXIS2_PLACEMENT_3D('',#6861,#6862,#6863);
#6861 = CARTESIAN_POINT('',(55.4,-9.503014552381,-31.05970402977));
#6862 = DIRECTION('',(0.,-0.866025403784,0.5));
#6863 = DIRECTION('',(1.,0.,0.));
#6864 = ORIENTED_EDGE('',*,*,#6865,.F.);
#6865 = EDGE_CURVE('',#6866,#6857,#6868,.T.);
#6866 = VERTEX_POINT('',#6867);
#6867 = CARTESIAN_POINT('',(-55.4,-11.50301455238,-34.52380564491));
#6868 = LINE('',#6869,#6870);
#6869 = CARTESIAN_POINT('',(27.75,-11.50301455237,-34.52380564491));
#6870 = VECTOR('',#6871,1.);
#6871 = DIRECTION('',(1.,2.E-17,3.E-17));
#6872 = ORIENTED_EDGE('',*,*,#6873,.F.);
#6873 = EDGE_CURVE('',#6874,#6866,#6876,.T.);
#6874 = VERTEX_POINT('',#6875);
#6875 = CARTESIAN_POINT('',(-59.4,-9.503014552381,-31.05970402977));
#6876 = CIRCLE('',#6877,4.);
#6877 = AXIS2_PLACEMENT_3D('',#6878,#6879,#6880);
#6878 = CARTESIAN_POINT('',(-55.4,-9.503014552381,-31.05970402977));
#6879 = DIRECTION('',(0.,-0.866025403784,0.5));
#6880 = DIRECTION('',(1.,0.,0.));
#6881 = ORIENTED_EDGE('',*,*,#6882,.F.);
#6882 = EDGE_CURVE('',#6883,#6874,#6885,.T.);
#6883 = VERTEX_POINT('',#6884);
#6884 = CARTESIAN_POINT('',(-59.4,22.146985447631,23.759704029773));
#6885 = LINE('',#6886,#6887);
#6886 = CARTESIAN_POINT('',(-59.4,-1.615514552374,-17.39815328507));
#6887 = VECTOR('',#6888,1.);
#6888 = DIRECTION('',(0.,-0.5,-0.866025403784));
#6889 = ORIENTED_EDGE('',*,*,#6890,.F.);
#6890 = EDGE_CURVE('',#6891,#6883,#6893,.T.);
#6891 = VERTEX_POINT('',#6892);
#6892 = CARTESIAN_POINT('',(-55.4,24.146985447632,27.22380564491));
#6893 = CIRCLE('',#6894,4.);
#6894 = AXIS2_PLACEMENT_3D('',#6895,#6896,#6897);
#6895 = CARTESIAN_POINT('',(-55.4,22.146985447631,23.759704029773));
#6896 = DIRECTION('',(0.,-0.866025403784,0.5));
#6897 = DIRECTION('',(1.,0.,0.));
#6898 = ORIENTED_EDGE('',*,*,#6899,.F.);
#6899 = EDGE_CURVE('',#6900,#6891,#6902,.T.);
#6900 = VERTEX_POINT('',#6901);
#6901 = CARTESIAN_POINT('',(55.4,24.146985447632,27.22380564491));
#6902 = LINE('',#6903,#6904);
#6903 = CARTESIAN_POINT('',(-27.75,24.146985447626,27.223805644915));
#6904 = VECTOR('',#6905,1.);
#6905 = DIRECTION('',(-1.,-4.E-17,-7.E-17));
#6906 = ORIENTED_EDGE('',*,*,#6907,.F.);
#6907 = EDGE_CURVE('',#6849,#6900,#6908,.T.);
#6908 = CIRCLE('',#6909,4.);
#6909 = AXIS2_PLACEMENT_3D('',#6910,#6911,#6912);
#6910 = CARTESIAN_POINT('',(55.4,22.146985447631,23.759704029773));
#6911 = DIRECTION('',(0.,-0.866025403784,0.5));
#6912 = DIRECTION('',(1.,0.,0.));
#6913 = PLANE('',#6914);
#6914 = AXIS2_PLACEMENT_3D('',#6915,#6916,#6917);
#6915 = CARTESIAN_POINT('',(-2.33E-15,6.321985447625,-3.650000000001));
#6916 = DIRECTION('',(0.,-0.866025403784,0.5));
#6917 = DIRECTION('',(0.,-0.5,-0.866025403784));
#6918 = ADVANCED_FACE('',(#6919),#6930,.F.);
#6919 = FACE_BOUND('',#6920,.F.);
#6920 = EDGE_LOOP('',(#6921,#6927,#6928,#6929));
#6921 = ORIENTED_EDGE('',*,*,#6922,.T.);
#6922 = EDGE_CURVE('',#5081,#5597,#6923,.T.);
#6923 = LINE('',#6924,#6925);
#6924 = CARTESIAN_POINT('',(55.1,-0.518593539449,-32.8982303588));
#6925 = VECTOR('',#6926,1.);
#6926 = DIRECTION('',(0.,-0.866025403784,0.5));
#6927 = ORIENTED_EDGE('',*,*,#5596,.T.);
#6928 = ORIENTED_EDGE('',*,*,#6922,.F.);
#6929 = ORIENTED_EDGE('',*,*,#5080,.T.);
#6930 = CYLINDRICAL_SURFACE('',#6931,1.6);
#6931 = AXIS2_PLACEMENT_3D('',#6932,#6933,#6934);
#6932 = CARTESIAN_POINT('',(53.5,-0.518593539449,-32.8982303588));
#6933 = DIRECTION('',(0.,-0.866025403784,0.5));
#6934 = DIRECTION('',(-1.,0.,0.));
#6935 = ADVANCED_FACE('',(#6936),#6947,.F.);
#6936 = FACE_BOUND('',#6937,.F.);
#6937 = EDGE_LOOP('',(#6938,#6944,#6945,#6946));
#6938 = ORIENTED_EDGE('',*,*,#6939,.T.);
#6939 = EDGE_CURVE('',#5277,#5586,#6940,.T.);
#6940 = LINE('',#6941,#6942);
#6941 = CARTESIAN_POINT('',(-51.9,-0.518593539449,-32.8982303588));
#6942 = VECTOR('',#6943,1.);
#6943 = DIRECTION('',(0.,-0.866025403784,0.5));
#6944 = ORIENTED_EDGE('',*,*,#5585,.T.);
#6945 = ORIENTED_EDGE('',*,*,#6939,.F.);
#6946 = ORIENTED_EDGE('',*,*,#5276,.T.);
#6947 = CYLINDRICAL_SURFACE('',#6948,1.6);
#6948 = AXIS2_PLACEMENT_3D('',#6949,#6950,#6951);
#6949 = CARTESIAN_POINT('',(-53.5,-0.518593539449,-32.8982303588));
#6950 = DIRECTION('',(0.,-0.866025403784,0.5));
#6951 = DIRECTION('',(-1.,0.,0.));
#6952 = ADVANCED_FACE('',(#6953),#6964,.F.);
#6953 = FACE_BOUND('',#6954,.F.);
#6954 = EDGE_LOOP('',(#6955,#6961,#6962,#6963));
#6955 = ORIENTED_EDGE('',*,*,#6956,.T.);
#6956 = EDGE_CURVE('',#5389,#5722,#6957,.T.);
#6957 = LINE('',#6958,#6959);
#6958 = CARTESIAN_POINT('',(55.1,28.231406460551,16.898230358803));
#6959 = VECTOR('',#6960,1.);
#6960 = DIRECTION('',(0.,-0.866025403784,0.5));
#6961 = ORIENTED_EDGE('',*,*,#5721,.T.);
#6962 = ORIENTED_EDGE('',*,*,#6956,.F.);
#6963 = ORIENTED_EDGE('',*,*,#5388,.T.);
#6964 = CYLINDRICAL_SURFACE('',#6965,1.6);
#6965 = AXIS2_PLACEMENT_3D('',#6966,#6967,#6968);
#6966 = CARTESIAN_POINT('',(53.5,28.231406460551,16.898230358803));
#6967 = DIRECTION('',(0.,-0.866025403784,0.5));
#6968 = DIRECTION('',(-1.,0.,0.));
#6969 = ADVANCED_FACE('',(#6970),#6981,.F.);
#6970 = FACE_BOUND('',#6971,.F.);
#6971 = EDGE_LOOP('',(#6972,#6978,#6979,#6980));
#6972 = ORIENTED_EDGE('',*,*,#6973,.T.);
#6973 = EDGE_CURVE('',#5409,#5608,#6974,.T.);
#6974 = LINE('',#6975,#6976);
#6975 = CARTESIAN_POINT('',(-51.9,28.231406460551,16.898230358803));
#6976 = VECTOR('',#6977,1.);
#6977 = DIRECTION('',(0.,-0.866025403784,0.5));
#6978 = ORIENTED_EDGE('',*,*,#5607,.T.);
#6979 = ORIENTED_EDGE('',*,*,#6973,.F.);
#6980 = ORIENTED_EDGE('',*,*,#5408,.T.);
#6981 = CYLINDRICAL_SURFACE('',#6982,1.6);
#6982 = AXIS2_PLACEMENT_3D('',#6983,#6984,#6985);
#6983 = CARTESIAN_POINT('',(-53.5,28.231406460551,16.898230358803));
#6984 = DIRECTION('',(0.,-0.866025403784,0.5));
#6985 = DIRECTION('',(-1.,0.,0.));
#6986 = ADVANCED_FACE('',(#6987),#7006,.F.);
#6987 = FACE_BOUND('',#6988,.F.);
#6988 = EDGE_LOOP('',(#6989,#6997,#6998,#6999));
#6989 = ORIENTED_EDGE('',*,*,#6990,.F.);
#6990 = EDGE_CURVE('',#5464,#6991,#6993,.T.);
#6991 = VERTEX_POINT('',#6992);
#6992 = CARTESIAN_POINT('',(-44.2,-2.554105316107,-27.62384017536));
#6993 = LINE('',#6994,#6995);
#6994 = CARTESIAN_POINT('',(-44.2,-6.278014552379,-25.47384017536));
#6995 = VECTOR('',#6996,1.);
#6996 = DIRECTION('',(0.,0.866025403784,-0.5));
#6997 = ORIENTED_EDGE('',*,*,#5463,.F.);
#6998 = ORIENTED_EDGE('',*,*,#6990,.T.);
#6999 = ORIENTED_EDGE('',*,*,#7000,.T.);
#7000 = EDGE_CURVE('',#6991,#6991,#7001,.T.);
#7001 = CIRCLE('',#7002,2.);
#7002 = AXIS2_PLACEMENT_3D('',#7003,#7004,#7005);
#7003 = CARTESIAN_POINT('',(-46.2,-2.554105316107,-27.62384017536));
#7004 = DIRECTION('',(0.,-0.866025403784,0.5));
#7005 = DIRECTION('',(1.,0.,0.));
#7006 = CYLINDRICAL_SURFACE('',#7007,2.);
#7007 = AXIS2_PLACEMENT_3D('',#7008,#7009,#7010);
#7008 = CARTESIAN_POINT('',(-46.2,-6.278014552379,-25.47384017536));
#7009 = DIRECTION('',(0.,-0.866025403784,0.5));
#7010 = DIRECTION('',(1.,0.,0.));
#7011 = ADVANCED_FACE('',(#7012),#7018,.F.);
#7012 = FACE_BOUND('',#7013,.T.);
#7013 = EDGE_LOOP('',(#7014,#7015,#7016,#7017));
#7014 = ORIENTED_EDGE('',*,*,#5500,.F.);
#7015 = ORIENTED_EDGE('',*,*,#5771,.F.);
#7016 = ORIENTED_EDGE('',*,*,#5936,.F.);
#7017 = ORIENTED_EDGE('',*,*,#5620,.F.);
#7018 = PLANE('',#7019);
#7019 = AXIS2_PLACEMENT_3D('',#7020,#7021,#7022);
#7020 = CARTESIAN_POINT('',(-58.74551482287,-18.43175478651,
    -31.7936661978));
#7021 = DIRECTION('',(-0.999390827019,3.022385072366E-02,
    -1.744974835125E-02));
#7022 = DIRECTION('',(9.528836053541E-15,0.5,0.866025403784));
#7023 = ADVANCED_FACE('',(#7024),#7040,.F.);
#7024 = FACE_BOUND('',#7025,.F.);
#7025 = EDGE_LOOP('',(#7026,#7027,#7033,#7034));
#7026 = ORIENTED_EDGE('',*,*,#6846,.F.);
#7027 = ORIENTED_EDGE('',*,*,#7028,.T.);
#7028 = EDGE_CURVE('',#6847,#5518,#7029,.T.);
#7029 = LINE('',#7030,#7031);
#7030 = CARTESIAN_POINT('',(59.4,-9.503014552381,-31.05970402977));
#7031 = VECTOR('',#7032,1.);
#7032 = DIRECTION('',(0.,0.866025403784,-0.5));
#7033 = ORIENTED_EDGE('',*,*,#5515,.F.);
#7034 = ORIENTED_EDGE('',*,*,#7035,.F.);
#7035 = EDGE_CURVE('',#6849,#5516,#7036,.T.);
#7036 = LINE('',#7037,#7038);
#7037 = CARTESIAN_POINT('',(59.4,22.146985447631,23.759704029773));
#7038 = VECTOR('',#7039,1.);
#7039 = DIRECTION('',(0.,0.866025403784,-0.5));
#7040 = PLANE('',#7041);
#7041 = AXIS2_PLACEMENT_3D('',#7042,#7043,#7044);
#7042 = CARTESIAN_POINT('',(59.4,21.937177826491,23.996306570156));
#7043 = DIRECTION('',(1.,7.E-17,1.2E-16));
#7044 = DIRECTION('',(1.389230484541E-16,-0.5,-0.866025403784));
#7045 = ADVANCED_FACE('',(#7046),#7057,.F.);
#7046 = FACE_BOUND('',#7047,.F.);
#7047 = EDGE_LOOP('',(#7048,#7049,#7050,#7051));
#7048 = ORIENTED_EDGE('',*,*,#6907,.F.);
#7049 = ORIENTED_EDGE('',*,*,#7035,.T.);
#7050 = ORIENTED_EDGE('',*,*,#5525,.T.);
#7051 = ORIENTED_EDGE('',*,*,#7052,.F.);
#7052 = EDGE_CURVE('',#6900,#5526,#7053,.T.);
#7053 = LINE('',#7054,#7055);
#7054 = CARTESIAN_POINT('',(55.4,24.146985447632,27.22380564491));
#7055 = VECTOR('',#7056,1.);
#7056 = DIRECTION('',(0.,0.866025403784,-0.5));
#7057 = CYLINDRICAL_SURFACE('',#7058,4.);
#7058 = AXIS2_PLACEMENT_3D('',#7059,#7060,#7061);
#7059 = CARTESIAN_POINT('',(55.4,22.146985447631,23.759704029773));
#7060 = DIRECTION('',(0.,-0.866025403784,0.5));
#7061 = DIRECTION('',(1.,0.,0.));
#7062 = ADVANCED_FACE('',(#7063),#7074,.F.);
#7063 = FACE_BOUND('',#7064,.F.);
#7064 = EDGE_LOOP('',(#7065,#7066,#7067,#7068));
#7065 = ORIENTED_EDGE('',*,*,#6899,.F.);
#7066 = ORIENTED_EDGE('',*,*,#7052,.T.);
#7067 = ORIENTED_EDGE('',*,*,#5534,.F.);
#7068 = ORIENTED_EDGE('',*,*,#7069,.F.);
#7069 = EDGE_CURVE('',#6891,#5535,#7070,.T.);
#7070 = LINE('',#7071,#7072);
#7071 = CARTESIAN_POINT('',(-55.4,24.146985447632,27.22380564491));
#7072 = VECTOR('',#7073,1.);
#7073 = DIRECTION('',(0.,0.866025403784,-0.5));
#7074 = PLANE('',#7075);
#7075 = AXIS2_PLACEMENT_3D('',#7076,#7077,#7078);
#7076 = CARTESIAN_POINT('',(-55.5,23.887177826491,27.373805644915));
#7077 = DIRECTION('',(-8.E-17,0.5,0.866025403784));
#7078 = DIRECTION('',(1.,3.968911086754E-17,6.946152422707E-17));
#7079 = ADVANCED_FACE('',(#7080),#7091,.F.);
#7080 = FACE_BOUND('',#7081,.F.);
#7081 = EDGE_LOOP('',(#7082,#7083,#7084,#7085));
#7082 = ORIENTED_EDGE('',*,*,#6890,.F.);
#7083 = ORIENTED_EDGE('',*,*,#7069,.T.);
#7084 = ORIENTED_EDGE('',*,*,#5542,.T.);
#7085 = ORIENTED_EDGE('',*,*,#7086,.F.);
#7086 = EDGE_CURVE('',#6883,#5543,#7087,.T.);
#7087 = LINE('',#7088,#7089);
#7088 = CARTESIAN_POINT('',(-59.4,22.146985447631,23.759704029773));
#7089 = VECTOR('',#7090,1.);
#7090 = DIRECTION('',(0.,0.866025403784,-0.5));
#7091 = CYLINDRICAL_SURFACE('',#7092,4.);
#7092 = AXIS2_PLACEMENT_3D('',#7093,#7094,#7095);
#7093 = CARTESIAN_POINT('',(-55.4,22.146985447631,23.759704029773));
#7094 = DIRECTION('',(0.,-0.866025403784,0.5));
#7095 = DIRECTION('',(1.,0.,0.));
#7096 = ADVANCED_FACE('',(#7097),#7108,.F.);
#7097 = FACE_BOUND('',#7098,.F.);
#7098 = EDGE_LOOP('',(#7099,#7100,#7101,#7102));
#7099 = ORIENTED_EDGE('',*,*,#6882,.F.);
#7100 = ORIENTED_EDGE('',*,*,#7086,.T.);
#7101 = ORIENTED_EDGE('',*,*,#5551,.F.);
#7102 = ORIENTED_EDGE('',*,*,#7103,.F.);
#7103 = EDGE_CURVE('',#6874,#5552,#7104,.T.);
#7104 = LINE('',#7105,#7106);
#7105 = CARTESIAN_POINT('',(-59.4,-9.503014552381,-31.05970402977));
#7106 = VECTOR('',#7107,1.);
#7107 = DIRECTION('',(0.,0.866025403784,-0.5));
#7108 = PLANE('',#7109);
#7109 = AXIS2_PLACEMENT_3D('',#7110,#7111,#7112);
#7110 = CARTESIAN_POINT('',(-59.4,-9.812822173509,-30.99630657015));
#7111 = DIRECTION('',(-1.,0.,0.));
#7112 = DIRECTION('',(0.,0.5,0.866025403784));
#7113 = ADVANCED_FACE('',(#7114),#7125,.F.);
#7114 = FACE_BOUND('',#7115,.F.);
#7115 = EDGE_LOOP('',(#7116,#7117,#7118,#7119));
#7116 = ORIENTED_EDGE('',*,*,#6873,.F.);
#7117 = ORIENTED_EDGE('',*,*,#7103,.T.);
#7118 = ORIENTED_EDGE('',*,*,#5559,.T.);
#7119 = ORIENTED_EDGE('',*,*,#7120,.F.);
#7120 = EDGE_CURVE('',#6866,#5560,#7121,.T.);
#7121 = LINE('',#7122,#7123);
#7122 = CARTESIAN_POINT('',(-55.4,-11.50301455238,-34.52380564491));
#7123 = VECTOR('',#7124,1.);
#7124 = DIRECTION('',(0.,0.866025403784,-0.5));
#7125 = CYLINDRICAL_SURFACE('',#7126,4.);
#7126 = AXIS2_PLACEMENT_3D('',#7127,#7128,#7129);
#7127 = CARTESIAN_POINT('',(-55.4,-9.503014552381,-31.05970402977));
#7128 = DIRECTION('',(0.,-0.866025403784,0.5));
#7129 = DIRECTION('',(1.,0.,0.));
#7130 = ADVANCED_FACE('',(#7131),#7142,.F.);
#7131 = FACE_BOUND('',#7132,.F.);
#7132 = EDGE_LOOP('',(#7133,#7134,#7135,#7136));
#7133 = ORIENTED_EDGE('',*,*,#6865,.F.);
#7134 = ORIENTED_EDGE('',*,*,#7120,.T.);
#7135 = ORIENTED_EDGE('',*,*,#5568,.F.);
#7136 = ORIENTED_EDGE('',*,*,#7137,.F.);
#7137 = EDGE_CURVE('',#6857,#5569,#7138,.T.);
#7138 = LINE('',#7139,#7140);
#7139 = CARTESIAN_POINT('',(55.4,-11.50301455238,-34.52380564491));
#7140 = VECTOR('',#7141,1.);
#7141 = DIRECTION('',(0.,0.866025403784,-0.5));
#7142 = PLANE('',#7143);
#7143 = AXIS2_PLACEMENT_3D('',#7144,#7145,#7146);
#7144 = CARTESIAN_POINT('',(55.5,-11.7628221735,-34.37380564491));
#7145 = DIRECTION('',(4.E-17,-0.5,-0.866025403784));
#7146 = DIRECTION('',(-1.,9.150635094607E-18,-5.147114317031E-17));
#7147 = ADVANCED_FACE('',(#7148),#7154,.F.);
#7148 = FACE_BOUND('',#7149,.F.);
#7149 = EDGE_LOOP('',(#7150,#7151,#7152,#7153));
#7150 = ORIENTED_EDGE('',*,*,#6856,.F.);
#7151 = ORIENTED_EDGE('',*,*,#7137,.T.);
#7152 = ORIENTED_EDGE('',*,*,#5576,.T.);
#7153 = ORIENTED_EDGE('',*,*,#7028,.F.);
#7154 = CYLINDRICAL_SURFACE('',#7155,4.);
#7155 = AXIS2_PLACEMENT_3D('',#7156,#7157,#7158);
#7156 = CARTESIAN_POINT('',(55.4,-9.503014552381,-31.05970402977));
#7157 = DIRECTION('',(0.,-0.866025403784,0.5));
#7158 = DIRECTION('',(1.,0.,0.));
#7159 = ADVANCED_FACE('',(#7160),#7187,.F.);
#7160 = FACE_BOUND('',#7161,.T.);
#7161 = EDGE_LOOP('',(#7162,#7163,#7171,#7180,#7186));
#7162 = ORIENTED_EDGE('',*,*,#5920,.F.);
#7163 = ORIENTED_EDGE('',*,*,#7164,.F.);
#7164 = EDGE_CURVE('',#7165,#5912,#7167,.T.);
#7165 = VERTEX_POINT('',#7166);
#7166 = CARTESIAN_POINT('',(-58.26004700151,27.857712617627,
    20.578084214747));
#7167 = LINE('',#7168,#7169);
#7168 = CARTESIAN_POINT('',(-58.26004700151,-1.798537382373,
    -30.78804754721));
#7169 = VECTOR('',#7170,1.);
#7170 = DIRECTION('',(0.,-0.5,-0.866025403784));
#7171 = ORIENTED_EDGE('',*,*,#7172,.F.);
#7172 = EDGE_CURVE('',#7173,#7165,#7175,.T.);
#7173 = VERTEX_POINT('',#7174);
#7174 = CARTESIAN_POINT('',(-58.2600467812,27.858076718581,
    20.578702238407));
#7175 = B_SPLINE_CURVE_WITH_KNOTS('',3,(#7176,#7177,#7178,#7179),
  .UNSPECIFIED.,.F.,.F.,(4,4),(-8.779921879658E-02,-8.77362692113E-02),
  .PIECEWISE_BEZIER_KNOTS.);
#7176 = CARTESIAN_POINT('',(-58.2600467812,27.858076718581,
    20.578702238407));
#7177 = CARTESIAN_POINT('',(-58.26004678022,27.857957213841,
    20.578495193931));
#7178 = CARTESIAN_POINT('',(-58.26004677956,27.857837664888,
    20.578288091613));
#7179 = CARTESIAN_POINT('',(-58.26004677924,27.857718130037,
    20.578081032444));
#7180 = ORIENTED_EDGE('',*,*,#7181,.T.);
#7181 = EDGE_CURVE('',#7173,#5646,#7182,.T.);
#7182 = LINE('',#7183,#7184);
#7183 = CARTESIAN_POINT('',(-58.70686897386,16.766448920801,
    26.958066316877));
#7184 = VECTOR('',#7185,1.);
#7185 = DIRECTION('',(-3.489944920727E-02,-0.866321564403,0.498265968631
    ));
#7186 = ORIENTED_EDGE('',*,*,#5645,.F.);
#7187 = PLANE('',#7188);
#7188 = AXIS2_PLACEMENT_3D('',#7189,#7190,#7191);
#7189 = CARTESIAN_POINT('',(-58.74551482287,-18.43175478651,
    -31.7936661978));
#7190 = DIRECTION('',(-0.999390827019,3.022385072366E-02,
    -1.744974835125E-02));
#7191 = DIRECTION('',(9.528836053541E-15,0.5,0.866025403784));
#7192 = ADVANCED_FACE('',(#7193),#7281,.F.);
#7193 = FACE_BOUND('',#7194,.F.);
#7194 = EDGE_LOOP('',(#7195,#7196,#7197,#7279,#7280));
#7195 = ORIENTED_EDGE('',*,*,#6006,.T.);
#7196 = ORIENTED_EDGE('',*,*,#6098,.F.);
#7197 = ORIENTED_EDGE('',*,*,#7198,.T.);
#7198 = EDGE_CURVE('',#6099,#7173,#7199,.T.);
#7199 = B_SPLINE_CURVE_WITH_KNOTS('',3,(#7200,#7201,#7202,#7203,#7204,
    #7205,#7206,#7207,#7208,#7209,#7210,#7211,#7212,#7213,#7214,#7215,
    #7216,#7217,#7218,#7219,#7220,#7221,#7222,#7223,#7224,#7225,#7226,
    #7227,#7228,#7229,#7230,#7231,#7232,#7233,#7234,#7235,#7236,#7237,
    #7238,#7239,#7240,#7241,#7242,#7243,#7244,#7245,#7246,#7247,#7248,
    #7249,#7250,#7251,#7252,#7253,#7254,#7255,#7256,#7257,#7258,#7259,
    #7260,#7261,#7262,#7263,#7264,#7265,#7266,#7267,#7268,#7269,#7270,
    #7271,#7272,#7273,#7274,#7275,#7276,#7277,#7278),.UNSPECIFIED.,.F.,
  .F.,(4,3,3,3,3,3,3,3,3,3,3,3,3,3,3,3,3,3,3,3,3,3,3,3,3,3,4),(
    -0.446455857062,-0.443527510964,-0.419372926437,-0.414982017654,
    -0.385001124462,-0.351758547663,-0.346014316989,-0.314578841317,
    -0.286170192815,-0.278513469602,-0.256589318564,-0.246150450348,
    -0.239171062535,-0.22151669749,-0.206287812474,-0.193045796004,
    -0.189039051955,-0.176604270077,-0.169216534068,-0.158550363893,
    -0.152480614427,-0.152480417952,-0.144935546123,-0.143133187431,
    -0.14313299804,-0.136677543646,-0.134201418388),.UNSPECIFIED.);
#7200 = CARTESIAN_POINT('',(-56.68626151043,29.242432614156,
    22.649379646697));
#7201 = CARTESIAN_POINT('',(-56.69494374551,29.239474160366,
    22.646352252266));
#7202 = CARTESIAN_POINT('',(-56.70360513582,29.236497819049,
    22.643282062887));
#7203 = CARTESIAN_POINT('',(-56.71224535708,29.233503634051,
    22.640169242017));
#7204 = CARTESIAN_POINT('',(-56.78351458132,29.208805974613,
    22.614493009661));
#7205 = CARTESIAN_POINT('',(-56.85334734351,29.182892801904,
    22.58592039683));
#7206 = CARTESIAN_POINT('',(-56.92153899003,29.155796659708,
    22.554520821568));
#7207 = CARTESIAN_POINT('',(-56.93393511712,29.150871023805,
    22.548812891851));
#7208 = CARTESIAN_POINT('',(-56.94627696231,29.145906329254,
    22.54301144731));
#7209 = CARTESIAN_POINT('',(-56.95856334462,29.140902714089,
    22.537117006032));
#7210 = CARTESIAN_POINT('',(-57.0424541139,29.106738294096,
    22.496870072401));
#7211 = CARTESIAN_POINT('',(-57.12345701014,29.070881624471,
    22.45243620517));
#7212 = CARTESIAN_POINT('',(-57.20122546694,29.033431692602,
    22.404057340165));
#7213 = CARTESIAN_POINT('',(-57.2874545156,28.991907504903,
    22.350415238007));
#7214 = CARTESIAN_POINT('',(-57.36970207908,28.948429476863,
    22.291899854094));
#7215 = CARTESIAN_POINT('',(-57.44750235783,28.903126896405,
    22.228871129588));
#7216 = CARTESIAN_POINT('',(-57.46094604333,28.895298728514,
    22.217979930182));
#7217 = CARTESIAN_POINT('',(-57.47424779681,28.887421423369,
    22.206961225358));
#7218 = CARTESIAN_POINT('',(-57.4874057878,28.879495866573,
    22.19581719348));
#7219 = CARTESIAN_POINT('',(-57.55941329052,28.836123017894,
    22.134831142808));
#7220 = CARTESIAN_POINT('',(-57.62711296193,28.791306290821,
    22.070094799497));
#7221 = CARTESIAN_POINT('',(-57.69021416924,28.745186992677,
    22.001940073183));
#7222 = CARTESIAN_POINT('',(-57.74723955156,28.703508382696,
    21.94034775997));
#7223 = CARTESIAN_POINT('',(-57.80044534333,28.660800328449,
    21.875983169321));
#7224 = CARTESIAN_POINT('',(-57.84967159927,28.617121990961,
    21.809103086747));
#7225 = CARTESIAN_POINT('',(-57.86293910183,28.605349768127,
    21.791077509756));
#7226 = CARTESIAN_POINT('',(-57.87591736257,28.593507127493,
    21.772869406618));
#7227 = CARTESIAN_POINT('',(-57.88860283604,28.581595423489,
    21.754484392298));
#7228 = CARTESIAN_POINT('',(-57.92492623817,28.547487621704,
    21.701841006931));
#7229 = CARTESIAN_POINT('',(-57.95873285414,28.512921394801,
    21.647909911433));
#7230 = CARTESIAN_POINT('',(-57.98995060237,28.477958696075,
    21.592863540555));
#7231 = CARTESIAN_POINT('',(-58.00481448282,28.461311711485,
    21.566654005219));
#7232 = CARTESIAN_POINT('',(-58.01909107235,28.444575078006,
    21.540191910071));
#7233 = CARTESIAN_POINT('',(-58.03276848333,28.427757451425,
    21.513496172146));
#7234 = CARTESIAN_POINT('',(-58.04191314858,28.416513249891,
    21.495647502722));
#7235 = CARTESIAN_POINT('',(-58.05078998826,28.405232690349,
    21.477694019088));
#7236 = CARTESIAN_POINT('',(-58.05939515465,28.393918234828,
    21.459640750225));
#7237 = CARTESIAN_POINT('',(-58.08116192743,28.365298313797,
    21.413974997397));
#7238 = CARTESIAN_POINT('',(-58.10124718368,28.336417859395,
    21.367665907085));
#7239 = CARTESIAN_POINT('',(-58.11960193371,28.307330861981,
    21.320840216008));
#7240 = CARTESIAN_POINT('',(-58.13543497992,28.282240039517,
    21.280447765564));
#7241 = CARTESIAN_POINT('',(-58.14998021424,28.256996332852,
    21.239671966996));
#7242 = CARTESIAN_POINT('',(-58.16320108931,28.231629494433,
    21.198556002944));
#7243 = CARTESIAN_POINT('',(-58.17469707509,28.209572193995,
    21.162804319707));
#7244 = CARTESIAN_POINT('',(-58.18519126333,28.187422379521,
    21.126795748012));
#7245 = CARTESIAN_POINT('',(-58.19466007294,28.165186698976,
    21.090519625153));
#7246 = CARTESIAN_POINT('',(-58.19752512727,28.158458669231,
    21.079543265192));
#7247 = CARTESIAN_POINT('',(-58.20029633545,28.151722646209,
    21.06854209294));
#7248 = CARTESIAN_POINT('',(-58.20297317118,28.144978405217,
    21.057514913515));
#7249 = CARTESIAN_POINT('',(-58.21128063178,28.124047902887,
    21.023292470255));
#7250 = CARTESIAN_POINT('',(-58.21868368818,28.103046903061,
    20.988847835367));
#7251 = CARTESIAN_POINT('',(-58.22517385929,28.082010655429,
    20.954224444367));
#7252 = CARTESIAN_POINT('',(-58.22902979109,28.069512628068,
    20.933654041526));
#7253 = CARTESIAN_POINT('',(-58.23256381145,28.057001902759,
    20.913019770761));
#7254 = CARTESIAN_POINT('',(-58.23577781319,28.044482638392,
    20.892323313011));
#7255 = CARTESIAN_POINT('',(-58.24041808314,28.026407736414,
    20.86244244828));
#7256 = CARTESIAN_POINT('',(-58.24446834018,28.008005856795,
    20.831920770674));
#7257 = CARTESIAN_POINT('',(-58.2478689187,27.98933779582,
    20.800825629675));
#7258 = CARTESIAN_POINT('',(-58.24980407062,27.978714446362,
    20.783130457708));
#7259 = CARTESIAN_POINT('',(-58.25152923372,27.968004630278,
    20.765248762545));
#7260 = CARTESIAN_POINT('',(-58.25303688341,27.957217265939,
    20.747186606626));
#7261 = CARTESIAN_POINT('',(-58.25303693221,27.957216916758,
    20.747186021963));
#7262 = CARTESIAN_POINT('',(-58.25303698101,27.957216567576,
    20.747185437299));
#7263 = CARTESIAN_POINT('',(-58.25303702981,27.957216218394,
    20.747184852635));
#7264 = CARTESIAN_POINT('',(-58.25491106411,27.943807210418,
    20.724733063048));
#7265 = CARTESIAN_POINT('',(-58.25644106738,27.930270949998,
    20.701984060151));
#7266 = CARTESIAN_POINT('',(-58.25758651264,27.91664470159,
    20.678929863803));
#7267 = CARTESIAN_POINT('',(-58.25786014263,27.913389591654,
    20.673422556044));
#7268 = CARTESIAN_POINT('',(-58.25811181563,27.910129486791,
    20.667898007301));
#7269 = CARTESIAN_POINT('',(-58.25834098731,27.906865177348,
    20.662356517564));
#7270 = CARTESIAN_POINT('',(-58.25834101139,27.906864834336,
    20.662355935267));
#7271 = CARTESIAN_POINT('',(-58.25834103547,27.906864491324,
    20.66235535297));
#7272 = CARTESIAN_POINT('',(-58.25834105955,27.906864148312,
    20.662354770673));
#7273 = CARTESIAN_POINT('',(-58.25916185999,27.895172465343,
    20.642506969354));
#7274 = CARTESIAN_POINT('',(-58.25969331937,27.88342454641,
    20.622437418136));
#7275 = CARTESIAN_POINT('',(-58.25992214936,27.871643144074,
    20.60214683616));
#7276 = CARTESIAN_POINT('',(-58.26000992192,27.867124139505,
    20.594363956834));
#7277 = CARTESIAN_POINT('',(-58.26005318917,27.862600464826,
    20.586549008565));
#7278 = CARTESIAN_POINT('',(-58.26005136878,27.85807439224,
    20.57870391181));
#7279 = ORIENTED_EDGE('',*,*,#7181,.T.);
#7280 = ORIENTED_EDGE('',*,*,#5653,.T.);
#7281 = CONICAL_SURFACE('',#7282,3.227084059641,3.655523167324E-02);
#7282 = AXIS2_PLACEMENT_3D('',#7283,#7284,#7285);
#7283 = CARTESIAN_POINT('',(-55.47978930548,16.771153602055,
    26.95557474694));
#7284 = DIRECTION('',(1.64869334997E-03,-0.866847396435,0.498570830579)
  );
#7285 = DIRECTION('',(6.029522696059E-05,0.498571593451,0.866848523427)
  );
#7286 = ADVANCED_FACE('',(#7287),#7306,.F.);
#7287 = FACE_BOUND('',#7288,.F.);
#7288 = EDGE_LOOP('',(#7289,#7297,#7298,#7299));
#7289 = ORIENTED_EDGE('',*,*,#7290,.F.);
#7290 = EDGE_CURVE('',#5813,#7291,#7293,.T.);
#7291 = VERTEX_POINT('',#7292);
#7292 = CARTESIAN_POINT('',(48.2,-2.554105316107,-27.62384017536));
#7293 = LINE('',#7294,#7295);
#7294 = CARTESIAN_POINT('',(48.2,-6.278014552379,-25.47384017536));
#7295 = VECTOR('',#7296,1.);
#7296 = DIRECTION('',(0.,0.866025403784,-0.5));
#7297 = ORIENTED_EDGE('',*,*,#5812,.F.);
#7298 = ORIENTED_EDGE('',*,*,#7290,.T.);
#7299 = ORIENTED_EDGE('',*,*,#7300,.T.);
#7300 = EDGE_CURVE('',#7291,#7291,#7301,.T.);
#7301 = CIRCLE('',#7302,2.);
#7302 = AXIS2_PLACEMENT_3D('',#7303,#7304,#7305);
#7303 = CARTESIAN_POINT('',(46.2,-2.554105316107,-27.62384017536));
#7304 = DIRECTION('',(0.,-0.866025403784,0.5));
#7305 = DIRECTION('',(1.,0.,0.));
#7306 = CYLINDRICAL_SURFACE('',#7307,2.);
#7307 = AXIS2_PLACEMENT_3D('',#7308,#7309,#7310);
#7308 = CARTESIAN_POINT('',(46.2,-6.278014552379,-25.47384017536));
#7309 = DIRECTION('',(0.,-0.866025403784,0.5));
#7310 = DIRECTION('',(1.,0.,0.));
#7311 = ADVANCED_FACE('',(#7312),#7331,.F.);
#7312 = FACE_BOUND('',#7313,.F.);
#7313 = EDGE_LOOP('',(#7314,#7322,#7323,#7324));
#7314 = ORIENTED_EDGE('',*,*,#7315,.F.);
#7315 = EDGE_CURVE('',#5863,#7316,#7318,.T.);
#7316 = VERTEX_POINT('',#7317);
#7317 = CARTESIAN_POINT('',(-44.2,22.645894683903,16.023840175363));
#7318 = LINE('',#7319,#7320);
#7319 = CARTESIAN_POINT('',(-44.2,18.92198544763,18.173840175364));
#7320 = VECTOR('',#7321,1.);
#7321 = DIRECTION('',(0.,0.866025403784,-0.5));
#7322 = ORIENTED_EDGE('',*,*,#5862,.F.);
#7323 = ORIENTED_EDGE('',*,*,#7315,.T.);
#7324 = ORIENTED_EDGE('',*,*,#7325,.T.);
#7325 = EDGE_CURVE('',#7316,#7316,#7326,.T.);
#7326 = CIRCLE('',#7327,2.);
#7327 = AXIS2_PLACEMENT_3D('',#7328,#7329,#7330);
#7328 = CARTESIAN_POINT('',(-46.2,22.645894683903,16.023840175363));
#7329 = DIRECTION('',(0.,-0.866025403784,0.5));
#7330 = DIRECTION('',(1.,0.,0.));
#7331 = CYLINDRICAL_SURFACE('',#7332,2.);
#7332 = AXIS2_PLACEMENT_3D('',#7333,#7334,#7335);
#7333 = CARTESIAN_POINT('',(-46.2,18.92198544763,18.173840175364));
#7334 = DIRECTION('',(0.,-0.866025403784,0.5));
#7335 = DIRECTION('',(1.,0.,0.));
#7336 = ADVANCED_FACE('',(#7337),#7348,.F.);
#7337 = FACE_BOUND('',#7338,.T.);
#7338 = EDGE_LOOP('',(#7339,#7340,#7341,#7347));
#7339 = ORIENTED_EDGE('',*,*,#5911,.F.);
#7340 = ORIENTED_EDGE('',*,*,#6788,.T.);
#7341 = ORIENTED_EDGE('',*,*,#7342,.F.);
#7342 = EDGE_CURVE('',#7165,#6127,#7343,.T.);
#7343 = LINE('',#7344,#7345);
#7344 = CARTESIAN_POINT('',(-58.5805371945,27.697612446555,
    20.670518091613));
#7345 = VECTOR('',#7346,1.);
#7346 = DIRECTION('',(0.86622118963,0.432718890247,-0.249830367768));
#7347 = ORIENTED_EDGE('',*,*,#7164,.T.);
#7348 = PLANE('',#7349);
#7349 = AXIS2_PLACEMENT_3D('',#7350,#7351,#7352);
#7350 = CARTESIAN_POINT('',(-58.3667303508,2.741919185111,
    -22.80067017233));
#7351 = DIRECTION('',(-0.499660735535,0.750169555516,-0.433110594815));
#7352 = DIRECTION('',(-0.654992104427,5.4981019737E-13,0.75563572119));
#7353 = ADVANCED_FACE('',(#7354),#7360,.T.);
#7354 = FACE_BOUND('',#7355,.T.);
#7355 = EDGE_LOOP('',(#7356,#7357,#7358,#7359));
#7356 = ORIENTED_EDGE('',*,*,#7198,.T.);
#7357 = ORIENTED_EDGE('',*,*,#7172,.T.);
#7358 = ORIENTED_EDGE('',*,*,#7342,.T.);
#7359 = ORIENTED_EDGE('',*,*,#6126,.F.);
#7360 = B_SPLINE_SURFACE_WITH_KNOTS('',3,3,(
    (#7361,#7362,#7363,#7364,#7365,#7366,#7367,#7368,#7369,#7370,#7371
      ,#7372,#7373,#7374)
    ,(#7375,#7376,#7377,#7378,#7379,#7380,#7381,#7382,#7383,#7384,#7385
      ,#7386,#7387,#7388)
    ,(#7389,#7390,#7391,#7392,#7393,#7394,#7395,#7396,#7397,#7398,#7399
      ,#7400,#7401,#7402)
    ,(#7403,#7404,#7405,#7406,#7407,#7408,#7409,#7410,#7411,#7412,#7413
      ,#7414,#7415,#7416)
    ,(#7417,#7418,#7419,#7420,#7421,#7422,#7423,#7424,#7425,#7426,#7427
      ,#7428,#7429,#7430)
    ,(#7431,#7432,#7433,#7434,#7435,#7436,#7437,#7438,#7439,#7440,#7441
      ,#7442,#7443,#7444)
    ,(#7445,#7446,#7447,#7448,#7449,#7450,#7451,#7452,#7453,#7454,#7455
      ,#7456,#7457,#7458)
    ,(#7459,#7460,#7461,#7462,#7463,#7464,#7465,#7466,#7467,#7468,#7469
      ,#7470,#7471,#7472)
    ,(#7473,#7474,#7475,#7476,#7477,#7478,#7479,#7480,#7481,#7482,#7483
      ,#7484,#7485,#7486)
    ,(#7487,#7488,#7489,#7490,#7491,#7492,#7493,#7494,#7495,#7496,#7497
      ,#7498,#7499,#7500)
    ,(#7501,#7502,#7503,#7504,#7505,#7506,#7507,#7508,#7509,#7510,#7511
      ,#7512,#7513,#7514)
    ,(#7515,#7516,#7517,#7518,#7519,#7520,#7521,#7522,#7523,#7524,#7525
      ,#7526,#7527,#7528)
    ,(#7529,#7530,#7531,#7532,#7533,#7534,#7535,#7536,#7537,#7538,#7539
      ,#7540,#7541,#7542)
    ,(#7543,#7544,#7545,#7546,#7547,#7548,#7549,#7550,#7551,#7552,#7553
      ,#7554,#7555,#7556
    )),.UNSPECIFIED.,.F.,.F.,.F.,(4,2,2,2,2,2,4),(4,2,2,2,2,2,4),(
    -0.299037398057,-0.282255244615,-0.190575709618,-9.889617462069E-02,
    -7.21663962374E-03,3.862312787473E-02,7.487480952807E-02),(
    -0.113133714126,-9.934621090261E-02,-8.123130553141E-02,
    -4.500149478901E-02,-8.771684046612E-03,2.745812669579E-02,
    3.207187667386E-02),.UNSPECIFIED.);
#7361 = CARTESIAN_POINT('',(-58.10941481739,27.858815322053,
    20.408219361298));
#7362 = CARTESIAN_POINT('',(-58.13819361059,27.859217674956,
    20.44138613636));
#7363 = CARTESIAN_POINT('',(-58.16697404872,27.859281438946,
    20.47414589535));
#7364 = CARTESIAN_POINT('',(-58.23349954076,27.858571284983,
    20.548875196492));
#7365 = CARTESIAN_POINT('',(-58.27116281434,27.857556264891,
    20.590493797674));
#7366 = CARTESIAN_POINT('',(-58.38404559269,27.853039090154,
    20.71397413285));
#7367 = CARTESIAN_POINT('',(-58.45925008402,27.848086978242,
    20.794601034988));
#7368 = CARTESIAN_POINT('',(-58.60902290294,27.835066583023,
    20.953551294261));
#7369 = CARTESIAN_POINT('',(-58.68368822807,27.826834551425,
    21.031666444643));
#7370 = CARTESIAN_POINT('',(-58.82998870504,27.80898949042,
    21.186462650335));
#7371 = CARTESIAN_POINT('',(-58.90166353785,27.799975553884,
    21.264576783614));
#7372 = CARTESIAN_POINT('',(-58.98298041654,27.78856269212,
    21.353795678715));
#7373 = CARTESIAN_POINT('',(-58.9921563323,27.787262123044,
    21.363880631239));
#7374 = CARTESIAN_POINT('',(-59.00133652428,27.785948453784,
    21.373988138328));
#7375 = CARTESIAN_POINT('',(-58.07446977515,27.896672020262,
    20.432474119811));
#7376 = CARTESIAN_POINT('',(-58.10318795583,27.896771817629,
    20.465207881662));
#7377 = CARTESIAN_POINT('',(-58.1319021695,27.896534140964,
    20.49755346873));
#7378 = CARTESIAN_POINT('',(-58.19837065331,27.895089071109,
    20.571412414805));
#7379 = CARTESIAN_POINT('',(-58.23606093837,27.893640538332,
    20.612600180545));
#7380 = CARTESIAN_POINT('',(-58.34903848788,27.887886945769,
    20.734946771966));
#7381 = CARTESIAN_POINT('',(-58.42425557144,27.882214715744,
    20.814976325257));
#7382 = CARTESIAN_POINT('',(-58.57381145888,27.868138432166,
    20.973195244787));
#7383 = CARTESIAN_POINT('',(-58.64809425107,27.859631510894,
    21.05110542214));
#7384 = CARTESIAN_POINT('',(-58.79455050849,27.841264314546,
    21.206684628395));
#7385 = CARTESIAN_POINT('',(-58.86654619958,27.831717022869,
    21.28484156018));
#7386 = CARTESIAN_POINT('',(-58.9479079566,27.819910038953,
    21.374122904135));
#7387 = CARTESIAN_POINT('',(-58.95709715823,27.818564648281,
    21.384225198586));
#7388 = CARTESIAN_POINT('',(-58.96628710819,27.817206870529,
    21.394346329326));
#7389 = CARTESIAN_POINT('',(-58.03950724068,27.93396900714,
    20.456084122584));
#7390 = CARTESIAN_POINT('',(-58.06820935049,27.933814711793,
    20.488545886542));
#7391 = CARTESIAN_POINT('',(-58.09687971696,27.933220444961,
    20.520421846727));
#7392 = CARTESIAN_POINT('',(-58.16322140292,27.930961809746,
    20.593211702203));
#7393 = CARTESIAN_POINT('',(-58.20090472391,27.929062783049,
    20.633913053759));
#7394 = CARTESIAN_POINT('',(-58.31390783301,27.922093621751,
    20.755126523803));
#7395 = CARTESIAN_POINT('',(-58.38918837714,27.915757093009,
    20.834755904955));
#7396 = CARTESIAN_POINT('',(-58.53856938988,27.900772739875,
    20.992582939629));
#7397 = CARTESIAN_POINT('',(-58.61260739777,27.892089823294,
    21.070650309358));
#7398 = CARTESIAN_POINT('',(-58.75897024196,27.873228516921,
    21.226732394231));
#7399 = CARTESIAN_POINT('',(-58.83135976482,27.863078178377,
    21.304928469385));
#7400 = CARTESIAN_POINT('',(-58.91282273015,27.850878471663,
    21.394356705925));
#7401 = CARTESIAN_POINT('',(-58.9220230773,27.84948850467,
    21.404474202961));
#7402 = CARTESIAN_POINT('',(-58.93122274645,27.848087045725,
    21.414609909539));
#7403 = CARTESIAN_POINT('',(-57.81243266568,28.170147176431,
    20.601521162739));
#7404 = CARTESIAN_POINT('',(-57.84095395731,28.167161444446,
    20.630232184036));
#7405 = CARTESIAN_POINT('',(-57.86965311558,28.163992585369,
    20.659173795307));
#7406 = CARTESIAN_POINT('',(-57.9364377087,28.1565390657,20.727098382248
    ));
#7407 = CARTESIAN_POINT('',(-57.97443061014,28.152178466658,
    20.766036534155));
#7408 = CARTESIAN_POINT('',(-58.08796467384,28.138663265371,
    20.883034178799));
#7409 = CARTESIAN_POINT('',(-58.16306807438,28.129050204811,
    20.961224874438));
#7410 = CARTESIAN_POINT('',(-58.31198958242,28.108478778428,
    21.117858346607));
#7411 = CARTESIAN_POINT('',(-58.38573487062,28.097570803626,
    21.196279450971));
#7412 = CARTESIAN_POINT('',(-58.53225667202,28.074489716849,
    21.354185138426));
#7413 = CARTESIAN_POINT('',(-58.6049678402,28.062332047722,
    21.433591749095));
#7414 = CARTESIAN_POINT('',(-58.68675707886,28.04788841415,
    21.524171756787));
#7415 = CARTESIAN_POINT('',(-58.69599558807,28.046245654768,
    21.534420927973));
#7416 = CARTESIAN_POINT('',(-58.70523119266,28.044592450446,
    21.544684473521));
#7417 = CARTESIAN_POINT('',(-57.62985926577,28.3348983055,
    20.690071310526));
#7418 = CARTESIAN_POINT('',(-57.65867209576,28.331694614171,
    20.720462544191));
#7419 = CARTESIAN_POINT('',(-57.68734601815,28.328473419673,
    20.750927885254));
#7420 = CARTESIAN_POINT('',(-57.75340390494,28.320741775122,
    20.821221592683));
#7421 = CARTESIAN_POINT('',(-57.79077938793,28.31615487703,
    20.861112471259));
#7422 = CARTESIAN_POINT('',(-57.90265187832,28.301719160207,
    20.980723888338));
#7423 = CARTESIAN_POINT('',(-57.9768358469,28.291208472537,
    21.060311378019));
#7424 = CARTESIAN_POINT('',(-58.12437657884,28.268597873779,
    21.21965556564));
#7425 = CARTESIAN_POINT('',(-58.1976837561,28.256508922718,
    21.299368583234));
#7426 = CARTESIAN_POINT('',(-58.34353067575,28.230959475787,
    21.459669763698));
#7427 = CARTESIAN_POINT('',(-58.41604215858,28.217507409431,
    21.540234751585));
#7428 = CARTESIAN_POINT('',(-58.49762527073,28.201595120429,
    21.631958828534));
#7429 = CARTESIAN_POINT('',(-58.50683966009,28.199786636574,
    21.642333698707));
#7430 = CARTESIAN_POINT('',(-58.51605176283,28.197967369441,
    21.65272095099));
#7431 = CARTESIAN_POINT('',(-57.25789108167,28.653942234592,
    20.894389845828));
#7432 = CARTESIAN_POINT('',(-57.28617841197,28.649514511368,
    20.92477083369));
#7433 = CARTESIAN_POINT('',(-57.31455411175,28.644895393636,
    20.955191704844));
#7434 = CARTESIAN_POINT('',(-57.38023694428,28.633965999536,
    21.025788308064));
#7435 = CARTESIAN_POINT('',(-57.41746988661,28.62757440242,
    21.065907248844));
#7436 = CARTESIAN_POINT('',(-57.52877275234,28.607940458584,
    21.186334574806));
#7437 = CARTESIAN_POINT('',(-57.60248294756,28.594239441753,
    21.266785386253));
#7438 = CARTESIAN_POINT('',(-57.74906530541,28.565604139087,
    21.428386024751));
#7439 = CARTESIAN_POINT('',(-57.82197794542,28.550669155566,
    21.509588562981));
#7440 = CARTESIAN_POINT('',(-57.96719507726,28.519570274481,
    21.673053688588));
#7441 = CARTESIAN_POINT('',(-58.0395303776,28.503405114074,
    21.755359924586));
#7442 = CARTESIAN_POINT('',(-58.12082738193,28.484489628667,
    21.848815992515));
#7443 = CARTESIAN_POINT('',(-58.13000655994,28.482342933365,
    21.859381283612));
#7444 = CARTESIAN_POINT('',(-58.13918276622,28.480186275102,
    21.869956763351));
#7445 = CARTESIAN_POINT('',(-57.06739942845,28.803836447296,
    20.996990730971));
#7446 = CARTESIAN_POINT('',(-57.0957778521,28.798619012355,
    21.027469969866));
#7447 = CARTESIAN_POINT('',(-57.1241073655,28.793325213295,
    21.058021333178));
#7448 = CARTESIAN_POINT('',(-57.18964508682,28.780786627293,
    21.128768574505));
#7449 = CARTESIAN_POINT('',(-57.22684780281,28.773464085352,
    21.169004357544));
#7450 = CARTESIAN_POINT('',(-57.33842381014,28.750960514315,
    21.290052013743));
#7451 = CARTESIAN_POINT('',(-57.4126238001,28.735299416654,
    21.371102002399));
#7452 = CARTESIAN_POINT('',(-57.55994199688,28.703036097635,
    21.53388579443));
#7453 = CARTESIAN_POINT('',(-57.63312607447,28.686408300258,
    21.615684748901));
#7454 = CARTESIAN_POINT('',(-57.77871189648,28.652144497634,
    21.780403283293));
#7455 = CARTESIAN_POINT('',(-57.8510914934,28.634515354279,
    21.863308547306));
#7456 = CARTESIAN_POINT('',(-57.93240736258,28.614023710204,
    21.957470165893));
#7457 = CARTESIAN_POINT('',(-57.94158967254,28.61169976002,
    21.96811700814));
#7458 = CARTESIAN_POINT('',(-57.95076783781,28.609366972413,
    21.978773583862));
#7459 = CARTESIAN_POINT('',(-56.69043784786,29.074925810753,
    21.197844416615));
#7460 = CARTESIAN_POINT('',(-56.71842992686,29.068494501916,
    21.228336857466));
#7461 = CARTESIAN_POINT('',(-56.74648056055,29.061902953213,
    21.258873205067));
#7462 = CARTESIAN_POINT('',(-56.81145865281,29.046394103365,
    21.329790172571));
#7463 = CARTESIAN_POINT('',(-56.84841552843,29.037387532778,
    21.370243276491));
#7464 = CARTESIAN_POINT('',(-56.95938853872,29.00985208864,
    21.492191417345));
#7465 = CARTESIAN_POINT('',(-57.03363969689,28.990775706922,
    21.574384840143));
#7466 = CARTESIAN_POINT('',(-57.18174438735,28.951760674834,
    21.740238374955));
#7467 = CARTESIAN_POINT('',(-57.25552128444,28.931842212031,
    21.823835389952));
#7468 = CARTESIAN_POINT('',(-57.40207939497,28.891348810535,
    21.992101795599));
#7469 = CARTESIAN_POINT('',(-57.47490304128,28.870753673283,
    22.07678430806));
#7470 = CARTESIAN_POINT('',(-57.55646566357,28.847108818815,
    22.172747114206));
#7471 = CARTESIAN_POINT('',(-57.56567115907,28.844431738024,
    22.183594116624));
#7472 = CARTESIAN_POINT('',(-57.57486964884,28.841748210127,
    22.194448332388));
#7473 = CARTESIAN_POINT('',(-56.50306107781,29.196573737913,
    21.296169153431));
#7474 = CARTESIAN_POINT('',(-56.53088729206,29.189532412704,
    21.32661029475));
#7475 = CARTESIAN_POINT('',(-56.55877626082,29.182360177344,
    21.357182736789));
#7476 = CARTESIAN_POINT('',(-56.6234687099,29.165453353946,
    21.428215795544));
#7477 = CARTESIAN_POINT('',(-56.66032212724,29.155626840489,
    21.468778863522));
#7478 = CARTESIAN_POINT('',(-56.77115781626,29.125598911184,
    21.591267443594));
#7479 = CARTESIAN_POINT('',(-56.84540150518,29.104870854053,
    21.674028723668));
#7480 = CARTESIAN_POINT('',(-56.99377479555,29.06261205548,
    21.841562831737));
#7481 = CARTESIAN_POINT('',(-57.06776585211,29.041122845251,
    21.926197252243));
#7482 = CARTESIAN_POINT('',(-57.21468909021,28.997642085587,
    22.096522805403));
#7483 = CARTESIAN_POINT('',(-57.28762936629,28.975642458428,
    22.182215676086));
#7484 = CARTESIAN_POINT('',(-57.36927668472,28.950481954807,
    22.279226097553));
#7485 = CARTESIAN_POINT('',(-57.37849236027,28.947634173757,
    22.290190942749));
#7486 = CARTESIAN_POINT('',(-57.38769982748,28.944781056692,
    22.301161404521));
#7487 = CARTESIAN_POINT('',(-56.22766180481,29.354614314603,
    21.439149766042));
#7488 = CARTESIAN_POINT('',(-56.25506116892,29.346836780463,
    21.469471765342));
#7489 = CARTESIAN_POINT('',(-56.28260420975,29.338875238063,
    21.499971919179));
#7490 = CARTESIAN_POINT('',(-56.34662933942,29.320101344255,
    21.571045896839));
#7491 = CARTESIAN_POINT('',(-56.38320729324,29.309176382239,
    21.611778518646));
#7492 = CARTESIAN_POINT('',(-56.49346939026,29.275775389965,
    21.735181215349));
#7493 = CARTESIAN_POINT('',(-56.56773242977,29.252672708613,
    21.81914334956));
#7494 = CARTESIAN_POINT('',(-56.71649161608,29.205728758271,
    21.989933957887));
#7495 = CARTESIAN_POINT('',(-56.79084424453,29.181938906725,
    22.076593751027));
#7496 = CARTESIAN_POINT('',(-56.93818225621,29.134174208494,
    22.250740297092));
#7497 = CARTESIAN_POINT('',(-57.0112400978,29.110159992072,
    22.338271300366));
#7498 = CARTESIAN_POINT('',(-57.09284315191,29.082866951398,
    22.437102410493));
#7499 = CARTESIAN_POINT('',(-57.10205098293,29.079780394112,
    22.448269646523));
#7500 = CARTESIAN_POINT('',(-57.11124850687,29.076690250654,
    22.459439183753));
#7501 = CARTESIAN_POINT('',(-56.13677964138,29.403241570405,
    21.486074740564));
#7502 = CARTESIAN_POINT('',(-56.16403792525,29.395225300152,
    21.516346321857));
#7503 = CARTESIAN_POINT('',(-56.19145618924,29.387022821662,
    21.546834482014));
#7504 = CARTESIAN_POINT('',(-56.25524876203,29.367659553037,
    21.617936146697));
#7505 = CARTESIAN_POINT('',(-56.29173471951,29.356379748905,
    21.658730895776));
#7506 = CARTESIAN_POINT('',(-56.40182779915,29.321875982764,
    21.782480708289));
#7507 = CARTESIAN_POINT('',(-56.47609285446,29.297999128858,
    21.866884749926));
#7508 = CARTESIAN_POINT('',(-56.624968483,29.249526312956,
    22.038887506217));
#7509 = CARTESIAN_POINT('',(-56.69941431139,29.224991763484,
    22.126287676505));
#7510 = CARTESIAN_POINT('',(-56.84683409576,29.175842605836,
    22.301808431268));
#7511 = CARTESIAN_POINT('',(-56.91987910537,29.151187829935,
    22.3899795338));
#7512 = CARTESIAN_POINT('',(-57.00142759974,29.123211397229,
    22.489447627185));
#7513 = CARTESIAN_POINT('',(-57.01062908874,29.120048030254,
    22.500685967275));
#7514 = CARTESIAN_POINT('',(-57.01981958901,29.116881655201,
    22.511925391604));
#7515 = CARTESIAN_POINT('',(-55.97635157964,29.482547190469,
    21.568674544447));
#7516 = CARTESIAN_POINT('',(-56.00329123983,29.474162988278,
    21.598842492171));
#7517 = CARTESIAN_POINT('',(-56.0304444829,29.465559597684,
    21.629274508635));
#7518 = CARTESIAN_POINT('',(-56.09373241475,29.445218066336,
    21.70039535522));
#7519 = CARTESIAN_POINT('',(-56.13001455758,29.433342711705,
    21.741311415881));
#7520 = CARTESIAN_POINT('',(-56.2397016969,29.396966328185,
    21.865758900658));
#7521 = CARTESIAN_POINT('',(-56.3139936357,29.371719578363,
    21.951112032741));
#7522 = CARTESIAN_POINT('',(-56.46309309031,29.320540898594,
    22.125634027147));
#7523 = CARTESIAN_POINT('',(-56.53769745624,29.294689203438,
    22.214524815154));
#7524 = CARTESIAN_POINT('',(-56.68518393895,29.24312282003,
    22.39273011418));
#7525 = CARTESIAN_POINT('',(-56.75817182228,29.21734964223,
    22.482135226936));
#7526 = CARTESIAN_POINT('',(-56.83954955458,29.188196422269,
    22.582815330593));
#7527 = CARTESIAN_POINT('',(-56.84873023606,29.184901318571,
    22.594188378764));
#7528 = CARTESIAN_POINT('',(-56.85789858778,29.18160429433,
    22.605560157107));
#7529 = CARTESIAN_POINT('',(-55.90631751858,29.514854285431,
    21.604652139178));
#7530 = CARTESIAN_POINT('',(-55.93310718616,29.506317997563,
    21.634767853366));
#7531 = CARTESIAN_POINT('',(-55.96013194543,29.497552363922,
    21.66517770879));
#7532 = CARTESIAN_POINT('',(-56.02317882267,29.476803797313,
    21.736312450476));
#7533 = CARTESIAN_POINT('',(-56.05936565471,29.464674949323,
    21.777287565328));
#7534 = CARTESIAN_POINT('',(-56.16887314194,29.427490527112,
    21.902080513946));
#7535 = CARTESIAN_POINT('',(-56.24318059748,29.401645380188,
    21.987901059849));
#7536 = CARTESIAN_POINT('',(-56.3923786245,29.349284925917,
    22.163659609729));
#7537 = CARTESIAN_POINT('',(-56.46703390258,29.322863883635,
    22.253259460002));
#7538 = CARTESIAN_POINT('',(-56.61450350929,29.270258339005,
    22.432714609884));
#7539 = CARTESIAN_POINT('',(-56.68743297074,29.244010025267,
    22.522681905183));
#7540 = CARTESIAN_POINT('',(-56.76870365832,29.214356142725,
    22.623917086949));
#7541 = CARTESIAN_POINT('',(-56.77787184283,29.211004896322,
    22.635351970126));
#7542 = CARTESIAN_POINT('',(-56.78702709502,29.207652217607,
    22.64678451661));
#7543 = CARTESIAN_POINT('',(-55.83733094518,29.54429597896,
    21.640114480868));
#7544 = CARTESIAN_POINT('',(-55.86394361779,29.535628779953,
    21.670171898803));
#7545 = CARTESIAN_POINT('',(-55.89082015046,29.526714603149,
    21.700550253816));
#7546 = CARTESIAN_POINT('',(-55.953587369,29.505588848209,
    21.771692938861));
#7547 = CARTESIAN_POINT('',(-55.98966354969,29.493220028287,
    21.812733834845));
#7548 = CARTESIAN_POINT('',(-56.09895877504,29.455257579893,
    21.937916738343));
#7549 = CARTESIAN_POINT('',(-56.17329658465,29.428812413982,
    22.024285394592));
#7550 = CARTESIAN_POINT('',(-56.32260005879,29.375272026443,
    22.201442295351));
#7551 = CARTESIAN_POINT('',(-56.39729180068,29.348288580692,
    22.291798936743));
#7552 = CARTESIAN_POINT('',(-56.54470279676,29.294666677268,
    22.472575777812));
#7553 = CARTESIAN_POINT('',(-56.61755153264,29.267955864684,
    22.563137597625));
#7554 = CARTESIAN_POINT('',(-56.69867735963,29.237820859345,
    22.664962826097));
#7555 = CARTESIAN_POINT('',(-56.70782844632,29.234415818675,
    22.67646336469));
#7556 = CARTESIAN_POINT('',(-56.7169659059,29.231009868677,
    22.687960516963));
#7557 = ADVANCED_FACE('',(#7558),#7577,.F.);
#7558 = FACE_BOUND('',#7559,.F.);
#7559 = EDGE_LOOP('',(#7560,#7568,#7569,#7570));
#7560 = ORIENTED_EDGE('',*,*,#7561,.F.);
#7561 = EDGE_CURVE('',#6808,#7562,#7564,.T.);
#7562 = VERTEX_POINT('',#7563);
#7563 = CARTESIAN_POINT('',(48.2,22.645894683903,16.023840175363));
#7564 = LINE('',#7565,#7566);
#7565 = CARTESIAN_POINT('',(48.2,18.92198544763,18.173840175364));
#7566 = VECTOR('',#7567,1.);
#7567 = DIRECTION('',(0.,0.866025403784,-0.5));
#7568 = ORIENTED_EDGE('',*,*,#6807,.F.);
#7569 = ORIENTED_EDGE('',*,*,#7561,.T.);
#7570 = ORIENTED_EDGE('',*,*,#7571,.T.);
#7571 = EDGE_CURVE('',#7562,#7562,#7572,.T.);
#7572 = CIRCLE('',#7573,2.);
#7573 = AXIS2_PLACEMENT_3D('',#7574,#7575,#7576);
#7574 = CARTESIAN_POINT('',(46.2,22.645894683903,16.023840175363));
#7575 = DIRECTION('',(0.,-0.866025403784,0.5));
#7576 = DIRECTION('',(1.,0.,0.));
#7577 = CYLINDRICAL_SURFACE('',#7578,2.);
#7578 = AXIS2_PLACEMENT_3D('',#7579,#7580,#7581);
#7579 = CARTESIAN_POINT('',(46.2,18.92198544763,18.173840175364));
#7580 = DIRECTION('',(0.,-0.866025403784,0.5));
#7581 = DIRECTION('',(1.,0.,0.));
#7582 = ADVANCED_FACE('',(#7583),#7586,.F.);
#7583 = FACE_BOUND('',#7584,.T.);
#7584 = EDGE_LOOP('',(#7585));
#7585 = ORIENTED_EDGE('',*,*,#7000,.T.);
#7586 = PLANE('',#7587);
#7587 = AXIS2_PLACEMENT_3D('',#7588,#7589,#7590);
#7588 = CARTESIAN_POINT('',(3.91E-15,10.045894683898,-5.800000000002));
#7589 = DIRECTION('',(0.,0.866025403784,-0.5));
#7590 = DIRECTION('',(0.,0.5,0.866025403784));
#7591 = ADVANCED_FACE('',(#7592),#7595,.F.);
#7592 = FACE_BOUND('',#7593,.T.);
#7593 = EDGE_LOOP('',(#7594));
#7594 = ORIENTED_EDGE('',*,*,#7300,.T.);
#7595 = PLANE('',#7596);
#7596 = AXIS2_PLACEMENT_3D('',#7597,#7598,#7599);
#7597 = CARTESIAN_POINT('',(3.91E-15,10.045894683898,-5.800000000002));
#7598 = DIRECTION('',(0.,0.866025403784,-0.5));
#7599 = DIRECTION('',(0.,0.5,0.866025403784));
#7600 = ADVANCED_FACE('',(#7601),#7604,.F.);
#7601 = FACE_BOUND('',#7602,.T.);
#7602 = EDGE_LOOP('',(#7603));
#7603 = ORIENTED_EDGE('',*,*,#7325,.T.);
#7604 = PLANE('',#7605);
#7605 = AXIS2_PLACEMENT_3D('',#7606,#7607,#7608);
#7606 = CARTESIAN_POINT('',(3.91E-15,10.045894683898,-5.800000000002));
#7607 = DIRECTION('',(0.,0.866025403784,-0.5));
#7608 = DIRECTION('',(0.,0.5,0.866025403784));
#7609 = ADVANCED_FACE('',(#7610),#7613,.F.);
#7610 = FACE_BOUND('',#7611,.T.);
#7611 = EDGE_LOOP('',(#7612));
#7612 = ORIENTED_EDGE('',*,*,#7571,.T.);
#7613 = PLANE('',#7614);
#7614 = AXIS2_PLACEMENT_3D('',#7615,#7616,#7617);
#7615 = CARTESIAN_POINT('',(3.91E-15,10.045894683898,-5.800000000002));
#7616 = DIRECTION('',(0.,0.866025403784,-0.5));
#7617 = DIRECTION('',(0.,0.5,0.866025403784));
#7618 = ADVANCED_FACE('',(#7619),#7634,.T.);
#7619 = FACE_BOUND('',#7620,.T.);
#7620 = EDGE_LOOP('',(#7621,#7622,#7623,#7624,#7630,#7631,#7632,#7633));
#7621 = ORIENTED_EDGE('',*,*,#514,.F.);
#7622 = ORIENTED_EDGE('',*,*,#2116,.T.);
#7623 = ORIENTED_EDGE('',*,*,#1131,.F.);
#7624 = ORIENTED_EDGE('',*,*,#7625,.F.);
#7625 = EDGE_CURVE('',#2588,#1124,#7626,.T.);
#7626 = LINE('',#7627,#7628);
#7627 = CARTESIAN_POINT('',(-41.82322114886,18.372939121264,
    -22.57480668529));
#7628 = VECTOR('',#7629,1.);
#7629 = DIRECTION('',(-1.69274992699E-02,-0.857044485445,-0.514964280059
    ));
#7630 = ORIENTED_EDGE('',*,*,#2627,.F.);
#7631 = ORIENTED_EDGE('',*,*,#2562,.F.);
#7632 = ORIENTED_EDGE('',*,*,#179,.F.);
#7633 = ORIENTED_EDGE('',*,*,#691,.T.);
#7634 = PLANE('',#7635);
#7635 = AXIS2_PLACEMENT_3D('',#7636,#7637,#7638);
#7636 = CARTESIAN_POINT('',(-41.69485917259,25.268600206215,
    -19.32995422396));
#7637 = DIRECTION('',(-0.99985671962,1.450969885603E-02,
    8.71830663827E-03));
#7638 = DIRECTION('',(-1.451025032038E-02,-0.999894720776,
    5.421010862428E-20));
#7639 = ADVANCED_FACE('',(#7640),#7651,.T.);
#7640 = FACE_BOUND('',#7641,.T.);
#7641 = EDGE_LOOP('',(#7642,#7643,#7644,#7645));
#7642 = ORIENTED_EDGE('',*,*,#2585,.T.);
#7643 = ORIENTED_EDGE('',*,*,#7625,.T.);
#7644 = ORIENTED_EDGE('',*,*,#1345,.T.);
#7645 = ORIENTED_EDGE('',*,*,#7646,.T.);
#7646 = EDGE_CURVE('',#1148,#2586,#7647,.T.);
#7647 = LINE('',#7648,#7649);
#7648 = CARTESIAN_POINT('',(-44.36317577184,16.350024291607,
    -23.79029654208));
#7649 = VECTOR('',#7650,1.);
#7650 = DIRECTION('',(1.69274992699E-02,0.857044485445,0.514964280059));
#7651 = PLANE('',#7652);
#7652 = AXIS2_PLACEMENT_3D('',#7653,#7654,#7655);
#7653 = CARTESIAN_POINT('',(-42.91079890072,26.596427413971,
    -17.63363641916));
#7654 = DIRECTION('',(4.1793E-13,0.51503807491,-0.857167300702));
#7655 = DIRECTION('',(2.524354896707E-29,-0.857167300702,-0.51503807491)
  );
#7656 = ADVANCED_FACE('',(#7657),#7667,.T.);
#7657 = FACE_BOUND('',#7658,.T.);
#7658 = EDGE_LOOP('',(#7659,#7660,#7661,#7662,#7663,#7664,#7665,#7666));
#7659 = ORIENTED_EDGE('',*,*,#2674,.F.);
#7660 = ORIENTED_EDGE('',*,*,#4881,.T.);
#7661 = ORIENTED_EDGE('',*,*,#2595,.F.);
#7662 = ORIENTED_EDGE('',*,*,#7646,.F.);
#7663 = ORIENTED_EDGE('',*,*,#1147,.F.);
#7664 = ORIENTED_EDGE('',*,*,#2109,.F.);
#7665 = ORIENTED_EDGE('',*,*,#498,.F.);
#7666 = ORIENTED_EDGE('',*,*,#2073,.T.);
#7667 = PLANE('',#7668);
#7668 = AXIS2_PLACEMENT_3D('',#7669,#7670,#7671);
#7669 = CARTESIAN_POINT('',(-44.18930177629,25.516060870168,
    -19.10444938614));
#7670 = DIRECTION('',(0.99985671962,-1.450969885651E-02,
    -8.718306637408E-03));
#7671 = DIRECTION('',(1.451025032086E-02,0.999894720776,
    -5.421010862428E-20));
#7672 = ORIENTED_CLOSED_SHELL('',*,#7673,.F.);
#7673 = CLOSED_SHELL('',(#7674,#7897,#7983,#7999));
#7674 = ADVANCED_FACE('',(#7675),#7752,.T.);
#7675 = FACE_BOUND('',#7676,.T.);
#7676 = EDGE_LOOP('',(#7677,#7720,#7735));
#7677 = ORIENTED_EDGE('',*,*,#7678,.F.);
#7678 = EDGE_CURVE('',#7679,#7681,#7683,.T.);
#7679 = VERTEX_POINT('',#7680);
#7680 = CARTESIAN_POINT('',(-58.05525844343,30.302215379145,
    20.484976618567));
#7681 = VERTEX_POINT('',#7682);
#7682 = CARTESIAN_POINT('',(-58.18449398597,30.061921640012,
    20.068775653655));
#7683 = B_SPLINE_CURVE_WITH_KNOTS('',3,(#7684,#7685,#7686,#7687,#7688,
    #7689,#7690,#7691,#7692,#7693,#7694,#7695,#7696,#7697,#7698,#7699,
    #7700,#7701,#7702,#7703,#7704,#7705,#7706,#7707,#7708,#7709,#7710,
    #7711,#7712,#7713,#7714,#7715,#7716,#7717,#7718,#7719),
  .UNSPECIFIED.,.F.,.F.,(4,2,2,2,2,2,2,2,2,2,2,2,2,2,2,2,2,4),(
    -0.551728187131,-0.538720733868,-0.495577005131,-0.473857144609,
    -0.451838781521,-0.41140277539,-0.354950381868,-0.33293927661,
    -0.293883585193,-0.263918853435,-0.254425737769,-0.172429431362,
    -0.142106493039,-8.185252670289E-02,-7.481295070549E-02,
    -4.679756803902E-02,-2.104491834344E-02,-2.35E-15),.UNSPECIFIED.);
#7684 = CARTESIAN_POINT('',(-54.67910114751,31.425643815579,
    22.430811749146));
#7685 = CARTESIAN_POINT('',(-54.72245929936,31.425607569055,
    22.430748968324));
#7686 = CARTESIAN_POINT('',(-54.7658181249,31.425440286812,
    22.43045922698));
#7687 = CARTESIAN_POINT('',(-54.95295774755,31.423881978318,
    22.427760157495));
#7688 = CARTESIAN_POINT('',(-55.09672572495,31.420441747455,
    22.42180150285));
#7689 = CARTESIAN_POINT('',(-55.31192063737,31.409939728552,
    22.403611472528));
#7690 = CARTESIAN_POINT('',(-55.38380653936,31.405529700397,
    22.395973079701));
#7691 = CARTESIAN_POINT('',(-55.52792650998,31.394512765602,
    22.376891188892));
#7692 = CARTESIAN_POINT('',(-55.60014530718,31.387864920992,
    22.365376784266));
#7693 = CARTESIAN_POINT('',(-55.80346850075,31.365505810451,
    22.326649668798));
#7694 = CARTESIAN_POINT('',(-55.933252793,31.346798254412,
    22.294247231253));
#7695 = CARTESIAN_POINT('',(-56.23697116216,31.291879313367,
    22.199124835065));
#7696 = CARTESIAN_POINT('',(-56.40803659941,31.251791921044,
    22.129691434818));
#7697 = CARTESIAN_POINT('',(-56.63429511106,31.186196176663,
    22.016076272791));
#7698 = CARTESIAN_POINT('',(-56.69651798923,31.166717285429,
    21.982337843498));
#7699 = CARTESIAN_POINT('',(-56.86532986097,31.109845585194,
    21.883833169178));
#7700 = CARTESIAN_POINT('',(-56.96896022651,31.070260389053,
    21.815269598234));
#7701 = CARTESIAN_POINT('',(-57.14330682215,30.995203173436,
    21.685266687311));
#7702 = CARTESIAN_POINT('',(-57.21607127532,30.960918609025,
    21.625884079837));
#7703 = CARTESIAN_POINT('',(-57.30768919191,30.913734747849,
    21.544159234981));
#7704 = CARTESIAN_POINT('',(-57.32941102876,30.902227430243,
    21.52422797623));
#7705 = CARTESIAN_POINT('',(-57.53560841904,30.789880274519,
    21.32963699443));
#7706 = CARTESIAN_POINT('',(-57.69585552639,30.677951010034,
    21.135769821488));
#7707 = CARTESIAN_POINT('',(-57.87580525047,30.513793944976,
    20.851441444386));
#7708 = CARTESIAN_POINT('',(-57.92045452553,30.468398118337,
    20.772813566195));
#7709 = CARTESIAN_POINT('',(-58.04151115724,30.330103255182,
    20.533279836785));
#7710 = CARTESIAN_POINT('',(-58.10573894147,30.234532769286,
    20.367746899509));
#7711 = CARTESIAN_POINT('',(-58.15780369784,30.125439354588,
    20.178791562481));
#7712 = CARTESIAN_POINT('',(-58.16301013428,30.113998553591,
    20.158975513874));
#7713 = CARTESIAN_POINT('',(-58.18773021683,30.056895953663,
    20.060070909556));
#7714 = CARTESIAN_POINT('',(-58.20362736005,30.010843119587,
    19.980305061104));
#7715 = CARTESIAN_POINT('',(-58.22660641591,29.921968801612,
    19.826370226883));
#7716 = CARTESIAN_POINT('',(-58.23426772255,29.879188138889,
    19.752271945466));
#7717 = CARTESIAN_POINT('',(-58.24243016224,29.801298338308,
    19.617362853468));
#7718 = CARTESIAN_POINT('',(-58.24396218776,29.766220347958,
    19.556605991954));
#7719 = CARTESIAN_POINT('',(-58.24404473185,29.731145508269,
    19.495854587545));
#7720 = ORIENTED_EDGE('',*,*,#7721,.T.);
#7721 = EDGE_CURVE('',#7679,#7722,#7724,.T.);
#7722 = VERTEX_POINT('',#7723);
#7723 = CARTESIAN_POINT('',(-58.18477055935,30.298922047366,
    20.495112451574));
#7724 = B_SPLINE_CURVE_WITH_KNOTS('',5,(#7725,#7726,#7727,#7728,#7729,
    #7730,#7731,#7732,#7733,#7734),.UNSPECIFIED.,.F.,.F.,(6,4,6),(0.,
    0.501079817461,1.),.UNSPECIFIED.);
#7725 = CARTESIAN_POINT('',(-58.05525844343,30.302215379146,
    20.484976618575));
#7726 = CARTESIAN_POINT('',(-58.11062337688,30.302215379146,
    20.484976618575));
#7727 = CARTESIAN_POINT('',(-58.16496395539,30.300764156514,
    20.489443022577));
#7728 = CARTESIAN_POINT('',(-58.21803647786,30.297870369157,
    20.498349184286));
#7729 = CARTESIAN_POINT('',(-58.26954692273,30.293554806532,
    20.51163112033));
#7730 = CARTESIAN_POINT('',(-58.36859294788,30.282165740363,
    20.546683061782));
#7731 = CARTESIAN_POINT('',(-58.41614425435,30.275104248875,
    20.568416097882));
#7732 = CARTESIAN_POINT('',(-58.46151684189,30.266693561833,
    20.594301530929));
#7733 = CARTESIAN_POINT('',(-58.50436942246,30.256973393104,
    20.624217134204));
#7734 = CARTESIAN_POINT('',(-58.54435556486,30.245991700883,
    20.658015307562));
#7735 = ORIENTED_EDGE('',*,*,#7736,.F.);
#7736 = EDGE_CURVE('',#7681,#7722,#7737,.T.);
#7737 = B_SPLINE_CURVE_WITH_KNOTS('',7,(#7738,#7739,#7740,#7741,#7742,
    #7743,#7744,#7745,#7746,#7747,#7748,#7749,#7750,#7751),
  .UNSPECIFIED.,.F.,.F.,(8,6,8),(0.,0.285606663344,1.),.UNSPECIFIED.);
#7738 = CARTESIAN_POINT('',(-58.18449398597,30.061921640012,
    20.068775653655));
#7739 = CARTESIAN_POINT('',(-58.18449398597,30.073291838782,
    20.088469415617));
#7740 = CARTESIAN_POINT('',(-58.1844947394,30.084590458236,
    20.108082349662));
#7741 = CARTESIAN_POINT('',(-58.18449634413,30.095814976112,
    20.127615691691));
#7742 = CARTESIAN_POINT('',(-58.18449890222,30.10695981529,
    20.147065627766));
#7743 = CARTESIAN_POINT('',(-58.18450251168,30.118025205623,
    20.166438168666));
#7744 = CARTESIAN_POINT('',(-58.18450727107,30.129006876098,
    20.18573156212));
#7745 = CARTESIAN_POINT('',(-58.18452830258,30.167157190933,
    20.25301437296));
#7746 = CARTESIAN_POINT('',(-58.18455113151,30.193872625937,
    20.300594333806));
#7747 = CARTESIAN_POINT('',(-58.18458330451,30.220011967603,
    20.347711629928));
#7748 = CARTESIAN_POINT('',(-58.1846263095,30.245541109783,
    20.39439240501));
#7749 = CARTESIAN_POINT('',(-58.18468157952,30.270428843036,
    20.44066467617));
#7750 = CARTESIAN_POINT('',(-58.1847504898,30.294646659851,
    20.486557829875));
#7751 = CARTESIAN_POINT('',(-58.18483435486,30.318168559864,
    20.532102117862));
#7752 = B_SPLINE_SURFACE_WITH_KNOTS('',3,3,(
    (#7753,#7754,#7755,#7756,#7757,#7758,#7759,#7760,#7761,#7762,#7763
      ,#7764,#7765,#7766,#7767,#7768,#7769,#7770,#7771,#7772,#7773,#7774
      ,#7775,#7776,#7777,#7778,#7779,#7780,#7781,#7782,#7783,#7784,#7785
      ,#7786,#7787,#7788)
    ,(#7789,#7790,#7791,#7792,#7793,#7794,#7795,#7796,#7797,#7798,#7799
      ,#7800,#7801,#7802,#7803,#7804,#7805,#7806,#7807,#7808,#7809,#7810
      ,#7811,#7812,#7813,#7814,#7815,#7816,#7817,#7818,#7819,#7820,#7821
      ,#7822,#7823,#7824)
    ,(#7825,#7826,#7827,#7828,#7829,#7830,#7831,#7832,#7833,#7834,#7835
      ,#7836,#7837,#7838,#7839,#7840,#7841,#7842,#7843,#7844,#7845,#7846
      ,#7847,#7848,#7849,#7850,#7851,#7852,#7853,#7854,#7855,#7856,#7857
      ,#7858,#7859,#7860)
    ,(#7861,#7862,#7863,#7864,#7865,#7866,#7867,#7868,#7869,#7870,#7871
      ,#7872,#7873,#7874,#7875,#7876,#7877,#7878,#7879,#7880,#7881,#7882
      ,#7883,#7884,#7885,#7886,#7887,#7888,#7889,#7890,#7891,#7892,#7893
      ,#7894,#7895,#7896
    )),.UNSPECIFIED.,.F.,.F.,.F.,(4,4),(4,2,2,2,2,2,2,2,2,2,2,2,2,2,2,2,
    2,4),(0.,1.),(-5.94017036781E-06,2.104491834344E-02,
    4.679756803902E-02,7.481295070549E-02,8.185252670289E-02,
    0.142106493039,0.172429431362,0.254425737769,0.263918853435,
    0.293883585193,0.33293927661,0.354950381868,0.41140277539,
    0.451838781521,0.473857144609,0.495577005131,0.538720733868,
    0.551925485585),.UNSPECIFIED.);
#7753 = CARTESIAN_POINT('',(-58.74296199879,29.61592147971,
    19.562981789161));
#7754 = CARTESIAN_POINT('',(-58.74261345553,29.654454623994,
    19.629424878502));
#7755 = CARTESIAN_POINT('',(-58.74071484061,29.694146620939,
    19.697932843632));
#7756 = CARTESIAN_POINT('',(-58.73083798754,29.783275527045,
    19.851659263595));
#7757 = CARTESIAN_POINT('',(-58.72164406813,29.832704313289,
    19.936822417817));
#7758 = CARTESIAN_POINT('',(-58.69482009602,29.935068981143,
    20.113663430022));
#7759 = CARTESIAN_POINT('',(-58.67662334848,29.988033888032,
    20.205516068957));
#7760 = CARTESIAN_POINT('',(-58.64888474601,30.053404121632,
    20.31953830407));
#7761 = CARTESIAN_POINT('',(-58.64306354747,30.066488956992,
    20.342393206698));
#7762 = CARTESIAN_POINT('',(-58.58507002389,30.19110887911,
    20.560398663155));
#7763 = CARTESIAN_POINT('',(-58.51476538526,30.299549320229,
    20.752312311683));
#7764 = CARTESIAN_POINT('',(-58.38214528421,30.45627982665,
    21.032151348244));
#7765 = CARTESIAN_POINT('',(-58.33323185153,30.507678947506,
    21.124372588917));
#7766 = CARTESIAN_POINT('',(-58.13567031003,30.69356741111,
    21.459541214068));
#7767 = CARTESIAN_POINT('',(-57.95902738514,30.820380648739,
    21.691411286775));
#7768 = CARTESIAN_POINT('',(-57.72936986374,30.947860879869,
    21.929692527914));
#7769 = CARTESIAN_POINT('',(-57.70515187008,30.960919068457,
    21.954172848827));
#7770 = CARTESIAN_POINT('',(-57.60289318477,31.014468552107,
    22.054873010932));
#7771 = CARTESIAN_POINT('',(-57.52141384262,31.053391888527,
    22.128826180566));
#7772 = CARTESIAN_POINT('',(-57.32538007439,31.13858449762,
    22.29281519594));
#7773 = CARTESIAN_POINT('',(-57.20829354238,31.183502541496,
    22.380918976417));
#7774 = CARTESIAN_POINT('',(-57.01628095374,31.247872725876,
    22.51059650189));
#7775 = CARTESIAN_POINT('',(-56.94526254868,31.269881479642,
    22.555691038005));
#7776 = CARTESIAN_POINT('',(-56.6858776387,31.343765460828,
    22.710355582478));
#7777 = CARTESIAN_POINT('',(-56.48765290603,31.38853838849,
    22.810418573732));
#7778 = CARTESIAN_POINT('',(-56.13025201754,31.447485181832,
    22.960716727094));
#7779 = CARTESIAN_POINT('',(-55.97562503584,31.466560732861,
    23.017199349465));
#7780 = CARTESIAN_POINT('',(-55.73347038846,31.486799731332,
    23.092151707089));
#7781 = CARTESIAN_POINT('',(-55.64762813236,31.492193696051,
    23.116147742955));
#7782 = CARTESIAN_POINT('',(-55.47780710401,31.500155849651,
    23.157891967687));
#7783 = CARTESIAN_POINT('',(-55.39376274258,31.502810255506,
    23.175685456414));
#7784 = CARTESIAN_POINT('',(-55.14446317393,31.508452052628,
    23.219009715957));
#7785 = CARTESIAN_POINT('',(-54.98018195468,31.509725749141,
    23.233416662639));
#7786 = CARTESIAN_POINT('',(-54.77306601069,31.509999646301,
    23.240888678786));
#7787 = CARTESIAN_POINT('',(-54.72522599761,31.509953203154,
    23.241879602892));
#7788 = CARTESIAN_POINT('',(-54.67823757842,31.509841117527,
    23.242388745448));
#7789 = CARTESIAN_POINT('',(-58.59206418649,29.691064984008,
    19.519394671299));
#7790 = CARTESIAN_POINT('',(-58.59177611696,29.728513517679,
    19.584147074557));
#7791 = CARTESIAN_POINT('',(-58.5899772589,29.766779108066,
    19.650343355299));
#7792 = CARTESIAN_POINT('',(-58.58057651821,29.852410887856,
    19.798415405709));
#7793 = CARTESIAN_POINT('',(-58.57182033993,29.899763265048,
    19.880271455928));
#7794 = CARTESIAN_POINT('',(-58.54613416102,29.997978415006,
    20.050221719115));
#7795 = CARTESIAN_POINT('',(-58.52863983278,30.048863703555,
    20.138397925985));
#7796 = CARTESIAN_POINT('',(-58.50186143484,30.111855968696,
    20.247793295073));
#7797 = CARTESIAN_POINT('',(-58.49623780764,30.12447058565,
    20.269713517638));
#7798 = CARTESIAN_POINT('',(-58.44016135723,30.244726668875,
    20.478778418802));
#7799 = CARTESIAN_POINT('',(-58.37193314162,30.349898333137,
    20.662437772499));
#7800 = CARTESIAN_POINT('',(-58.24326870022,30.502387839099,
    20.929620979938));
#7801 = CARTESIAN_POINT('',(-58.19581579303,30.552485825238,
    21.01756430609));
#7802 = CARTESIAN_POINT('',(-58.00426301796,30.733964106068,
    21.336725961695));
#7803 = CARTESIAN_POINT('',(-57.8331750288,30.858325168915,
    21.556619393073));
#7804 = CARTESIAN_POINT('',(-57.6113148473,30.984247339999,21.7812253268
    ));
#7805 = CARTESIAN_POINT('',(-57.58792470464,30.997160855659,
    21.804282886824));
#7806 = CARTESIAN_POINT('',(-57.4891888051,31.050169629798,
    21.899053942555));
#7807 = CARTESIAN_POINT('',(-57.41057943462,31.088837389897,
    21.96846661906));
#7808 = CARTESIAN_POINT('',(-57.22163498175,31.173876271658,
    22.121909919359));
#7809 = CARTESIAN_POINT('',(-57.10891507362,31.219024005707,
    22.20398042353));
#7810 = CARTESIAN_POINT('',(-56.92433866706,31.284411257302,
    22.324116295438));
#7811 = CARTESIAN_POINT('',(-56.85612818217,31.306920500694,
    22.365747175862));
#7812 = CARTESIAN_POINT('',(-56.60721305954,31.383167105933,
    22.507985712896));
#7813 = CARTESIAN_POINT('',(-56.41746687302,31.430674365034,
    22.598889953509));
#7814 = CARTESIAN_POINT('',(-56.07628919424,31.497341955164,
    22.733173794608));
#7815 = CARTESIAN_POINT('',(-55.92901916388,31.520667625986,
    22.782821301908));
#7816 = CARTESIAN_POINT('',(-55.69805560386,31.549023620032,
    22.847788430271));
#7817 = CARTESIAN_POINT('',(-55.61606777232,31.55751651273,
    22.86842847038));
#7818 = CARTESIAN_POINT('',(-55.4533687157,31.571646837794,
    22.904169011644));
#7819 = CARTESIAN_POINT('',(-55.37265630285,31.577274515761,
    22.91934577303));
#7820 = CARTESIAN_POINT('',(-55.13237016045,31.59070139423,
    22.956269222083));
#7821 = CARTESIAN_POINT('',(-54.97327685793,31.594914411342,
    22.968640061377));
#7822 = CARTESIAN_POINT('',(-54.77109681673,31.596841034688,
    22.974966159752));
#7823 = CARTESIAN_POINT('',(-54.72418724219,31.597077052316,
    22.975781049054));
#7824 = CARTESIAN_POINT('',(-54.67795924186,31.597128844075,
    22.976184710208));
#7825 = CARTESIAN_POINT('',(-58.41816111796,29.731217232065,
    19.495978816804));
#7826 = CARTESIAN_POINT('',(-58.41797989174,29.767459598239,
    19.558752436403));
#7827 = CARTESIAN_POINT('',(-58.41630788478,29.804113295706,
    19.622238502703));
#7828 = CARTESIAN_POINT('',(-58.40753182133,29.885843616902,
    19.763799571532));
#7829 = CARTESIAN_POINT('',(-58.39932047097,29.930871555406,
    19.841790248781));
#7830 = CARTESIAN_POINT('',(-58.37498373782,30.024377747329,
    20.003747724014));
#7831 = CARTESIAN_POINT('',(-58.35828896588,30.072864380996,
    20.087729037014));
#7832 = CARTESIAN_POINT('',(-58.33253998308,30.13297074294,
    20.191836309759));
#7833 = CARTESIAN_POINT('',(-58.32712424663,30.145015947602,
    20.212699216219));
#7834 = CARTESIAN_POINT('',(-58.27305995974,30.259857618123,
    20.411610824389));
#7835 = CARTESIAN_POINT('',(-58.20683038556,30.360559481646,
    20.586031568428));
#7836 = CARTESIAN_POINT('',(-58.08197150101,30.506622217982,
    20.839019648854));
#7837 = CARTESIAN_POINT('',(-58.03592281175,30.554624826004,
    20.922162604844));
#7838 = CARTESIAN_POINT('',(-57.85017752483,30.728498575435,
    21.223320772961));
#7839 = CARTESIAN_POINT('',(-57.68451635238,30.847624395033,
    21.429652744998));
#7840 = CARTESIAN_POINT('',(-57.47049288338,30.968182648264,
    21.638465764866));
#7841 = CARTESIAN_POINT('',(-57.44793785047,30.980543923485,
    21.659876121595));
#7842 = CARTESIAN_POINT('',(-57.3527639148,31.031287007634,
    21.747765721473));
#7843 = CARTESIAN_POINT('',(-57.27707920642,31.068296718115,
    21.8118684204));
#7844 = CARTESIAN_POINT('',(-57.09543975092,31.149690828473,
    21.952847154978));
#7845 = CARTESIAN_POINT('',(-56.98726546785,31.192906055255,
    22.027698123424));
#7846 = CARTESIAN_POINT('',(-56.81057921854,31.255542341952,
    22.13618735438));
#7847 = CARTESIAN_POINT('',(-56.74535871748,31.277118024542,
    22.173557532835));
#7848 = CARTESIAN_POINT('',(-56.50779106187,31.350265200223,
    22.300252157544));
#7849 = CARTESIAN_POINT('',(-56.3273677401,31.395960546527,
    22.379398819013));
#7850 = CARTESIAN_POINT('',(-56.00493285125,31.460888665771,
    22.491857620384));
#7851 = CARTESIAN_POINT('',(-55.86641306325,31.483934712329,
    22.531774543936));
#7852 = CARTESIAN_POINT('',(-55.64922596608,31.512803966594,
    22.581777559098));
#7853 = CARTESIAN_POINT('',(-55.57211485572,31.521676089469,
    22.59714452669));
#7854 = CARTESIAN_POINT('',(-55.4187157237,31.536747180059,
    22.623248421317));
#7855 = CARTESIAN_POINT('',(-55.34235133494,31.542961367681,
    22.634011710006));
#7856 = CARTESIAN_POINT('',(-55.114705404,31.557962437583,
    22.659994325245));
#7857 = CARTESIAN_POINT('',(-54.96325694746,31.562919018286,
    22.668579374853));
#7858 = CARTESIAN_POINT('',(-54.76811197605,31.565313705857,
    22.672727095395));
#7859 = CARTESIAN_POINT('',(-54.72269956944,31.565611534832,
    22.673242950312));
#7860 = CARTESIAN_POINT('',(-54.67754538045,31.565720032489,
    22.673430873765));
#7861 = CARTESIAN_POINT('',(-58.2440448014,29.731115807439,
    19.495803144198));
#7862 = CARTESIAN_POINT('',(-58.24396305245,29.766200545621,
    19.556571693301));
#7863 = CARTESIAN_POINT('',(-58.24243119833,29.801288451498,
    19.61734572901));
#7864 = CARTESIAN_POINT('',(-58.23426772255,29.879188138889,
    19.752271945466));
#7865 = CARTESIAN_POINT('',(-58.22660641591,29.921968801612,
    19.826370226883));
#7866 = CARTESIAN_POINT('',(-58.20362736005,30.010843119587,
    19.980305061104));
#7867 = CARTESIAN_POINT('',(-58.18773021683,30.056895953663,
    20.060070909556));
#7868 = CARTESIAN_POINT('',(-58.16301013428,30.113998553591,
    20.158975513874));
#7869 = CARTESIAN_POINT('',(-58.15780369784,30.125439354588,
    20.178791562481));
#7870 = CARTESIAN_POINT('',(-58.10573894147,30.234532769286,
    20.367746899509));
#7871 = CARTESIAN_POINT('',(-58.04151115724,30.330103255182,
    20.533279836785));
#7872 = CARTESIAN_POINT('',(-57.92045452553,30.468398118337,
    20.772813566195));
#7873 = CARTESIAN_POINT('',(-57.87580525047,30.513793944976,
    20.851441444386));
#7874 = CARTESIAN_POINT('',(-57.69585552639,30.677951010034,
    21.135769821488));
#7875 = CARTESIAN_POINT('',(-57.53560841904,30.789880274519,
    21.32963699443));
#7876 = CARTESIAN_POINT('',(-57.32941102876,30.902227430243,
    21.52422797623));
#7877 = CARTESIAN_POINT('',(-57.30768919191,30.913734747849,
    21.544159234981));
#7878 = CARTESIAN_POINT('',(-57.21607127532,30.960918609025,
    21.625884079837));
#7879 = CARTESIAN_POINT('',(-57.14330682215,30.995203173436,
    21.685266687311));
#7880 = CARTESIAN_POINT('',(-56.96896022651,31.070260389053,
    21.815269598234));
#7881 = CARTESIAN_POINT('',(-56.86532986097,31.109845585194,
    21.883833169178));
#7882 = CARTESIAN_POINT('',(-56.69651798923,31.166717285429,
    21.982337843498));
#7883 = CARTESIAN_POINT('',(-56.63429511106,31.186196176663,
    22.016076272791));
#7884 = CARTESIAN_POINT('',(-56.40803659941,31.251791921044,
    22.129691434818));
#7885 = CARTESIAN_POINT('',(-56.23697116216,31.291879313367,
    22.199124835065));
#7886 = CARTESIAN_POINT('',(-55.933252793,31.346798254412,
    22.294247231253));
#7887 = CARTESIAN_POINT('',(-55.80346850075,31.365505810451,
    22.326649668798));
#7888 = CARTESIAN_POINT('',(-55.60014530718,31.387864920992,
    22.365376784266));
#7889 = CARTESIAN_POINT('',(-55.52792650998,31.394512765602,
    22.376891188892));
#7890 = CARTESIAN_POINT('',(-55.38380653936,31.405529700397,
    22.395973079701));
#7891 = CARTESIAN_POINT('',(-55.31192063737,31.409939728552,
    22.403611472528));
#7892 = CARTESIAN_POINT('',(-55.09672572495,31.420441747455,
    22.42180150285));
#7893 = CARTESIAN_POINT('',(-54.95295774755,31.423881978318,
    22.427760157495));
#7894 = CARTESIAN_POINT('',(-54.76516057226,31.425445762242,
    22.430468710702));
#7895 = CARTESIAN_POINT('',(-54.72114395488,31.4256125992,
    22.430757680791));
#7896 = CARTESIAN_POINT('',(-54.67712816463,31.425645374729,
    22.430814449672));
#7897 = ADVANCED_FACE('',(#7898),#7943,.F.);
#7898 = FACE_BOUND('',#7899,.F.);
#7899 = EDGE_LOOP('',(#7900,#7901,#7922));
#7900 = ORIENTED_EDGE('',*,*,#7678,.F.);
#7901 = ORIENTED_EDGE('',*,*,#7902,.F.);
#7902 = EDGE_CURVE('',#7903,#7679,#7905,.T.);
#7903 = VERTEX_POINT('',#7904);
#7904 = CARTESIAN_POINT('',(-58.16884809037,30.488520815966,
    19.911587442785));
#7905 = B_SPLINE_CURVE_WITH_KNOTS('',8,(#7906,#7907,#7908,#7909,#7910,
    #7911,#7912,#7913,#7914,#7915,#7916,#7917,#7918,#7919,#7920,#7921),
  .UNSPECIFIED.,.F.,.F.,(9,7,9),(0.,0.171625788687,1.),.UNSPECIFIED.);
#7906 = CARTESIAN_POINT('',(-58.18477055935,30.524831278478,
    19.799835330085));
#7907 = CARTESIAN_POINT('',(-58.18269816141,30.519792479309,
    19.815343159336));
#7908 = CARTESIAN_POINT('',(-58.18058293956,30.514754774549,
    19.83084762034));
#7909 = CARTESIAN_POINT('',(-58.17842479037,30.509718190712,
    19.846348631499));
#7910 = CARTESIAN_POINT('',(-58.176223628,30.504682755009,
    19.861846109063));
#7911 = CARTESIAN_POINT('',(-58.17397938423,30.499648495355,
    19.877339967124));
#7912 = CARTESIAN_POINT('',(-58.17169200842,30.494615440362,
    19.892830117618));
#7913 = CARTESIAN_POINT('',(-58.16936146755,30.489583619344,
    19.908316470327));
#7914 = CARTESIAN_POINT('',(-58.15553067097,30.460272423941,
    19.998527053874));
#7915 = CARTESIAN_POINT('',(-58.14307127532,30.436021110799,
    20.073164921085));
#7916 = CARTESIAN_POINT('',(-58.1296076433,30.411802254231,
    20.147702897234));
#7917 = CARTESIAN_POINT('',(-58.11512292578,30.387619232563,
    20.222130584901));
#7918 = CARTESIAN_POINT('',(-58.09962560615,30.363475262362,
    20.29643808451));
#7919 = CARTESIAN_POINT('',(-58.0830935227,30.33937409756,
    20.370613842648));
#7920 = CARTESIAN_POINT('',(-58.06552332075,30.315319506563,
    20.444646261352));
#7921 = CARTESIAN_POINT('',(-58.0469001725,30.291315454745,
    20.518523136458));
#7922 = ORIENTED_EDGE('',*,*,#7923,.T.);
#7923 = EDGE_CURVE('',#7903,#7681,#7924,.T.);
#7924 = B_SPLINE_CURVE_WITH_KNOTS('',5,(#7925,#7926,#7927,#7928,#7929,
    #7930,#7931,#7932,#7933,#7934,#7935,#7936,#7937,#7938,#7939,#7940,
    #7941,#7942),.UNSPECIFIED.,.F.,.F.,(6,4,4,4,6),(0.,0.541451078482,
    0.76354802673,0.966908383977,1.),.UNSPECIFIED.);
#7925 = CARTESIAN_POINT('',(-58.11462752901,31.94146269996,
    19.322809149775));
#7926 = CARTESIAN_POINT('',(-58.12220924642,31.740185239285,
    19.408410321464));
#7927 = CARTESIAN_POINT('',(-58.12978875441,31.538453466803,
    19.493098063244));
#7928 = CARTESIAN_POINT('',(-58.13736566163,31.336202012474,
    19.576736736865));
#7929 = CARTESIAN_POINT('',(-58.14493934213,31.133352342557,
    19.659154468704));
#7930 = CARTESIAN_POINT('',(-58.15561349658,30.846250943209,
    19.77321583842));
#7931 = CARTESIAN_POINT('',(-58.15871760144,30.762615797781,
    19.80613538339));
#7932 = CARTESIAN_POINT('',(-58.16182088874,30.678846491838,
    19.83877573188));
#7933 = CARTESIAN_POINT('',(-58.16492324807,30.594930660903,
    19.871109144075));
#7934 = CARTESIAN_POINT('',(-58.17086419529,30.433868659972,
    19.932394514132));
#7935 = CARTESIAN_POINT('',(-58.17370294755,30.356747714023,
    19.96139957474));
#7936 = CARTESIAN_POINT('',(-58.17654068964,30.279478976677,
    19.990090798287));
#7937 = CARTESIAN_POINT('',(-58.17937726907,30.202047462185,
    20.01843349534));
#7938 = CARTESIAN_POINT('',(-58.18267384335,30.111805080244,
    20.050932176786));
#7939 = CARTESIAN_POINT('',(-58.18313516504,30.099170790588,
    20.055469994377));
#7940 = CARTESIAN_POINT('',(-58.18359644967,30.086531612096,
    20.059997222433));
#7941 = CARTESIAN_POINT('',(-58.18405769631,30.073887458432,
    20.064513656848));
#7942 = CARTESIAN_POINT('',(-58.18451890394,30.06123823943,
    20.069019083747));
#7943 = SURFACE_OF_LINEAR_EXTRUSION('',#7944,#7981);
#7944 = B_SPLINE_CURVE_WITH_KNOTS('',3,(#7945,#7946,#7947,#7948,#7949,
    #7950,#7951,#7952,#7953,#7954,#7955,#7956,#7957,#7958,#7959,#7960,
    #7961,#7962,#7963,#7964,#7965,#7966,#7967,#7968,#7969,#7970,#7971,
    #7972,#7973,#7974,#7975,#7976,#7977,#7978,#7979,#7980),
  .UNSPECIFIED.,.F.,.F.,(4,2,2,2,2,2,2,2,2,2,2,2,2,2,2,2,2,4),(
    -0.551728187131,-0.538720733868,-0.495577005131,-0.473857144609,
    -0.451838781521,-0.41140277539,-0.354950381868,-0.33293927661,
    -0.293883585193,-0.263918853435,-0.254425737769,-0.172429431362,
    -0.142106493039,-8.185252670289E-02,-7.481295070549E-02,
    -4.679756803902E-02,-2.104491834344E-02,-2.35E-15),.UNSPECIFIED.);
#7945 = CARTESIAN_POINT('',(-54.67910114751,31.425643815579,
    22.430811749146));
#7946 = CARTESIAN_POINT('',(-54.72245929936,31.425607569055,
    22.430748968324));
#7947 = CARTESIAN_POINT('',(-54.7658181249,31.425440286812,
    22.43045922698));
#7948 = CARTESIAN_POINT('',(-54.95295774755,31.423881978318,
    22.427760157495));
#7949 = CARTESIAN_POINT('',(-55.09672572495,31.420441747455,
    22.42180150285));
#7950 = CARTESIAN_POINT('',(-55.31192063737,31.409939728552,
    22.403611472528));
#7951 = CARTESIAN_POINT('',(-55.38380653936,31.405529700397,
    22.395973079701));
#7952 = CARTESIAN_POINT('',(-55.52792650998,31.394512765602,
    22.376891188892));
#7953 = CARTESIAN_POINT('',(-55.60014530718,31.387864920992,
    22.365376784266));
#7954 = CARTESIAN_POINT('',(-55.80346850075,31.365505810451,
    22.326649668798));
#7955 = CARTESIAN_POINT('',(-55.933252793,31.346798254412,
    22.294247231253));
#7956 = CARTESIAN_POINT('',(-56.23697116216,31.291879313367,
    22.199124835065));
#7957 = CARTESIAN_POINT('',(-56.40803659941,31.251791921044,
    22.129691434818));
#7958 = CARTESIAN_POINT('',(-56.63429511106,31.186196176663,
    22.016076272791));
#7959 = CARTESIAN_POINT('',(-56.69651798923,31.166717285429,
    21.982337843498));
#7960 = CARTESIAN_POINT('',(-56.86532986097,31.109845585194,
    21.883833169178));
#7961 = CARTESIAN_POINT('',(-56.96896022651,31.070260389053,
    21.815269598234));
#7962 = CARTESIAN_POINT('',(-57.14330682215,30.995203173436,
    21.685266687311));
#7963 = CARTESIAN_POINT('',(-57.21607127532,30.960918609025,
    21.625884079837));
#7964 = CARTESIAN_POINT('',(-57.30768919191,30.913734747849,
    21.544159234981));
#7965 = CARTESIAN_POINT('',(-57.32941102876,30.902227430243,
    21.52422797623));
#7966 = CARTESIAN_POINT('',(-57.53560841904,30.789880274519,
    21.32963699443));
#7967 = CARTESIAN_POINT('',(-57.69585552639,30.677951010034,
    21.135769821488));
#7968 = CARTESIAN_POINT('',(-57.87580525047,30.513793944976,
    20.851441444386));
#7969 = CARTESIAN_POINT('',(-57.92045452553,30.468398118337,
    20.772813566195));
#7970 = CARTESIAN_POINT('',(-58.04151115724,30.330103255182,
    20.533279836785));
#7971 = CARTESIAN_POINT('',(-58.10573894147,30.234532769286,
    20.367746899509));
#7972 = CARTESIAN_POINT('',(-58.15780369784,30.125439354588,
    20.178791562481));
#7973 = CARTESIAN_POINT('',(-58.16301013428,30.113998553591,
    20.158975513874));
#7974 = CARTESIAN_POINT('',(-58.18773021683,30.056895953663,
    20.060070909556));
#7975 = CARTESIAN_POINT('',(-58.20362736005,30.010843119587,
    19.980305061104));
#7976 = CARTESIAN_POINT('',(-58.22660641591,29.921968801612,
    19.826370226883));
#7977 = CARTESIAN_POINT('',(-58.23426772255,29.879188138889,
    19.752271945466));
#7978 = CARTESIAN_POINT('',(-58.24243016224,29.801298338308,
    19.617362853468));
#7979 = CARTESIAN_POINT('',(-58.24396218776,29.766220347958,
    19.556605991954));
#7980 = CARTESIAN_POINT('',(-58.24404473185,29.731145508269,
    19.495854587545));
#7981 = VECTOR('',#7982,1.);
#7982 = DIRECTION('',(-9.697E-14,-0.866025403784,0.5));
#7983 = ADVANCED_FACE('',(#7984),#7994,.F.);
#7984 = FACE_BOUND('',#7985,.F.);
#7985 = EDGE_LOOP('',(#7986,#7992,#7993));
#7986 = ORIENTED_EDGE('',*,*,#7987,.F.);
#7987 = EDGE_CURVE('',#7903,#7722,#7988,.T.);
#7988 = LINE('',#7989,#7990);
#7989 = CARTESIAN_POINT('',(-57.69374847659,36.145828226175,
    2.500185561648));
#7990 = VECTOR('',#7991,1.);
#7991 = DIRECTION('',(-2.594245496226E-02,-0.30891299096,0.950736426696)
  );
#7992 = ORIENTED_EDGE('',*,*,#7902,.T.);
#7993 = ORIENTED_EDGE('',*,*,#7721,.T.);
#7994 = PLANE('',#7995);
#7995 = AXIS2_PLACEMENT_3D('',#7996,#7997,#7998);
#7996 = CARTESIAN_POINT('',(2.634245917415,33.77459718341,9.798084304805
    ));
#7997 = DIRECTION('',(9.89E-15,-0.951056516295,-0.309016994375));
#7998 = DIRECTION('',(0.,0.309016994375,-0.951056516295));
#7999 = ADVANCED_FACE('',(#8000),#8005,.F.);
#8000 = FACE_BOUND('',#8001,.F.);
#8001 = EDGE_LOOP('',(#8002,#8003,#8004));
#8002 = ORIENTED_EDGE('',*,*,#7923,.F.);
#8003 = ORIENTED_EDGE('',*,*,#7987,.T.);
#8004 = ORIENTED_EDGE('',*,*,#7736,.F.);
#8005 = PLANE('',#8006);
#8006 = AXIS2_PLACEMENT_3D('',#8007,#8008,#8009);
#8007 = CARTESIAN_POINT('',(-57.96278066646,19.967379585077,
    -10.11356161192));
#8008 = DIRECTION('',(0.999390827019,-3.022385072373E-02,
    1.744974835129E-02));
#8009 = DIRECTION('',(3.022845326117E-02,0.999543015889,
    -1.698944804285E-16));
#8010 = ( GEOMETRIC_REPRESENTATION_CONTEXT(3) 
GLOBAL_UNCERTAINTY_ASSIGNED_CONTEXT((#8014)) 
GLOBAL_UNIT_ASSIGNED_CONTEXT((#8011,#8012,#8013)) REPRESENTATION_CONTEXT
('Context #1','3D Context with UNIT and UNCERTAINTY') );
#8011 = ( LENGTH_UNIT() NAMED_UNIT(*) SI_UNIT(.MILLI.,.METRE.) );
#8012 = ( NAMED_UNIT(*) PLANE_ANGLE_UNIT() SI_UNIT($,.RADIAN.) );
#8013 = ( NAMED_UNIT(*) SI_UNIT($,.STERADIAN.) SOLID_ANGLE_UNIT() );
#8014 = UNCERTAINTY_MEASURE_WITH_UNIT(LENGTH_MEASURE(2.E-03),#8011,
  'distance_accuracy_value','confusion accuracy');
#8015 = PRODUCT_RELATED_PRODUCT_CATEGORY('part',$,(#7));
ENDSEC;
END-ISO-10303-21;
